season,team_id,team_slug,player_id,player,position,num,how_acquired,salary,movement_date
2009-10,1610612756,PHX,255,Grant Hill,F,33,NA,3000000,NA
2010-11,1610612756,PHX,255,Grant Hill,F,33,NA,3324000,NA
2011-12,1610612756,PHX,255,Grant Hill,F,33,NA,6500000,NA
2012-13,1610612746,LAC,255,Grant Hill,F,33,NA,1957000,NA
2009-10,1610612739,CLE,406,Shaquille O'Neal,C,33,NA,20000000,NA
2010-11,1610612738,BOS,406,Shaquille O'Neal,C,36,NA,1352181,NA
2009-10,1610612757,POR,436,Juwan Howard,C-F,6,NA,1306455,NA
2010-11,1610612748,MIA,436,Juwan Howard,F,5,NA,1352181,NA
2011-12,1610612748,MIA,436,Juwan Howard,F,5,NA,1352181,NA
2012-13,1610612748,MIA,436,Juwan Howard,F,5,NA,373838,NA
2009-10,1610612742,DAL,467,Jason Kidd,G,2,NA,8000000,NA
2010-11,1610612742,DAL,467,Jason Kidd,G,2,NA,8610500,NA
2011-12,1610612742,DAL,467,Jason Kidd,G,2,NA,10121000,NA
2012-13,1610612752,NYK,467,Jason Kidd,G,5,NA,3090000,NA
2009-10,1610612759,SAS,686,Antonio McDyess,C-F,34,NA,7500000,NA
2010-11,1610612759,SAS,686,Antonio McDyess,F-C,34,NA,4860000,NA
2009-10,1610612766,CHA,689,Theo Ratliff,C,42,NA,1306455,NA
2010-11,1610612747,LAL,689,Theo Ratliff,C,50,NA,1352181,NA
2009-10,1610612737,ATL,693,Joe Smith,F-C,32,NA,1306455,NA
2010-11,1610612747,LAL,693,Joe Smith,F-C,1,NA,1352181,NA
2009-10,1610612749,MIL,703,Kurt Thomas,F,40,NA,3800000,NA
2010-11,1610612741,CHI,703,Kurt Thomas,C,40,NA,1352181,NA
2011-12,1610612757,POR,703,Kurt Thomas,C-F,40,NA,1352181,NA
2009-10,1610612738,BOS,708,Kevin Garnett,F,5,NA,16400000,NA
2010-11,1610612738,BOS,708,Kevin Garnett,F,5,NA,18800000,NA
2011-12,1610612738,BOS,708,Kevin Garnett,C-F,5,NA,21247044,NA
2012-13,1610612738,BOS,708,Kevin Garnett,C-F,5,NA,12467532,NA
2013-14,1610612751,BKN,708,Kevin Garnett,C-F,2,NA,11532468,NA
2014-15,1610612750,MIN,708,Kevin Garnett,F-C,21,NA,12000000,NA
2015-16,1610612750,MIN,708,Kevin Garnett,F,21,NA,8500000,NA
2009-10,1610612749,MIL,711,Jerry Stackhouse,F-G,24,NA,2668598,NA
2011-12,1610612737,ATL,711,Jerry Stackhouse,F,42,NA,1352181,NA
2012-13,1610612751,BKN,711,Jerry Stackhouse,F,42,NA,1352181,NA
2009-10,1610612738,BOS,714,Michael Finley,G-F,40,NA,2500000,NA
2009-10,1610612738,BOS,739,Rasheed Wallace,F-C,30,NA,5854000,NA
2009-10,1610612755,PHI,947,Allen Iverson,G,3,NA,1191180,NA
2009-10,1610612757,POR,948,Marcus Camby,F,21,NA,7650000,NA
2010-11,1610612757,POR,948,Marcus Camby,C,23,NA,11749832,NA
2011-12,1610612745,HOU,948,Marcus Camby,C,29,NA,11227250,NA
2012-13,1610612752,NYK,948,Marcus Camby,C-F,23,NA,4590338,NA
2009-10,1610612738,BOS,951,Ray Allen,G,20,NA,18776860,NA
2010-11,1610612738,BOS,951,Ray Allen,G,20,NA,10000000,NA
2011-12,1610612738,BOS,951,Ray Allen,G,20,NA,10000000,NA
2012-13,1610612748,MIA,951,Ray Allen,G,34,NA,3090000,NA
2013-14,1610612748,MIA,951,Ray Allen,G,34,NA,3229050,NA
2009-10,1610612742,DAL,956,Erick Dampier,C,25,NA,12115500,NA
2010-11,1610612748,MIA,956,Erick Dampier,C,25,NA,1129469,NA
2011-12,1610612737,ATL,956,Erick Dampier,C,25,NA,850522,NA
2009-10,1610612756,PHX,959,Steve Nash,G,13,NA,13125000,NA
2010-11,1610612756,PHX,959,Steve Nash,G,13,NA,10310938,NA
2011-12,1610612756,PHX,959,Steve Nash,G,13,NA,11689062,NA
2012-13,1610612747,LAL,959,Steve Nash,G,10,NA,8900000,NA
2013-14,1610612747,LAL,959,Steve Nash,G,10,NA,9300500,NA
2009-10,1610612747,LAL,965,Derek Fisher,G,2,NA,5048000,NA
2010-11,1610612747,LAL,965,Derek Fisher,G,2,NA,3700000,NA
2012-13,1610612760,OKC,965,Derek Fisher,G,6,NA,1519214,NA
2013-14,1610612760,OKC,965,Derek Fisher,G,6,NA,1399507,NA
2009-10,1610612747,LAL,977,Kobe Bryant,G,24,NA,23034375,NA
2010-11,1610612747,LAL,977,Kobe Bryant,G,24,NA,24806250,NA
2011-12,1610612747,LAL,977,Kobe Bryant,G,24,NA,25244493,NA
2012-13,1610612747,LAL,977,Kobe Bryant,G,24,NA,27849000,NA
2013-14,1610612747,LAL,977,Kobe Bryant,G,24,NA,30453000,NA
2014-15,1610612747,LAL,977,Kobe Bryant,G,24,NA,23500000,NA
2015-16,1610612747,LAL,977,Kobe Bryant,F-G,24,NA,25000000,NA
2009-10,1610612740,NOP,978,Peja Stojakovic,F,16,NA,NA,NA
2010-11,1610612742,DAL,978,Peja Stojakovic,F,16,NA,NA,NA
2009-10,1610612748,MIA,979,Jermaine O'Neal,C,7,NA,23016000,NA
2010-11,1610612738,BOS,979,Jermaine O'Neal,C-F,7,NA,5765000,NA
2012-13,1610612756,PHX,979,Jermaine O'Neal,C,20,NA,1352181,NA
2013-14,1610612744,GSW,979,Jermaine O'Neal,C-F,7,NA,2000000,NA
2009-10,1610612739,CLE,980,Zydrunas Ilgauskas,C,11,NA,11541074,NA
2010-11,1610612748,MIA,980,Zydrunas Ilgauskas,C,11,NA,1352181,NA
2009-10,1610612765,DET,1088,Chucky Atkins,G,17,NA,2066455,NA
2009-10,1610612765,DET,1112,Ben Wallace,C,6,NA,1306445,NA
2010-11,1610612765,DET,1112,Ben Wallace,C,6,NA,2080000,NA
2011-12,1610612765,DET,1112,Ben Wallace,F-C,6,NA,2246400,NA
2009-10,1610612759,SAS,1495,Tim Duncan,F,21,NA,22183220,NA
2010-11,1610612759,SAS,1495,Tim Duncan,F,21,NA,18700000,NA
2011-12,1610612759,SAS,1495,Tim Duncan,F,21,NA,21164619,NA
2012-13,1610612759,SAS,1495,Tim Duncan,F,21,NA,9638554,NA
2013-14,1610612759,SAS,1495,Tim Duncan,F,21,NA,10361446,NA
2014-15,1610612759,SAS,1495,Tim Duncan,F,21,NA,10361446,NA
2015-16,1610612759,SAS,1495,Tim Duncan,C-F,21,NA,5250000,NA
2009-10,1610612743,DEN,1497,Chauncey Billups,G,1,NA,12100000,NA
2010-11,1610612752,NYK,1497,Chauncey Billups,G,4,NA,13150000,NA
2011-12,1610612746,LAC,1497,Chauncey Billups,G,1,NA,14200000,NA
2012-13,1610612746,LAC,1497,Chauncey Billups,G,1,NA,3000000,NA
2013-14,1610612765,DET,1497,Chauncey Billups,G,1,NA,2500000,NA
2010-11,1610612755,PHI,1498,Antonio Daniels,G,22,NA,NA,NA
2009-10,1610612751,BKN,1499,Tony Battie,C,7,NA,6292000,NA
2010-11,1610612755,PHI,1499,Tony Battie,C-F,4,NA,1352181,NA
2011-12,1610612755,PHI,1499,Tony Battie,C,4,NA,1352181,NA
2009-10,1610612742,DAL,1501,Tim Thomas,F,7,NA,7773055,NA
2009-10,1610612753,ORL,1502,Adonal Foyle,C,31,NA,1306455,NA
2009-10,1610612752,NYK,1503,Tracy McGrady,G-F,3,NA,23239562,NA
2010-11,1610612765,DET,1503,Tracy McGrady,G,1,NA,1352181,NA
2011-12,1610612737,ATL,1503,Tracy McGrady,F,1,NA,1352181,NA
2012-13,1610612759,SAS,1503,Tracy McGrady,G-F,1,NA,79540,NA
2009-10,1610612739,CLE,1515,Anthony Parker,G,18,NA,2644230,NA
2010-11,1610612739,CLE,1515,Anthony Parker,G-F,18,NA,2855700,NA
2011-12,1610612739,CLE,1515,Anthony Parker,G,18,NA,2250000,NA
2009-10,1610612753,ORL,1533,Anthony Johnson,G,8,NA,2160000,NA
2009-10,1610612766,CHA,1536,Stephen Jackson,G-F,1,NA,7650000,NA
2010-11,1610612766,CHA,1536,Stephen Jackson,G,1,NA,8453250,NA
2011-12,1610612759,SAS,1536,Stephen Jackson,F-G,3,NA,9256500,NA
2009-10,1610612760,OKC,1563,Kevin Ollie,G,7,NA,1306455,NA
2011-12,1610612744,GSW,1630,Mikki Moore,F-C,31,NA,NA,NA
2009-10,1610612737,ATL,1710,Mike Bibby,G,10,NA,6217617,NA
2010-11,1610612748,MIA,1710,Mike Bibby,G,0,NA,5564767,NA
2011-12,1610612752,NYK,1710,Mike Bibby,G,20,NA,1352181,NA
2009-10,1610612739,CLE,1712,Antawn Jamison,F,4,NA,11641095,NA
2010-11,1610612739,CLE,1712,Antawn Jamison,F,4,NA,13358905,NA
2011-12,1610612739,CLE,1712,Antawn Jamison,F,4,NA,15076715,NA
2012-13,1610612747,LAL,1712,Antawn Jamison,F,4,NA,1352181,NA
2009-10,1610612753,ORL,1713,Vince Carter,G-F,15,NA,16300000,NA
2010-11,1610612756,PHX,1713,Vince Carter,G,25,NA,17300000,NA
2011-12,1610612742,DAL,1713,Vince Carter,G-F,25,NA,21300000,NA
2012-13,1610612742,DAL,1713,Vince Carter,G-F,25,NA,3120000,NA
2013-14,1610612742,DAL,1713,Vince Carter,G-F,25,NA,3180000,NA
2014-15,1610612763,MEM,1713,Vince Carter,G-F,15,NA,3911981,NA
2015-16,1610612763,MEM,1713,Vince Carter,G-F,15,NA,4088019,NA
2016-17,1610612763,MEM,1713,Vince Carter,G-F,15,NA,4264057,NA
2017-18,1610612758,SAC,1713,Vince Carter,G-F,15,NA,8000000,NA
2018-19,1610612737,ATL,1713,Vince Carter,F-G,15,NA,2393887,NA
2019-20,1610612737,ATL,1713,Vince Carter,G-F,15,NA,2564753,NA
2009-10,1610612753,ORL,1715,Jason Williams,G,44,NA,1306455,NA
2009-10,1610612766,CHA,1716,Larry Hughes,G,0,NA,13655268,NA
2009-10,1610612742,DAL,1717,Dirk Nowitzki,F,41,NA,19795714,NA
2010-11,1610612742,DAL,1717,Dirk Nowitzki,F,41,NA,17278618,NA
2011-12,1610612742,DAL,1717,Dirk Nowitzki,F,41,NA,19092873,NA
2012-13,1610612742,DAL,1717,Dirk Nowitzki,F,41,NA,20907128,NA
2013-14,1610612742,DAL,1717,Dirk Nowitzki,F,41,NA,22721381,NA
2014-15,1610612742,DAL,1717,Dirk Nowitzki,F,41,NA,7974482,NA
2015-16,1610612742,DAL,1717,Dirk Nowitzki,F,41,NA,8333333,NA
2016-17,1610612742,DAL,1717,Dirk Nowitzki,F,41,NA,25000000,NA
2017-18,1610612742,DAL,1717,Dirk Nowitzki,C-F,41,NA,5000000,NA
2018-19,1610612742,DAL,1717,Dirk Nowitzki,F,41,NA,5000000,NA
2009-10,1610612738,BOS,1718,Paul Pierce,F,34,NA,19795712,NA
2010-11,1610612738,BOS,1718,Paul Pierce,F,34,NA,13876321,NA
2011-12,1610612738,BOS,1718,Paul Pierce,F,34,NA,15333334,NA
2012-13,1610612738,BOS,1718,Paul Pierce,F,34,NA,16790345,NA
2013-14,1610612751,BKN,1718,Paul Pierce,F,34,NA,15333334,NA
2014-15,1610612764,WAS,1718,Paul Pierce,F,34,NA,5305000,NA
2015-16,1610612746,LAC,1718,Paul Pierce,F,34,NA,3376000,NA
2016-17,1610612746,LAC,1718,Paul Pierce,F,34,NA,3527920,NA
2009-10,1610612761,TOR,1725,Rasho Nesterovic,C,12,NA,NA,NA
2009-10,1610612746,LAC,1730,Brian Skinner,F-C,8,NA,1306455,NA
2009-10,1610612752,NYK,1733,Al Harrington,F,7,NA,10026875,NA
2010-11,1610612743,DEN,1733,Al Harrington,F,7,NA,5765000,NA
2011-12,1610612743,DEN,1733,Al Harrington,F,7,NA,6226200,NA
2012-13,1610612753,ORL,1733,Al Harrington,F,3,NA,6687400,NA
2013-14,1610612764,WAS,1733,Al Harrington,F,7,NA,8548107,NA
2009-10,1610612766,CHA,1737,Nazr Mohammed,C,13,NA,6466600,NA
2010-11,1610612760,OKC,1737,Nazr Mohammed,C,8,NA,6883800,NA
2012-13,1610612741,CHI,1737,Nazr Mohammed,C,48,NA,1352181,NA
2013-14,1610612741,CHI,1737,Nazr Mohammed,C,48,NA,1399507,NA
2014-15,1610612741,CHI,1737,Nazr Mohammed,C,48,NA,1448490,NA
2015-16,1610612760,OKC,1737,Nazr Mohammed,C,13,NA,352749,NA
2009-10,1610612753,ORL,1740,Rashard Lewis,F,9,NA,18876000,NA
2010-11,1610612764,WAS,1740,Rashard Lewis,F,9,NA,19573711,NA
2011-12,1610612764,WAS,1740,Rashard Lewis,F,9,NA,21136631,NA
2012-13,1610612748,MIA,1740,Rashard Lewis,F,9,NA,15052181,NA
2013-14,1610612748,MIA,1740,Rashard Lewis,F,9,NA,1399507,NA
2009-10,1610612748,MIA,1747,Rafer Alston,G,11,NA,5053133,NA
2009-10,1610612740,NOP,1752,Sean Marks,F-C,4,NA,1187686,NA
2009-10,1610612741,CHI,1802,Brad Miller,F-C,52,NA,12250000,NA
2010-11,1610612745,HOU,1802,Brad Miller,C,52,NA,4400000,NA
2011-12,1610612750,MIN,1802,Brad Miller,C-F,52,NA,4752000,NA
2009-10,1610612743,DEN,1853,Anthony Carter,G,25,NA,1306455,NA
2010-11,1610612752,NYK,1853,Anthony Carter,G,25,NA,1352181,NA
2009-10,1610612764,WAS,1863,Earl Boykins,G,12,NA,1191180,NA
2010-11,1610612749,MIL,1863,Earl Boykins,G,11,NA,1352181,NA
2011-12,1610612745,HOU,1863,Earl Boykins,G,6,NA,NA,NA
2009-10,1610612755,PHI,1882,Elton Brand,F,42,NA,14858471,NA
2010-11,1610612755,PHI,1882,Elton Brand,F,42,NA,15959099,NA
2011-12,1610612755,PHI,1882,Elton Brand,F,42,NA,17059727,NA
2012-13,1610612742,DAL,1882,Elton Brand,F,42,NA,18160354,NA
2013-14,1610612737,ATL,1882,Elton Brand,F,42,NA,4000000,NA
2014-15,1610612737,ATL,1882,Elton Brand,F-C,7,NA,2000000,NA
2015-16,1610612755,PHI,1882,Elton Brand,F,42,NA,890693,NA
2009-10,1610612746,LAC,1884,Baron Davis,G,1,NA,12150000,NA
2010-11,1610612739,CLE,1884,Baron Davis,G,85,NA,13000000,NA
2011-12,1610612752,NYK,1884,Baron Davis,G,85,NA,15252181,NA
2009-10,1610612747,LAL,1885,Lamar Odom,F,7,NA,7500000,NA
2010-11,1610612747,LAL,1885,Lamar Odom,F,7,NA,8200000,NA
2011-12,1610612742,DAL,1885,Lamar Odom,F,7,NA,8900000,NA
2012-13,1610612746,LAC,1885,Lamar Odom,F,7,NA,8200000,NA
2013-14,1610612752,NYK,1885,Lamar Odom,F,NA,NA,NA,NA
2009-10,1610612752,NYK,1886,Jonathan Bender,F,9,NA,801361,NA
2009-10,1610612765,DET,1888,Richard Hamilton,G,32,NA,11625000,NA
2010-11,1610612765,DET,1888,Richard Hamilton,G,32,NA,12500000,NA
2011-12,1610612741,CHI,1888,Richard Hamilton,G,32,NA,17500000,NA
2012-13,1610612741,CHI,1888,Richard Hamilton,G,32,NA,10500000,NA
2009-10,1610612757,POR,1889,Andre Miller,G,24,NA,6730800,NA
2010-11,1610612757,POR,1889,Andre Miller,G,24,NA,7269264,NA
2011-12,1610612743,DEN,1889,Andre Miller,G,24,NA,7807728,NA
2012-13,1610612743,DEN,1889,Andre Miller,G,24,NA,5000000,NA
2013-14,1610612764,WAS,1889,Andre Miller,G,24,NA,5000000,NA
2014-15,1610612758,SAC,1889,Andre Miller,G,22,NA,4625000,NA
2015-16,1610612759,SAS,1889,Andre Miller,G,24,NA,1490369,NA
2009-10,1610612742,DAL,1890,Shawn Marion,F,0,NA,6635068,NA
2010-11,1610612742,DAL,1890,Shawn Marion,F,0,NA,7305500,NA
2011-12,1610612742,DAL,1890,Shawn Marion,F,0,NA,8022449,NA
2012-13,1610612742,DAL,1890,Shawn Marion,F,0,NA,8646364,NA
2013-14,1610612742,DAL,1890,Shawn Marion,F,0,NA,9316796,NA
2014-15,1610612739,CLE,1890,Shawn Marion,G-F,31,NA,1448490,NA
2009-10,1610612742,DAL,1891,Jason Terry,G,31,NA,9862500,NA
2010-11,1610612742,DAL,1891,Jason Terry,G,31,NA,10650000,NA
2011-12,1610612742,DAL,1891,Jason Terry,G,31,NA,11158000,NA
2012-13,1610612738,BOS,1891,Jason Terry,G,4,NA,5000000,NA
2013-14,1610612758,SAC,1891,Jason Terry,G,31,NA,5225000,NA
2014-15,1610612745,HOU,1891,Jason Terry,G,31,NA,5450000,NA
2015-16,1610612745,HOU,1891,Jason Terry,G,31,NA,1499187,NA
2016-17,1610612749,MIL,1891,Jason Terry,G,3,NA,1551659,NA
2009-10,1610612744,GSW,1894,Corey Maggette,F,50,NA,8937931,NA
2010-11,1610612749,MIL,1894,Corey Maggette,F,5,NA,9600000,NA
2011-12,1610612766,CHA,1894,Corey Maggette,F,50,NA,10262069,NA
2012-13,1610612765,DET,1894,Corey Maggette,F,50,NA,10924138,NA
2009-10,1610612747,LAL,1897,Metta World Peace,F,37,NA,5854000,NA
2010-11,1610612747,LAL,1897,Metta World Peace,F,15,NA,6322320,NA
2011-12,1610612747,LAL,1897,Metta World Peace,F,15,NA,6790640,NA
2012-13,1610612747,LAL,1897,Metta World Peace,F,15,NA,7258960,NA
2015-16,1610612747,LAL,1897,Metta World Peace,F,37,NA,1499187,NA
2016-17,1610612747,LAL,1897,Metta World Peace,F,37,NA,1551659,NA
2009-10,1610612740,NOP,1899,James Posey,F,41,NA,6031800,NA
2010-11,1610612754,IND,1899,James Posey,F,41,NA,7148800,NA
2009-10,1610612754,IND,1902,Jeff Foster,C,10,NA,6077500,NA
2010-11,1610612754,IND,1902,Jeff Foster,F-C,10,NA,6655000,NA
2011-12,1610612754,IND,1902,Jeff Foster,F-C,10,NA,3000000,NA
2009-10,1610612744,GSW,1904,Devean George,F,19,NA,1600000,NA
2009-10,1610612762,UTA,1905,Andrei Kirilenko,F,47,NA,16452000,NA
2010-11,1610612762,UTA,1905,Andrei Kirilenko,F,47,NA,17823000,NA
2012-13,1610612750,MIN,1905,Andrei Kirilenko,F,47,NA,9779349,NA
2013-14,1610612751,BKN,1905,Andrei Kirilenko,F,47,NA,3183000,NA
2009-10,1610612755,PHI,1922,Francisco Elson,C-F,8,NA,1700000,NA
2010-11,1610612762,UTA,1922,Francisco Elson,C-F,16,NA,1146337,NA
2009-10,1610612759,SAS,1938,Manu Ginobili,G,20,NA,10728130,NA
2010-11,1610612759,SAS,1938,Manu Ginobili,G,20,NA,11854584,NA
2011-12,1610612759,SAS,1938,Manu Ginobili,G,20,NA,12981038,NA
2012-13,1610612759,SAS,1938,Manu Ginobili,G,20,NA,14107492,NA
2013-14,1610612759,SAS,1938,Manu Ginobili,G,20,NA,7000000,NA
2014-15,1610612759,SAS,1938,Manu Ginobili,G,20,NA,7000000,NA
2015-16,1610612759,SAS,1938,Manu Ginobili,G,20,NA,2814000,NA
2016-17,1610612759,SAS,1938,Manu Ginobili,G,20,NA,14000000,NA
2017-18,1610612759,SAS,1938,Manu Ginobili,G,20,NA,2500000,NA
2010-11,1610612762,UTA,1952,Raja Bell,G,19,NA,3000000,NA
2011-12,1610612762,UTA,1952,Raja Bell,G,19,NA,3240000,NA
2009-10,1610612743,DEN,2030,Kenyon Martin,F,4,NA,15363636,NA
2010-11,1610612743,DEN,2030,Kenyon Martin,F,4,NA,16545454,NA
2011-12,1610612746,LAC,2030,Kenyon Martin,F,2,NA,2500000,NA
2012-13,1610612752,NYK,2030,Kenyon Martin,F,3,NA,429516,NA
2013-14,1610612752,NYK,2030,Kenyon Martin,F,3,NA,1399507,NA
2009-10,1610612764,WAS,2034,Mike Miller,G-F,6,NA,9750000,NA
2010-11,1610612748,MIA,2034,Mike Miller,F,13,NA,5000000,NA
2011-12,1610612748,MIA,2034,Mike Miller,F,13,NA,5400000,NA
2012-13,1610612748,MIA,2034,Mike Miller,G,13,NA,5800000,NA
2013-14,1610612763,MEM,2034,Mike Miller,F,13,NA,7599507,NA
2014-15,1610612739,CLE,2034,Mike Miller,G-F,18,NA,9332000,NA
2015-16,1610612743,DEN,2034,Mike Miller,G-F,3,NA,4354127,NA
2016-17,1610612743,DEN,2034,Mike Miller,G-F,3,NA,3500000,NA
2009-10,1610612737,ATL,2037,Jamal Crawford,G,11,NA,9360000,NA
2010-11,1610612737,ATL,2037,Jamal Crawford,G,11,NA,10800000,NA
2011-12,1610612757,POR,2037,Jamal Crawford,G,11,NA,5000000,NA
2012-13,1610612746,LAC,2037,Jamal Crawford,G,11,NA,5000000,NA
2013-14,1610612746,LAC,2037,Jamal Crawford,G,11,NA,5225000,NA
2014-15,1610612746,LAC,2037,Jamal Crawford,G,11,NA,5450000,NA
2015-16,1610612746,LAC,2037,Jamal Crawford,G,11,NA,5675000,NA
2016-17,1610612746,LAC,2037,Jamal Crawford,G,11,NA,13253012,NA
2017-18,1610612750,MIN,2037,Jamal Crawford,G,11,NA,15270762,NA
2018-19,1610612756,PHX,2037,Jamal Crawford,G,11,NA,4698113,NA
2019-20,1610612751,BKN,2037,Jamal Crawford,G,1,NA,289803,NA
2009-10,1610612757,POR,2038,Joel Przybilla,C,10,NA,6857725,NA
2010-11,1610612766,CHA,2038,Joel Przybilla,C,10,NA,7405300,NA
2011-12,1610612757,POR,2038,Joel Przybilla,C,10,NA,1145027,NA
2012-13,1610612749,MIL,2038,Joel Przybilla,C,10,NA,1352181,NA
2009-10,1610612751,BKN,2039,Keyon Dooling,G,55,NA,3564000,NA
2010-11,1610612749,MIL,2039,Keyon Dooling,G,55,NA,2000000,NA
2011-12,1610612738,BOS,2039,Keyon Dooling,G,51,NA,2246400,NA
2012-13,1610612763,MEM,2039,Keyon Dooling,G,55,NA,1471491,NA
2009-10,1610612760,OKC,2041,Etan Thomas,C,36,NA,7350000,NA
2010-11,1610612737,ATL,2041,Etan Thomas,C,36,NA,1223166,NA
2009-10,1610612761,TOR,2045,Hedo Turkoglu,F,26,NA,NA,NA
2010-11,1610612753,ORL,2045,Hedo Turkoglu,F,15,NA,NA,NA
2011-12,1610612753,ORL,2045,Hedo Turkoglu,F,15,NA,NA,NA
2012-13,1610612753,ORL,2045,Hedo Turkoglu,F,15,NA,NA,NA
2013-14,1610612746,LAC,2045,Hedo Turkoglu,F,8,NA,NA,NA
2014-15,1610612746,LAC,2045,Hedo Turkoglu,F,15,NA,NA,NA
2009-10,1610612748,MIA,2047,Quentin Richardson,F,5,NA,9352400,NA
2010-11,1610612753,ORL,2047,Quentin Richardson,F,5,NA,2265000,NA
2011-12,1610612753,ORL,2047,Quentin Richardson,F,5,NA,2446600,NA
2012-13,1610612752,NYK,2047,Quentin Richardson,F,55,NA,2706940,NA
2009-10,1610612748,MIA,2048,Jamaal Magloire,C,21,NA,1229225,NA
2010-11,1610612748,MIA,2048,Jamaal Magloire,C,21,NA,1229255,NA
2011-12,1610612761,TOR,2048,Jamaal Magloire,C,21,NA,1352181,NA
2009-10,1610612740,NOP,2050,Morris Peterson,G,24,NA,6212960,NA
2009-10,1610612742,DAL,2052,DeShawn Stevenson,G,92,NA,3886928,NA
2010-11,1610612742,DAL,2052,DeShawn Stevenson,G,92,NA,4151786,NA
2011-12,1610612751,BKN,2052,DeShawn Stevenson,F,92,NA,2500000,NA
2012-13,1610612737,ATL,2052,DeShawn Stevenson,F-G,92,NA,2240450,NA
2009-10,1610612749,MIL,2056,Primoz Brezec,C,9,NA,1107572,NA
2009-10,1610612742,DAL,2059,Eduardo Najera,F,14,NA,3100000,NA
2010-11,1610612766,CHA,2059,Eduardo Najera,F,21,NA,3000000,NA
2011-12,1610612766,CHA,2059,Eduardo Najera,F,21,NA,2750000,NA
2009-10,1610612752,NYK,2067,Eddie House,G,50,NA,2862000,NA
2010-11,1610612748,MIA,2067,Eddie House,G,55,NA,1352181,NA
2009-10,1610612749,MIL,2072,Michael Redd,G,22,NA,17040000,NA
2010-11,1610612749,MIL,2072,Michael Redd,G,22,NA,18300000,NA
2011-12,1610612756,PHX,2072,Michael Redd,G,22,NA,1308506,NA
2009-10,1610612750,MIN,2073,Brian Cardinal,F,14,NA,6750000,NA
2010-11,1610612742,DAL,2073,Brian Cardinal,F,35,NA,1352181,NA
2011-12,1610612742,DAL,2073,Brian Cardinal,F,35,NA,1352181,NA
2009-10,1610612743,DEN,2124,Malik Allen,F,30,NA,1300000,NA
2010-11,1610612753,ORL,2124,Malik Allen,F,35,NA,1229255,NA
2009-10,1610612758,SAC,2137,Ime Udoka,G-F,3,NA,838034,NA
2009-10,1610612765,DET,2198,Kwame Brown,C,38,NA,4100000,NA
2010-11,1610612766,CHA,2198,Kwame Brown,C,54,NA,1229255,NA
2011-12,1610612749,MIL,2198,Kwame Brown,C,54,NA,6750000,NA
2012-13,1610612755,PHI,2198,Kwame Brown,C,54,NA,3000000,NA
2009-10,1610612766,CHA,2199,Tyson Chandler,C,6,NA,11850000,NA
2010-11,1610612742,DAL,2199,Tyson Chandler,C,6,NA,12600000,NA
2011-12,1610612752,NYK,2199,Tyson Chandler,C,6,NA,13107837,NA
2012-13,1610612752,NYK,2199,Tyson Chandler,C,6,NA,13604188,NA
2013-14,1610612742,DAL,2199,Tyson Chandler,C,NA,NA,14100538,NA
2014-15,1610612742,DAL,2199,Tyson Chandler,C,6,NA,14596888,NA
2015-16,1610612756,PHX,2199,Tyson Chandler,C,4,NA,13000000,NA
2016-17,1610612756,PHX,2199,Tyson Chandler,C,4,NA,12415000,NA
2017-18,1610612756,PHX,2199,Tyson Chandler,C,4,NA,13000000,NA
2018-19,1610612747,LAL,2199,Tyson Chandler,C,5,NA,13585000,NA
2019-20,1610612745,HOU,2199,Tyson Chandler,C,19,NA,2564753,NA
2009-10,1610612747,LAL,2200,Pau Gasol,F-C,16,NA,16452000,NA
2010-11,1610612747,LAL,2200,Pau Gasol,F-C,16,NA,17823000,NA
2011-12,1610612747,LAL,2200,Pau Gasol,F-C,16,NA,18714150,NA
2012-13,1610612747,LAL,2200,Pau Gasol,F-C,16,NA,19000000,NA
2013-14,1610612747,LAL,2200,Pau Gasol,C-F,16,NA,19285850,NA
2014-15,1610612741,CHI,2200,Pau Gasol,F-C,16,NA,7128000,NA
2015-16,1610612741,CHI,2200,Pau Gasol,C-F,16,NA,7448760,NA
2016-17,1610612759,SAS,2200,Pau Gasol,C,16,NA,15500000,NA
2017-18,1610612759,SAS,2200,Pau Gasol,C,16,NA,16000000,NA
2018-19,1610612749,MIL,2200,Pau Gasol,C-F,17,NA,17133285,NA
2009-10,1610612752,NYK,2201,Eddy Curry,C,34,NA,10500423,NA
2011-12,1610612748,MIA,2201,Eddy Curry,C,34,NA,1229255,NA
2009-10,1610612756,PHX,2202,Jason Richardson,G,23,NA,13333333,NA
2010-11,1610612753,ORL,2202,Jason Richardson,G,23,NA,14444444,NA
2011-12,1610612753,ORL,2202,Jason Richardson,G,23,NA,5395000,NA
2012-13,1610612755,PHI,2202,Jason Richardson,G,23,NA,5799625,NA
2013-14,1610612755,PHI,2202,Jason Richardson,G,23,NA,6204250,NA
2014-15,1610612755,PHI,2202,Jason Richardson,G,23,NA,6601125,NA
2009-10,1610612745,HOU,2203,Shane Battier,F,31,NA,6864200,NA
2010-11,1610612763,MEM,2203,Shane Battier,F,31,NA,7354500,NA
2011-12,1610612748,MIA,2203,Shane Battier,F,31,NA,3000000,NA
2012-13,1610612748,MIA,2203,Shane Battier,F,31,NA,3135000,NA
2013-14,1610612748,MIA,2203,Shane Battier,F,31,NA,3270000,NA
2009-10,1610612766,CHA,2205,DeSagana Diop,C,7,NA,6031800,NA
2010-11,1610612766,CHA,2205,DeSagana Diop,C,7,NA,6478600,NA
2011-12,1610612766,CHA,2205,DeSagana Diop,C,7,NA,6925400,NA
2012-13,1610612766,CHA,2205,DeSagana Diop,C,2,NA,7372200,NA
2009-10,1610612737,ATL,2207,Joe Johnson,G,2,NA,14976754,NA
2010-11,1610612737,ATL,2207,Joe Johnson,G,2,NA,16324500,NA
2011-12,1610612737,ATL,2207,Joe Johnson,G,2,NA,18038573,NA
2012-13,1610612751,BKN,2207,Joe Johnson,G,7,NA,19752645,NA
2013-14,1610612751,BKN,2207,Joe Johnson,G,7,NA,21466718,NA
2014-15,1610612751,BKN,2207,Joe Johnson,F-G,7,NA,23180790,NA
2015-16,1610612748,MIA,2207,Joe Johnson,F-G,2,NA,22309344,NA
2016-17,1610612762,UTA,2207,Joe Johnson,F-G,6,NA,11000000,NA
2017-18,1610612745,HOU,2207,Joe Johnson,G-F,7,NA,10254904,NA
2009-10,1610612744,GSW,2209,Vladimir Radmanovic,F,77,NA,6466600,NA
2010-11,1610612744,GSW,2209,Vladimir Radmanovic,F,77,NA,6883800,NA
2011-12,1610612737,ATL,2209,Vladimir Radmanovic,F,77,NA,1352181,NA
2012-13,1610612741,CHI,2209,Vladimir Radmanovic,F,77,NA,1352181,NA
2009-10,1610612759,SAS,2210,Richard Jefferson,F,24,NA,14200000,NA
2010-11,1610612759,SAS,2210,Richard Jefferson,F,24,NA,8400000,NA
2011-12,1610612744,GSW,2210,Richard Jefferson,F,44,NA,9282000,NA
2012-13,1610612744,GSW,2210,Richard Jefferson,F,44,NA,10164000,NA
2013-14,1610612762,UTA,2210,Richard Jefferson,F,24,NA,11046000,NA
2014-15,1610612742,DAL,2210,Richard Jefferson,F,24,NA,1448490,NA
2015-16,1610612739,CLE,2210,Richard Jefferson,F,24,NA,1499187,NA
2016-17,1610612739,CLE,2210,Richard Jefferson,F,24,NA,2500000,NA
2017-18,1610612743,DEN,2210,Richard Jefferson,F,22,NA,4828652,NA
2009-10,1610612754,IND,2211,Troy Murphy,F-C,3,NA,11047619,NA
2010-11,1610612738,BOS,2211,Troy Murphy,F-C,30,NA,11968253,NA
2011-12,1610612747,LAL,2211,Troy Murphy,F-C,14,NA,1352181,NA
2009-10,1610612763,MEM,2212,Steven Hunter,C,45,NA,3696000,NA
2009-10,1610612737,ATL,2215,Jason Collins,C,34,NA,1181803,NA
2010-11,1610612737,ATL,2215,Jason Collins,C,34,NA,1352181,NA
2011-12,1610612737,ATL,2215,Jason Collins,C,34,NA,1352181,NA
2012-13,1610612764,WAS,2215,Jason Collins,C,98,NA,1352181,NA
2013-14,1610612751,BKN,2215,Jason Collins,C,98,NA,436316,NA
2009-10,1610612763,MEM,2216,Zach Randolph,F,50,NA,16000000,NA
2010-11,1610612763,MEM,2216,Zach Randolph,F,50,NA,17666666,NA
2011-12,1610612763,MEM,2216,Zach Randolph,F,50,NA,15200000,NA
2012-13,1610612763,MEM,2216,Zach Randolph,F,50,NA,16500000,NA
2013-14,1610612763,MEM,2216,Zach Randolph,F,50,NA,17800000,NA
2014-15,1610612763,MEM,2216,Zach Randolph,F,50,NA,16500000,NA
2015-16,1610612763,MEM,2216,Zach Randolph,F,50,NA,10000000,NA
2016-17,1610612763,MEM,2216,Zach Randolph,F,50,NA,10000000,NA
2017-18,1610612758,SAC,2216,Zach Randolph,F,50,NA,12307692,NA
2009-10,1610612742,DAL,2217,Brendan Haywood,C,33,NA,6000000,NA
2010-11,1610612742,DAL,2217,Brendan Haywood,C,33,NA,6900000,NA
2011-12,1610612742,DAL,2217,Brendan Haywood,C,33,NA,7624500,NA
2012-13,1610612766,CHA,2217,Brendan Haywood,C,33,NA,8349000,NA
2013-14,1610612766,CHA,2217,Brendan Haywood,C,33,NA,7073500,NA
2014-15,1610612739,CLE,2217,Brendan Haywood,C,33,NA,9798000,NA
2009-10,1610612766,CHA,2222,Gerald Wallace,F,3,NA,9075000,NA
2010-11,1610612757,POR,2222,Gerald Wallace,F,3,NA,10500000,NA
2011-12,1610612751,BKN,2222,Gerald Wallace,F,45,NA,9500000,NA
2012-13,1610612751,BKN,2222,Gerald Wallace,F,45,NA,9682435,NA
2013-14,1610612738,BOS,2222,Gerald Wallace,F,45,NA,10105855,NA
2014-15,1610612738,BOS,2222,Gerald Wallace,F,45,NA,10105855,NA
2009-10,1610612755,PHI,2223,Samuel Dalembert,C,1,NA,12025694,NA
2010-11,1610612758,SAC,2223,Samuel Dalembert,C,10,NA,13428129,NA
2011-12,1610612745,HOU,2223,Samuel Dalembert,C,21,NA,7000000,NA
2012-13,1610612749,MIL,2223,Samuel Dalembert,C,21,NA,6700000,NA
2013-14,1610612752,NYK,2223,Samuel Dalembert,C,NA,NA,3700748,NA
2009-10,1610612763,MEM,2224,Jamaal Tinsley,G,10,NA,6190300,NA
2011-12,1610612762,UTA,2224,Jamaal Tinsley,G,6,NA,1229255,NA
2012-13,1610612762,UTA,2224,Jamaal Tinsley,G,6,NA,1352181,NA
2009-10,1610612759,SAS,2225,Tony Parker,G,9,NA,12600000,NA
2010-11,1610612759,SAS,2225,Tony Parker,G,9,NA,13500000,NA
2011-12,1610612759,SAS,2225,Tony Parker,G,9,NA,12500000,NA
2012-13,1610612759,SAS,2225,Tony Parker,G,9,NA,12500000,NA
2013-14,1610612759,SAS,2225,Tony Parker,G,9,NA,12500000,NA
2014-15,1610612759,SAS,2225,Tony Parker,G,9,NA,12500000,NA
2015-16,1610612759,SAS,2225,Tony Parker,G,9,NA,13437500,NA
2016-17,1610612759,SAS,2225,Tony Parker,G,9,NA,14445313,NA
2017-18,1610612759,SAS,2225,Tony Parker,G,9,NA,15453126,NA
2018-19,1610612766,CHA,2225,Tony Parker,G,9,NA,5000000,NA
2011-12,1610612741,CHI,2229,Mike James,G,8,NA,277566,NA
2012-13,1610612742,DAL,2229,Mike James,G,13,NA,795400,NA
2013-14,1610612741,CHI,2229,Mike James,G,8,NA,889097,NA
2009-10,1610612737,ATL,2230,Maurice Evans,G-F,1,NA,2500000,NA
2010-11,1610612764,WAS,2230,Maurice Evans,G-F,6,NA,2500000,NA
2011-12,1610612764,WAS,2230,Maurice Evans,G-F,6,NA,1223166,NA
2009-10,1610612751,BKN,2239,Trenton Hassell,F-G,44,NA,4350000,NA
2009-10,1610612764,WAS,2240,Gilbert Arenas,G,0,NA,16192080,NA
2010-11,1610612753,ORL,2240,Gilbert Arenas,G,1,NA,17730694,NA
2011-12,1610612763,MEM,2240,Gilbert Arenas,G,10,NA,19269307,NA
2009-10,1610612738,BOS,2243,Brian Scalabrine,F,44,NA,3413793,NA
2010-11,1610612741,CHI,2243,Brian Scalabrine,F,24,NA,1229255,NA
2011-12,1610612741,CHI,2243,Brian Scalabrine,F,24,NA,1352181,NA
2009-10,1610612762,UTA,2246,Mehmet Okur,C,13,NA,9000000,NA
2010-11,1610612762,UTA,2246,Mehmet Okur,C-F,13,NA,9945000,NA
2009-10,1610612754,IND,2248,Earl Watson,G,2,NA,9400000,NA
2010-11,1610612762,UTA,2248,Earl Watson,G,11,NA,1229255,NA
2011-12,1610612762,UTA,2248,Earl Watson,G,11,NA,2000000,NA
2012-13,1610612762,UTA,2248,Earl Watson,G,11,NA,2000000,NA
2013-14,1610612757,POR,2248,Earl Watson,G,17,NA,1399507,NA
2009-10,1610612751,BKN,2250,Bobby Simmons,F-G,21,NA,10560000,NA
2011-12,1610612746,LAC,2250,Bobby Simmons,F,21,NA,594836,NA
2009-10,1610612756,PHX,2260,Jarron Collins,C,20,NA,1181803,NA
2009-10,1610612749,MIL,2294,Charlie Bell,G,42,NA,3596000,NA
2010-11,1610612744,GSW,2294,Charlie Bell,G,34,NA,4447792,NA
2009-10,1610612748,MIA,2306,Carlos Arroyo,G,8,NA,1107572,NA
2010-11,1610612738,BOS,2306,Carlos Arroyo,G,45,NA,1223166,NA
2009-10,1610612743,DEN,2365,Chris Andersen,F-C,11,NA,3650000,NA
2010-11,1610612743,DEN,2365,Chris Andersen,F-C,11,NA,4533300,NA
2011-12,1610612743,DEN,2365,Chris Andersen,C,11,NA,4234000,NA
2012-13,1610612748,MIA,2365,Chris Andersen,F-C,11,NA,5225952,NA
2013-14,1610612748,MIA,2365,Chris Andersen,F-C,11,NA,6217507,NA
2014-15,1610612748,MIA,2365,Chris Andersen,F-C,11,NA,5300000,NA
2015-16,1610612763,MEM,2365,Chris Andersen,F-C,7,NA,5000000,NA
2009-10,1610612745,HOU,2397,Yao Ming,C,11,NA,16378325,NA
2010-11,1610612745,HOU,2397,Yao Ming,C,11,NA,17686100,NA
2009-10,1610612754,IND,2399,Mike Dunleavy,F-G,17,NA,9780992,NA
2010-11,1610612754,IND,2399,Mike Dunleavy,G,17,NA,10561984,NA
2011-12,1610612749,MIL,2399,Mike Dunleavy,G-F,17,NA,3750000,NA
2012-13,1610612749,MIL,2399,Mike Dunleavy,F,17,NA,3750000,NA
2013-14,1610612741,CHI,2399,Mike Dunleavy,F,34,NA,3000000,NA
2014-15,1610612741,CHI,2399,Mike Dunleavy,F,34,NA,3000000,NA
2015-16,1610612741,CHI,2399,Mike Dunleavy,G-F,34,NA,4837500,NA
2016-17,1610612737,ATL,2399,Mike Dunleavy,G-F,34,NA,4837500,NA
2009-10,1610612746,LAC,2400,Drew Gooden,C-F,0,NA,4500000,NA
2010-11,1610612749,MIL,2400,Drew Gooden,F,0,NA,5760000,NA
2011-12,1610612749,MIL,2400,Drew Gooden,C-F,0,NA,6226200,NA
2012-13,1610612749,MIL,2400,Drew Gooden,C-F,0,NA,6680000,NA
2013-14,1610612764,WAS,2400,Drew Gooden,F,90,NA,7091619,NA
2014-15,1610612764,WAS,2400,Drew Gooden,F,90,NA,8128490,NA
2015-16,1610612764,WAS,2400,Drew Gooden,F,90,NA,3300000,NA
2009-10,1610612743,DEN,2403,Nene,C,31,NA,NA,NA
2010-11,1610612743,DEN,2403,Nene,C,31,NA,NA,NA
2011-12,1610612764,WAS,2403,Nene,F-C,42,NA,NA,NA
2012-13,1610612764,WAS,2403,Nene,F-C,42,NA,NA,NA
2013-14,1610612764,WAS,2403,Nene,F-C,42,NA,NA,NA
2014-15,1610612764,WAS,2403,Nene,F-C,42,NA,NA,NA
2015-16,1610612764,WAS,2403,Nene,F-C,42,NA,NA,NA
2016-17,1610612745,HOU,2403,Nene,C-F,42,NA,NA,NA
2017-18,1610612745,HOU,2403,Nene,C-F,42,NA,NA,NA
2018-19,1610612745,HOU,2403,Nene,C-F,42,NA,NA,NA
2009-10,1610612765,DET,2404,Chris Wilcox,F,9,NA,3000000,NA
2010-11,1610612765,DET,2404,Chris Wilcox,C,9,NA,3000000,NA
2012-13,1610612738,BOS,2404,Chris Wilcox,F-C,44,NA,1352181,NA
2009-10,1610612756,PHX,2405,Amar'e Stoudemire,F,1,NA,NA,NA
2010-11,1610612752,NYK,2405,Amar'e Stoudemire,F-C,1,NA,NA,NA
2011-12,1610612752,NYK,2405,Amar'e Stoudemire,F-C,1,NA,NA,NA
2012-13,1610612752,NYK,2405,Amar'e Stoudemire,F-C,1,NA,NA,NA
2013-14,1610612752,NYK,2405,Amar'e Stoudemire,F-C,1,NA,NA,NA
2014-15,1610612742,DAL,2405,Amar'e Stoudemire,C-F,1,NA,NA,NA
2015-16,1610612748,MIA,2405,Amar'e Stoudemire,F-C,5,NA,NA,NA
2009-10,1610612742,DAL,2406,Caron Butler,F,4,NA,9780970,NA
2010-11,1610612742,DAL,2406,Caron Butler,F,4,NA,10561960,NA
2011-12,1610612746,LAC,2406,Caron Butler,F,5,NA,8000000,NA
2012-13,1610612746,LAC,2406,Caron Butler,F,5,NA,8000000,NA
2013-14,1610612760,OKC,2406,Caron Butler,F,2,NA,8386992,NA
2014-15,1610612765,DET,2406,Caron Butler,F,31,NA,4500000,NA
2015-16,1610612758,SAC,2406,Caron Butler,F,31,NA,1499187,NA
2009-10,1610612745,HOU,2407,Jared Jeffries,F,20,NA,6466600,NA
2010-11,1610612752,NYK,2407,Jared Jeffries,F,9,NA,6883800,NA
2011-12,1610612752,NYK,2407,Jared Jeffries,F,9,NA,1229255,NA
2012-13,1610612757,POR,2407,Jared Jeffries,F,1,NA,1475106,NA
2010-11,1610612743,DEN,2408,Melvin Ely,C-F,34,NA,1223166,NA
2013-14,1610612740,NOP,2408,Melvin Ely,C-F,4,NA,74469,NA
2009-10,1610612765,DET,2419,Tayshaun Prince,F,22,NA,10324380,NA
2010-11,1610612765,DET,2419,Tayshaun Prince,F,22,NA,11148760,NA
2011-12,1610612765,DET,2419,Tayshaun Prince,F,22,NA,6292135,NA
2012-13,1610612763,MEM,2419,Tayshaun Prince,F,21,NA,6764045,NA
2013-14,1610612763,MEM,2419,Tayshaun Prince,F,21,NA,7235955,NA
2014-15,1610612765,DET,2419,Tayshaun Prince,F,22,NA,7707865,NA
2015-16,1610612750,MIN,2419,Tayshaun Prince,F,12,NA,1499187,NA
2009-10,1610612760,OKC,2420,Nenad Krstic,C,12,NA,5400000,NA
2010-11,1610612738,BOS,2420,Nenad Krstic,C,4,NA,5543116,NA
2009-10,1610612749,MIL,2422,John Salmons,G,15,NA,5456000,NA
2010-11,1610612749,MIL,2422,John Salmons,G,15,NA,8000000,NA
2011-12,1610612758,SAC,2422,John Salmons,F-G,5,NA,8500000,NA
2012-13,1610612758,SAC,2422,John Salmons,F-G,5,NA,8080000,NA
2013-14,1610612761,TOR,2422,John Salmons,F-G,25,NA,7580000,NA
2009-10,1610612759,SAS,2427,Roger Mason Jr.,F-G,8,NA,NA,NA
2010-11,1610612752,NYK,2427,Roger Mason Jr.,G,18,NA,NA,NA
2009-10,1610612749,MIL,2429,Dan Gadzuric,C,50,NA,6749260,NA
2010-11,1610612751,BKN,2429,Dan Gadzuric,C,50,NA,7248325,NA
2011-12,1610612752,NYK,2429,Dan Gadzuric,C,50,NA,NA,NA
2009-10,1610612762,UTA,2430,Carlos Boozer,F,5,NA,13520500,NA
2010-11,1610612741,CHI,2430,Carlos Boozer,F,5,NA,14400000,NA
2011-12,1610612741,CHI,2430,Carlos Boozer,F,5,NA,13500000,NA
2012-13,1610612741,CHI,2430,Carlos Boozer,F,5,NA,15000000,NA
2013-14,1610612741,CHI,2430,Carlos Boozer,F,5,NA,15300000,NA
2014-15,1610612747,LAL,2430,Carlos Boozer,F,5,NA,16800000,NA
2009-10,1610612745,HOU,2431,David Andersen,C,13,NA,2300000,NA
2010-11,1610612740,NOP,2431,David Andersen,C,11,NA,2500000,NA
2009-10,1610612741,CHI,2436,Flip Murray,G,6,NA,NA,NA
2009-10,1610612753,ORL,2440,Matt Barnes,F,22,NA,1600000,NA
2010-11,1610612747,LAL,2440,Matt Barnes,F,9,NA,1765000,NA
2011-12,1610612747,LAL,2440,Matt Barnes,F,9,NA,1906200,NA
2012-13,1610612746,LAC,2440,Matt Barnes,F,22,NA,854389,NA
2013-14,1610612746,LAC,2440,Matt Barnes,F,22,NA,3250000,NA
2014-15,1610612746,LAC,2440,Matt Barnes,F,22,NA,3396250,NA
2015-16,1610612763,MEM,2440,Matt Barnes,F,22,NA,3542500,NA
2016-17,1610612744,GSW,2440,Matt Barnes,F,22,NA,6508351,NA
2009-10,1610612740,NOP,2443,Darius Songaila,F,9,NA,4526000,NA
2010-11,1610612755,PHI,2443,Darius Songaila,F,25,NA,4818000,NA
2009-10,1610612746,LAC,2446,Rasual Butler,F-G,45,NA,3945000,NA
2010-11,1610612741,CHI,2446,Rasual Butler,G-F,45,NA,2400000,NA
2013-14,1610612754,IND,2446,Rasual Butler,G-F,8,NA,1399507,NA
2014-15,1610612764,WAS,2446,Rasual Butler,F,8,NA,1448490,NA
2009-10,1610612745,HOU,2449,Luis Scola,F-C,4,NA,3375600,NA
2010-11,1610612745,HOU,2449,Luis Scola,F,4,NA,7775378,NA
2011-12,1610612745,HOU,2449,Luis Scola,F,4,NA,8591793,NA
2012-13,1610612756,PHX,2449,Luis Scola,F,14,NA,4500000,NA
2013-14,1610612754,IND,2449,Luis Scola,F,4,NA,4500000,NA
2014-15,1610612754,IND,2449,Luis Scola,F,4,NA,4500000,NA
2015-16,1610612761,TOR,2449,Luis Scola,F,4,NA,2900000,NA
2009-10,1610612741,CHI,2457,Jannero Pargo,G,2,NA,2000000,NA
2010-11,1610612741,CHI,2457,Jannero Pargo,G,12,NA,NA,NA
2011-12,1610612737,ATL,2457,Jannero Pargo,G,7,NA,1223166,NA
2012-13,1610612766,CHA,2457,Jannero Pargo,G,5,NA,696446,NA
2013-14,1610612766,CHA,2457,Jannero Pargo,G,5,NA,1399507,NA
2009-10,1610612741,CHI,2484,Devin Brown,G,32,NA,1100000,NA
2009-10,1610612761,TOR,2501,Reggie Evans,F,30,NA,4960000,NA
2010-11,1610612761,TOR,2501,Reggie Evans,F,30,NA,5080000,NA
2011-12,1610612746,LAC,2501,Reggie Evans,F,30,NA,1229255,NA
2012-13,1610612751,BKN,2501,Reggie Evans,F,30,NA,1622618,NA
2013-14,1610612758,SAC,2501,Reggie Evans,F,30,NA,1695636,NA
2014-15,1610612758,SAC,2501,Reggie Evans,C-F,30,NA,1768654,NA
2009-10,1610612739,CLE,2544,LeBron James,F,23,NA,15779912,NA
2010-11,1610612748,MIA,2544,LeBron James,F,6,NA,14500000,NA
2011-12,1610612748,MIA,2544,LeBron James,F,6,NA,16022500,NA
2012-13,1610612748,MIA,2544,LeBron James,F,6,NA,17545000,NA
2013-14,1610612748,MIA,2544,LeBron James,F,6,NA,19067500,NA
2014-15,1610612739,CLE,2544,LeBron James,F,23,NA,20644400,NA
2015-16,1610612739,CLE,2544,LeBron James,F,23,NA,22970500,NA
2016-17,1610612739,CLE,2544,LeBron James,F,23,NA,30963450,NA
2017-18,1610612739,CLE,2544,LeBron James,F-G,23,NA,33285709,NA
2018-19,1610612747,LAL,2544,LeBron James,F,23,Signed on 07/09/18,35654150,NA
2019-20,1610612747,LAL,2544,LeBron James,F,23,NA,37436858,NA
2020-21,1610612747,LAL,2544,LeBron James,F,6,NA,39219566,NA
2021-22,1610612747,LAL,2544,LeBron James,F,6,NA,41180544,NA
2022-23,1610612747,LAL,2544,LeBron James,F,6,NA,44474988,NA
2023-24,1610612747,LAL,2544,LeBron James,F,23,NA,47607350,NA
2024-25,1610612747,LAL,2544,LeBron James,F,23,NA,48728845,NA
2009-10,1610612750,MIN,2545,Darko Milicic,C,31,NA,7500000,NA
2011-12,1610612750,MIN,2545,Darko Milicic,C,31,NA,4776500,NA
2009-10,1610612743,DEN,2546,Carmelo Anthony,F,15,NA,15779912,NA
2010-11,1610612752,NYK,2546,Carmelo Anthony,F,7,NA,17149243,NA
2011-12,1610612752,NYK,2546,Carmelo Anthony,F,7,NA,18518574,NA
2012-13,1610612752,NYK,2546,Carmelo Anthony,F,7,NA,19450000,NA
2013-14,1610612752,NYK,2546,Carmelo Anthony,F,7,NA,21490000,NA
2014-15,1610612752,NYK,2546,Carmelo Anthony,F,7,NA,22458401,NA
2015-16,1610612752,NYK,2546,Carmelo Anthony,F,7,NA,22875000,NA
2016-17,1610612752,NYK,2546,Carmelo Anthony,F,7,NA,24559380,NA
2017-18,1610612760,OKC,2546,Carmelo Anthony,F,7,NA,26243760,NA
2019-20,1610612757,POR,2546,Carmelo Anthony,F,0,NA,2159029,NA
2020-21,1610612757,POR,2546,Carmelo Anthony,F,0,NA,2564753,NA
2021-22,1610612747,LAL,2546,Carmelo Anthony,F,7,NA,2641691,NA
2009-10,1610612761,TOR,2547,Chris Bosh,F,4,NA,15779912,NA
2010-11,1610612748,MIA,2547,Chris Bosh,F,1,NA,14500000,NA
2011-12,1610612748,MIA,2547,Chris Bosh,F,1,NA,16022500,NA
2012-13,1610612748,MIA,2547,Chris Bosh,C-F,1,NA,17545000,NA
2013-14,1610612748,MIA,2547,Chris Bosh,C-F,1,NA,19067500,NA
2014-15,1610612748,MIA,2547,Chris Bosh,C,1,NA,20644400,NA
2015-16,1610612748,MIA,2547,Chris Bosh,F,1,NA,22192730,NA
2016-17,1610612748,MIA,2547,Chris Bosh,F,1,NA,23741060,NA
2009-10,1610612748,MIA,2548,Dwyane Wade,G,3,NA,15779912,NA
2010-11,1610612748,MIA,2548,Dwyane Wade,G,3,NA,14200000,NA
2011-12,1610612748,MIA,2548,Dwyane Wade,G,3,NA,15691000,NA
2012-13,1610612748,MIA,2548,Dwyane Wade,G,3,NA,17024000,NA
2013-14,1610612748,MIA,2548,Dwyane Wade,G,3,NA,18536000,NA
2014-15,1610612748,MIA,2548,Dwyane Wade,G,3,NA,15000000,NA
2015-16,1610612748,MIA,2548,Dwyane Wade,G,3,NA,20000000,NA
2016-17,1610612741,CHI,2548,Dwyane Wade,G,3,NA,23200000,NA
2017-18,1610612748,MIA,2548,Dwyane Wade,G,3,NA,17878652,NA
2018-19,1610612748,MIA,2548,Dwyane Wade,G,3,NA,2393887,NA
2009-10,1610612746,LAC,2549,Chris Kaman,C,35,NA,10400000,NA
2010-11,1610612746,LAC,2549,Chris Kaman,C,35,NA,11800000,NA
2011-12,1610612740,NOP,2549,Chris Kaman,C-F,35,NA,14030000,NA
2012-13,1610612742,DAL,2549,Chris Kaman,C,35,NA,8000000,NA
2013-14,1610612747,LAL,2549,Chris Kaman,C,9,NA,3183000,NA
2014-15,1610612757,POR,2549,Chris Kaman,C,35,NA,4800000,NA
2015-16,1610612757,POR,2549,Chris Kaman,C,35,NA,5000000,NA
2009-10,1610612741,CHI,2550,Kirk Hinrich,G,12,NA,9500000,NA
2010-11,1610612737,ATL,2550,Kirk Hinrich,G,6,NA,9000000,NA
2011-12,1610612737,ATL,2550,Kirk Hinrich,G,6,NA,8100000,NA
2012-13,1610612741,CHI,2550,Kirk Hinrich,G,12,NA,3941000,NA
2013-14,1610612741,CHI,2550,Kirk Hinrich,G,12,NA,4059000,NA
2014-15,1610612741,CHI,2550,Kirk Hinrich,G,12,NA,2730000,NA
2015-16,1610612737,ATL,2550,Kirk Hinrich,G,12,NA,2870000,NA
2009-10,1610612754,IND,2551,T.J. Ford,G,5,NA,NA,NA
2010-11,1610612754,IND,2551,T.J. Ford,G,5,NA,NA,NA
2009-10,1610612751,BKN,2553,Jarvis Hayes,F,22,NA,2062800,NA
2009-10,1610612753,ORL,2554,Mickael Pietrus,F-G,20,NA,5300000,NA
2010-11,1610612756,PHX,2554,Mickael Pietrus,G-F,12,NA,5300000,NA
2011-12,1610612738,BOS,2554,Mickael Pietrus,G-F,28,NA,6523166,NA
2012-13,1610612761,TOR,2554,Mickael Pietrus,F,20,NA,1005096,NA
2009-10,1610612760,OKC,2555,Nick Collison,C-F,4,NA,6250000,NA
2010-11,1610612760,OKC,2555,Nick Collison,F-C,4,NA,13250000,NA
2012-13,1610612760,OKC,2555,Nick Collison,F-C,4,NA,2929332,NA
2013-14,1610612760,OKC,2555,Nick Collison,F-C,4,NA,2585668,NA
2014-15,1610612760,OKC,2555,Nick Collison,F,4,NA,2242003,NA
2015-16,1610612760,OKC,2555,Nick Collison,F,4,NA,3750000,NA
2016-17,1610612760,OKC,2555,Nick Collison,F,4,NA,3750000,NA
2017-18,1610612760,OKC,2555,Nick Collison,F-C,4,NA,2328652,NA
2009-10,1610612761,TOR,2556,Marcus Banks,G,3,NA,4553793,NA
2010-11,1610612740,NOP,2556,Marcus Banks,G,15,NA,4847586,NA
2009-10,1610612749,MIL,2557,Luke Ridnour,G,13,NA,6500000,NA
2011-12,1610612750,MIN,2557,Luke Ridnour,G,13,NA,3680000,NA
2012-13,1610612750,MIN,2557,Luke Ridnour,G,13,NA,4000000,NA
2013-14,1610612766,CHA,2557,Luke Ridnour,G,13,NA,4320000,NA
2014-15,1610612753,ORL,2557,Luke Ridnour,G,13,NA,2750000,NA
2009-10,1610612740,NOP,2561,David West,F,30,NA,9075000,NA
2010-11,1610612740,NOP,2561,David West,F,30,NA,8287500,NA
2011-12,1610612754,IND,2561,David West,F,21,NA,10000000,NA
2012-13,1610612754,IND,2561,David West,F,21,NA,10000000,NA
2013-14,1610612754,IND,2561,David West,F,21,NA,12000000,NA
2014-15,1610612754,IND,2561,David West,F,21,NA,12000000,NA
2015-16,1610612759,SAS,2561,David West,F,30,NA,1499187,NA
2016-17,1610612744,GSW,2561,David West,F,3,NA,1551659,NA
2017-18,1610612744,GSW,2561,David West,F,3,NA,2328652,NA
2009-10,1610612750,MIN,2562,Sasha Pavlovic,G-F,11,NA,NA,NA
2010-11,1610612738,BOS,2562,Sasha Pavlovic,G-F,77,NA,NA,NA
2011-12,1610612738,BOS,2562,Sasha Pavlovic,F-G,11,NA,NA,NA
2012-13,1610612757,POR,2562,Sasha Pavlovic,G-F,3,NA,NA,NA
2009-10,1610612754,IND,2563,Dahntay Jones,F-G,1,NA,2500000,NA
2010-11,1610612754,IND,2563,Dahntay Jones,G-F,1,NA,2500000,NA
2011-12,1610612754,IND,2563,Dahntay Jones,G-F,1,NA,2700000,NA
2012-13,1610612737,ATL,2563,Dahntay Jones,F,30,NA,2900000,NA
2014-15,1610612746,LAC,2563,Dahntay Jones,G-F,31,NA,721169,NA
2015-16,1610612739,CLE,2563,Dahntay Jones,G-F,30,NA,NA,NA
2016-17,1610612739,CLE,2563,Dahntay Jones,G-F,30,NA,24022,NA
2009-10,1610612766,CHA,2564,Boris Diaw,F,32,NA,9000000,NA
2010-11,1610612766,CHA,2564,Boris Diaw,F,32,NA,9000000,NA
2011-12,1610612759,SAS,2564,Boris Diaw,F-C,33,NA,9000000,NA
2012-13,1610612759,SAS,2564,Boris Diaw,C-F,33,NA,4500000,NA
2013-14,1610612759,SAS,2564,Boris Diaw,F,33,NA,4702500,NA
2014-15,1610612759,SAS,2564,Boris Diaw,C-F,33,NA,8000000,NA
2015-16,1610612759,SAS,2564,Boris Diaw,C-F,33,NA,7500000,NA
2016-17,1610612762,UTA,2564,Boris Diaw,C-F,33,NA,7000000,NA
2009-10,1610612746,LAC,2566,Travis Outlaw,F,34,NA,4000000,NA
2010-11,1610612751,BKN,2566,Travis Outlaw,F,21,NA,7000000,NA
2011-12,1610612758,SAC,2566,Travis Outlaw,F,25,NA,7000000,NA
2012-13,1610612758,SAC,2566,Travis Outlaw,F,25,NA,7000000,NA
2013-14,1610612758,SAC,2566,Travis Outlaw,F,25,NA,NA,NA
2010-11,1610612746,LAC,2567,Brian Cook,F,34,NA,1146337,NA
2011-12,1610612764,WAS,2567,Brian Cook,C-F,43,NA,1223166,NA
2009-10,1610612749,MIL,2568,Carlos Delfino,F-G,10,NA,3500000,NA
2010-11,1610612749,MIL,2568,Carlos Delfino,F-G,10,NA,3500000,NA
2011-12,1610612749,MIL,2568,Carlos Delfino,F-G,10,NA,3500000,NA
2012-13,1610612745,HOU,2568,Carlos Delfino,G-F,10,NA,3000000,NA
2013-14,1610612749,MIL,2568,Carlos Delfino,G-F,10,NA,3250000,NA
2009-10,1610612738,BOS,2570,Kendrick Perkins,C,43,NA,4250000,NA
2010-11,1610612760,OKC,2570,Kendrick Perkins,C,5,NA,4640208,NA
2012-13,1610612760,OKC,2570,Kendrick Perkins,C,5,NA,7800531,NA
2013-14,1610612760,OKC,2570,Kendrick Perkins,C,5,NA,8477437,NA
2014-15,1610612739,CLE,2570,Kendrick Perkins,C,3,NA,9588889,NA
2015-16,1610612740,NOP,2570,Kendrick Perkins,C,5,NA,1499187,NA
2017-18,1610612739,CLE,2570,Kendrick Perkins,C,21,NA,131562,NA
2009-10,1610612756,PHX,2571,Leandro Barbosa,G,10,NA,6600000,NA
2010-11,1610612761,TOR,2571,Leandro Barbosa,G,20,NA,7100000,NA
2011-12,1610612754,IND,2571,Leandro Barbosa,G,28,NA,7600000,NA
2012-13,1610612764,WAS,2571,Leandro Barbosa,G,28,NA,1229255,NA
2013-14,1610612756,PHX,2571,Leandro Barbosa,G,10,NA,650359,NA
2014-15,1610612744,GSW,2571,Leandro Barbosa,G,19,NA,1448490,NA
2015-16,1610612744,GSW,2571,Leandro Barbosa,G,19,NA,2500000,NA
2016-17,1610612756,PHX,2571,Leandro Barbosa,G,19,NA,4000000,NA
2009-10,1610612764,WAS,2572,Josh Howard,G-F,5,NA,10890000,NA
2010-11,1610612764,WAS,2572,Josh Howard,F-G,5,NA,3000000,NA
2011-12,1610612762,UTA,2572,Josh Howard,F,8,NA,2150000,NA
2009-10,1610612755,PHI,2574,Jason Kapono,F-G,72,NA,6212960,NA
2010-11,1610612755,PHI,2574,Jason Kapono,F-G,72,NA,6641440,NA
2009-10,1610612747,LAL,2575,Luke Walton,F,4,NA,4840000,NA
2010-11,1610612747,LAL,2575,Luke Walton,F,4,NA,5260000,NA
2011-12,1610612739,CLE,2575,Luke Walton,F,32,NA,5680000,NA
2012-13,1610612739,CLE,2575,Luke Walton,F,4,NA,6091363,NA
2009-10,1610612746,LAC,2581,Steve Blake,G,2,NA,4930000,NA
2010-11,1610612747,LAL,2581,Steve Blake,G,5,NA,4000000,NA
2011-12,1610612747,LAL,2581,Steve Blake,G,5,NA,4000000,NA
2012-13,1610612747,LAL,2581,Steve Blake,G,5,NA,4000000,NA
2013-14,1610612744,GSW,2581,Steve Blake,G,25,NA,4000000,NA
2014-15,1610612757,POR,2581,Steve Blake,G,5,NA,2100000,NA
2015-16,1610612765,DET,2581,Steve Blake,G,22,NA,2100000,NA
2009-10,1610612755,PHI,2584,Willie Green,G,33,NA,3682000,NA
2010-11,1610612740,NOP,2584,Willie Green,G,33,NA,3976000,NA
2011-12,1610612737,ATL,2584,Willie Green,G,33,NA,1223166,NA
2012-13,1610612746,LAC,2584,Willie Green,G,34,NA,1375000,NA
2013-14,1610612746,LAC,2584,Willie Green,G,34,NA,1399507,NA
2014-15,1610612753,ORL,2584,Willie Green,G,34,NA,1448490,NA
2009-10,1610612737,ATL,2585,Zaza Pachulia,C-F,27,NA,4750000,NA
2010-11,1610612737,ATL,2585,Zaza Pachulia,C,27,NA,4251250,NA
2011-12,1610612737,ATL,2585,Zaza Pachulia,C,27,NA,4750000,NA
2012-13,1610612737,ATL,2585,Zaza Pachulia,C-F,27,NA,5248750,NA
2013-14,1610612749,MIL,2585,Zaza Pachulia,C,27,NA,5200000,NA
2014-15,1610612749,MIL,2585,Zaza Pachulia,C,27,NA,5200000,NA
2015-16,1610612742,DAL,2585,Zaza Pachulia,C,27,NA,5200000,NA
2016-17,1610612744,GSW,2585,Zaza Pachulia,C,27,NA,2898000,NA
2017-18,1610612744,GSW,2585,Zaza Pachulia,C,27,NA,3477600,NA
2018-19,1610612765,DET,2585,Zaza Pachulia,C,27,NA,2393887,NA
2009-10,1610612759,SAS,2586,Keith Bogans,G,10,NA,1033342,NA
2010-11,1610612741,CHI,2586,Keith Bogans,G,6,NA,1600000,NA
2012-13,1610612751,BKN,2586,Keith Bogans,F-G,10,NA,854389,NA
2013-14,1610612738,BOS,2586,Keith Bogans,G-F,4,NA,5058198,NA
2009-10,1610612759,SAS,2588,Matt Bonner,C-F,15,NA,3240380,NA
2010-11,1610612759,SAS,2588,Matt Bonner,F-C,15,NA,3000000,NA
2011-12,1610612759,SAS,2588,Matt Bonner,F-C,15,NA,3315000,NA
2012-13,1610612759,SAS,2588,Matt Bonner,F-C,15,NA,3630000,NA
2013-14,1610612759,SAS,2588,Matt Bonner,F-C,15,NA,3945000,NA
2014-15,1610612759,SAS,2588,Matt Bonner,C-F,15,NA,1448490,NA
2015-16,1610612759,SAS,2588,Matt Bonner,C-F,15,NA,1499187,NA
2009-10,1610612739,CLE,2590,Mo Williams,G,2,NA,NA,NA
2010-11,1610612746,LAC,2590,Mo Williams,G,25,NA,NA,NA
2011-12,1610612746,LAC,2590,Mo Williams,G,25,NA,NA,NA
2012-13,1610612762,UTA,2590,Mo Williams,G,5,NA,NA,NA
2013-14,1610612757,POR,2590,Mo Williams,G,25,NA,NA,NA
2014-15,1610612766,CHA,2590,Mo Williams,G,7,NA,NA,NA
2015-16,1610612739,CLE,2590,Mo Williams,G,52,NA,NA,NA
2009-10,1610612748,MIA,2592,James Jones,F,22,NA,4320000,NA
2010-11,1610612748,MIA,2592,James Jones,F,22,NA,1069509,NA
2011-12,1610612748,MIA,2592,James Jones,G-F,22,NA,1500000,NA
2012-13,1610612748,MIA,2592,James Jones,G-F,22,NA,NA,NA
2013-14,1610612748,MIA,2592,James Jones,F-G,22,NA,1500000,NA
2014-15,1610612739,CLE,2592,James Jones,F,1,NA,1448490,NA
2015-16,1610612739,CLE,2592,James Jones,G-F,1,NA,1499187,NA
2016-17,1610612739,CLE,2592,James Jones,G-F,1,NA,1551659,NA
2009-10,1610612762,UTA,2594,Kyle Korver,F-G,26,NA,5155115,NA
2010-11,1610612741,CHI,2594,Kyle Korver,G-F,26,NA,5000000,NA
2011-12,1610612741,CHI,2594,Kyle Korver,F-G,26,NA,5000000,NA
2012-13,1610612737,ATL,2594,Kyle Korver,F-G,26,NA,5000000,NA
2013-14,1610612737,ATL,2594,Kyle Korver,G-F,26,NA,6760563,NA
2014-15,1610612737,ATL,2594,Kyle Korver,G,26,NA,6253521,NA
2015-16,1610612737,ATL,2594,Kyle Korver,G,26,NA,5746479,NA
2016-17,1610612739,CLE,2594,Kyle Korver,G,26,NA,5239437,NA
2017-18,1610612739,CLE,2594,Kyle Korver,G,26,NA,7000000,NA
2019-20,1610612749,MIL,2594,Kyle Korver,G-F,26,NA,2564753,NA
2009-10,1610612738,BOS,2605,Marquis Daniels,G,7,NA,1990000,NA
2010-11,1610612758,SAC,2605,Marquis Daniels,F-G,NA,NA,2470000,NA
2011-12,1610612738,BOS,2605,Marquis Daniels,F-G,4,NA,1223166,NA
2012-13,1610612749,MIL,2605,Marquis Daniels,F,6,NA,1229255,NA
2009-10,1610612748,MIA,2617,Udonis Haslem,F,40,Signed on 08/01/03,7100000,NA
2010-11,1610612748,MIA,2617,Udonis Haslem,F,40,NA,3500000,NA
2011-12,1610612748,MIA,2617,Udonis Haslem,F,40,NA,3780000,NA
2012-13,1610612748,MIA,2617,Udonis Haslem,F,40,NA,4060000,NA
2013-14,1610612748,MIA,2617,Udonis Haslem,F,40,NA,4340000,NA
2014-15,1610612748,MIA,2617,Udonis Haslem,F,40,NA,2732000,NA
2015-16,1610612748,MIA,2617,Udonis Haslem,F,40,NA,2854940,NA
2016-17,1610612748,MIA,2617,Udonis Haslem,F,40,NA,4000000,NA
2017-18,1610612748,MIA,2617,Udonis Haslem,F,40,NA,2328652,NA
2018-19,1610612748,MIA,2617,Udonis Haslem,F,40,NA,2393887,NA
2019-20,1610612748,MIA,2617,Udonis Haslem,F,40,NA,2564753,NA
2020-21,1610612748,MIA,2617,Udonis Haslem,F,40,NA,2564753,NA
2021-22,1610612748,MIA,2617,Udonis Haslem,F,40,NA,2641691,NA
2022-23,1610612748,MIA,2617,Udonis Haslem,F,40,NA,2905851,NA
2009-10,1610612764,WAS,2624,Quinton Ross,G-F,3,NA,1033342,NA
2009-10,1610612742,DAL,2679,Matt Carroll,G,13,NA,4700000,NA
2010-11,1610612766,CHA,2679,Matt Carroll,G,33,NA,4300000,NA
2011-12,1610612766,CHA,2679,Matt Carroll,G,33,NA,3900000,NA
2009-10,1610612747,LAL,2694,Josh Powell,F,21,NA,959111,NA
2010-11,1610612737,ATL,2694,Josh Powell,F,12,NA,1069609,NA
2013-14,1610612745,HOU,2694,Josh Powell,F,21,NA,NA,NA
2009-10,1610612753,ORL,2730,Dwight Howard,C,12,NA,15202590,NA
2010-11,1610612753,ORL,2730,Dwight Howard,C,12,NA,16647180,NA
2011-12,1610612753,ORL,2730,Dwight Howard,C,12,NA,18091770,NA
2012-13,1610612747,LAL,2730,Dwight Howard,C,12,NA,19261200,NA
2013-14,1610612745,HOU,2730,Dwight Howard,C-F,12,NA,20513178,NA
2014-15,1610612745,HOU,2730,Dwight Howard,C,12,NA,21436271,NA
2015-16,1610612745,HOU,2730,Dwight Howard,C,12,NA,22359364,NA
2016-17,1610612737,ATL,2730,Dwight Howard,C,8,NA,23500000,NA
2017-18,1610612766,CHA,2730,Dwight Howard,C,12,NA,23500000,NA
2018-19,1610612764,WAS,2730,Dwight Howard,C,21,NA,24256725,NA
2019-20,1610612747,LAL,2730,Dwight Howard,C-F,39,NA,2564753,NA
2020-21,1610612755,PHI,2730,Dwight Howard,C-F,39,NA,2564753,NA
2021-22,1610612747,LAL,2730,Dwight Howard,C-F,39,NA,2641691,NA
2009-10,1610612740,NOP,2731,Emeka Okafor,C,50,NA,10538937,NA
2010-11,1610612740,NOP,2731,Emeka Okafor,C,50,NA,11495000,NA
2011-12,1610612740,NOP,2731,Emeka Okafor,C,50,NA,12541812,NA
2012-13,1610612764,WAS,2731,Emeka Okafor,C,50,NA,13543250,NA
2013-14,1610612756,PHX,2731,Emeka Okafor,C,50,NA,14544687,NA
2017-18,1610612740,NOP,2731,Emeka Okafor,C,50,NA,813293,NA
2009-10,1610612765,DET,2732,Ben Gordon,G,7,NA,10000000,NA
2010-11,1610612765,DET,2732,Ben Gordon,G,7,NA,10800000,NA
2011-12,1610612765,DET,2732,Ben Gordon,G,8,NA,11600000,NA
2012-13,1610612766,CHA,2732,Ben Gordon,G,8,NA,12400000,NA
2014-15,1610612753,ORL,2732,Ben Gordon,G,7,NA,4500000,NA
2009-10,1610612764,WAS,2733,Shaun Livingston,G,2,NA,296695,NA
2010-11,1610612766,CHA,2733,Shaun Livingston,G,2,NA,3500000,NA
2011-12,1610612749,MIL,2733,Shaun Livingston,G,9,NA,3500000,NA
2012-13,1610612739,CLE,2733,Shaun Livingston,G,14,NA,2038446,NA
2013-14,1610612751,BKN,2733,Shaun Livingston,G,14,NA,1265977,NA
2014-15,1610612744,GSW,2733,Shaun Livingston,G,34,NA,5305000,NA
2015-16,1610612744,GSW,2733,Shaun Livingston,G,34,NA,5543725,NA
2016-17,1610612744,GSW,2733,Shaun Livingston,G,34,NA,5782450,NA
2017-18,1610612744,GSW,2733,Shaun Livingston,G,34,NA,7692308,NA
2018-19,1610612744,GSW,2733,Shaun Livingston,G,34,NA,8307692,NA
2009-10,1610612751,BKN,2734,Devin Harris,G,34,NA,8400000,NA
2010-11,1610612762,UTA,2734,Devin Harris,G,5,NA,8981000,NA
2011-12,1610612762,UTA,2734,Devin Harris,G,5,NA,9319000,NA
2012-13,1610612737,ATL,2734,Devin Harris,G,34,NA,8500000,NA
2013-14,1610612742,DAL,2734,Devin Harris,G,20,NA,1272279,NA
2014-15,1610612742,DAL,2734,Devin Harris,G,20,NA,3878896,NA
2015-16,1610612742,DAL,2734,Devin Harris,G,34,NA,4053446,NA
2016-17,1610612742,DAL,2734,Devin Harris,G,34,NA,4227996,NA
2017-18,1610612743,DEN,2734,Devin Harris,G,34,NA,4402546,NA
2018-19,1610612742,DAL,2734,Devin Harris,G,34,NA,2393887,NA
2010-11,1610612756,PHX,2735,Josh Childress,F-G,1,NA,6500000,NA
2011-12,1610612756,PHX,2735,Josh Childress,F,1,NA,6000000,NA
2009-10,1610612741,CHI,2736,Luol Deng,F,9,NA,10370425,NA
2010-11,1610612741,CHI,2736,Luol Deng,F,9,NA,11345000,NA
2011-12,1610612741,CHI,2736,Luol Deng,F,9,NA,12325000,NA
2012-13,1610612741,CHI,2736,Luol Deng,F,9,NA,13326700,NA
2013-14,1610612739,CLE,2736,Luol Deng,F,9,NA,14312125,NA
2014-15,1610612748,MIA,2736,Luol Deng,F,9,NA,9714461,NA
2015-16,1610612748,MIA,2736,Luol Deng,F,9,NA,10151612,NA
2016-17,1610612747,LAL,2736,Luol Deng,F,9,NA,18000000,NA
2017-18,1610612747,LAL,2736,Luol Deng,F,9,NA,17190000,NA
2018-19,1610612750,MIN,2736,Luol Deng,F,9,NA,16747954,NA
2009-10,1610612755,PHI,2738,Andre Iguodala,F-G,9,NA,12200000,NA
2010-11,1610612755,PHI,2738,Andre Iguodala,F-G,9,NA,12345250,NA
2011-12,1610612755,PHI,2738,Andre Iguodala,F-G,9,NA,13531750,NA
2012-13,1610612743,DEN,2738,Andre Iguodala,G-F,9,NA,14718250,NA
2013-14,1610612744,GSW,2738,Andre Iguodala,F-G,9,NA,12868632,NA
2014-15,1610612744,GSW,2738,Andre Iguodala,G-F,9,NA,12289544,NA
2015-16,1610612744,GSW,2738,Andre Iguodala,G-F,9,NA,11710456,NA
2016-17,1610612744,GSW,2738,Andre Iguodala,G-F,9,NA,11131368,NA
2017-18,1610612744,GSW,2738,Andre Iguodala,F-G,9,NA,14814815,NA
2018-19,1610612744,GSW,2738,Andre Iguodala,F-G,9,NA,16000000,NA
2019-20,1610612748,MIA,2738,Andre Iguodala,G-F,28,NA,17185185,NA
2020-21,1610612748,MIA,2738,Andre Iguodala,G-F,28,NA,15000000,NA
2021-22,1610612744,GSW,2738,Andre Iguodala,G-F,9,NA,2641691,NA
2022-23,1610612744,GSW,2738,Andre Iguodala,G-F,9,NA,2905851,NA
2009-10,1610612744,GSW,2740,Andris Biedrins,C,15,NA,9000000,NA
2010-11,1610612744,GSW,2740,Andris Biedrins,C,15,NA,9000000,NA
2011-12,1610612744,GSW,2740,Andris Biedrins,C,15,NA,9000000,NA
2012-13,1610612744,GSW,2740,Andris Biedrins,C,15,NA,9000000,NA
2009-10,1610612739,CLE,2742,Sebastian Telfair,G,3,NA,2500000,NA
2011-12,1610612756,PHX,2742,Sebastian Telfair,G,31,NA,1500000,NA
2012-13,1610612761,TOR,2742,Sebastian Telfair,G,13,NA,1567500,NA
2009-10,1610612751,BKN,2743,Kris Humphries,F,43,NA,3200000,NA
2010-11,1610612751,BKN,2743,Kris Humphries,F,43,NA,3200000,NA
2011-12,1610612751,BKN,2743,Kris Humphries,F,43,NA,8000000,NA
2012-13,1610612751,BKN,2743,Kris Humphries,F,43,NA,12000000,NA
2013-14,1610612738,BOS,2743,Kris Humphries,C-F,43,NA,12000000,NA
2014-15,1610612764,WAS,2743,Kris Humphries,F,43,NA,4250000,NA
2015-16,1610612737,ATL,2743,Kris Humphries,F,43,NA,4440000,NA
2016-17,1610612737,ATL,2743,Kris Humphries,F,43,NA,8630000,NA
2009-10,1610612750,MIN,2744,Al Jefferson,C-F,25,NA,12000000,NA
2010-11,1610612762,UTA,2744,Al Jefferson,C,25,NA,13000000,NA
2011-12,1610612762,UTA,2744,Al Jefferson,C,25,NA,14000000,NA
2012-13,1610612762,UTA,2744,Al Jefferson,C,25,NA,15000000,NA
2013-14,1610612766,CHA,2744,Al Jefferson,C,25,NA,13500000,NA
2014-15,1610612766,CHA,2744,Al Jefferson,C,25,NA,13500000,NA
2015-16,1610612766,CHA,2744,Al Jefferson,C,25,NA,13500000,NA
2016-17,1610612754,IND,2744,Al Jefferson,C,7,NA,10230179,NA
2017-18,1610612754,IND,2744,Al Jefferson,C,25,NA,9769821,NA
2009-10,1610612737,ATL,2746,Josh Smith,F,5,NA,10800000,NA
2010-11,1610612737,ATL,2746,Josh Smith,F,5,NA,11600000,NA
2011-12,1610612737,ATL,2746,Josh Smith,F,5,NA,12400000,NA
2012-13,1610612737,ATL,2746,Josh Smith,F,5,NA,13200000,NA
2013-14,1610612765,DET,2746,Josh Smith,F,6,NA,14000000,NA
2014-15,1610612745,HOU,2746,Josh Smith,F,5,NA,14945778,NA
2015-16,1610612745,HOU,2746,Josh Smith,F,5,NA,6830916,NA
2009-10,1610612743,DEN,2747,JR Smith,G,5,NA,5508426,NA
2010-11,1610612743,DEN,2747,JR Smith,F-G,5,NA,6757851,NA
2011-12,1610612752,NYK,2747,JR Smith,G,8,NA,2382353,NA
2012-13,1610612752,NYK,2747,JR Smith,G,8,NA,2806452,NA
2013-14,1610612752,NYK,2747,JR Smith,G-F,8,NA,5565000,NA
2014-15,1610612739,CLE,2747,JR Smith,G-F,5,NA,5982375,NA
2015-16,1610612739,CLE,2747,JR Smith,G-F,5,NA,5000000,NA
2016-17,1610612739,CLE,2747,JR Smith,G,5,NA,12800000,NA
2017-18,1610612739,CLE,2747,JR Smith,G-F,5,NA,13760000,NA
2018-19,1610612739,CLE,2747,JR Smith,G-F,5,NA,14720000,NA
2019-20,1610612747,LAL,2747,JR Smith,G,21,NA,1746470,NA
2009-10,1610612748,MIA,2748,Dorell Wright,F-G,1,NA,2750000,NA
2010-11,1610612744,GSW,2748,Dorell Wright,F,1,NA,3500000,NA
2011-12,1610612744,GSW,2748,Dorell Wright,F,1,NA,3823000,NA
2012-13,1610612755,PHI,2748,Dorell Wright,F-G,4,NA,4106000,NA
2013-14,1610612757,POR,2748,Dorell Wright,F,1,NA,3000000,NA
2014-15,1610612757,POR,2748,Dorell Wright,F,1,NA,3145000,NA
2015-16,1610612748,MIA,2748,Dorell Wright,F-G,11,NA,17637,NA
2009-10,1610612753,ORL,2749,Jameer Nelson,G,14,NA,6138888,NA
2010-11,1610612753,ORL,2749,Jameer Nelson,G,14,NA,7800000,NA
2011-12,1610612753,ORL,2749,Jameer Nelson,G,14,NA,7800000,NA
2012-13,1610612753,ORL,2749,Jameer Nelson,G,14,NA,8600000,NA
2013-14,1610612753,ORL,2749,Jameer Nelson,G,14,NA,8600000,NA
2014-15,1610612743,DEN,2749,Jameer Nelson,G,28,NA,4750000,NA
2015-16,1610612743,DEN,2749,Jameer Nelson,G,1,NA,4345000,NA
2016-17,1610612743,DEN,2749,Jameer Nelson,G,1,NA,4540525,NA
2017-18,1610612765,DET,2749,Jameer Nelson,G,41,NA,6998920,NA
2009-10,1610612739,CLE,2753,Delonte West,G,13,NA,4254250,NA
2010-11,1610612738,BOS,2753,Delonte West,G,13,NA,1069509,NA
2011-12,1610612742,DAL,2753,Delonte West,G,13,NA,1146337,NA
2009-10,1610612738,BOS,2754,Tony Allen,G,42,NA,2500000,NA
2010-11,1610612763,MEM,2754,Tony Allen,G,9,NA,3000000,NA
2011-12,1610612763,MEM,2754,Tony Allen,G,9,NA,3150000,NA
2012-13,1610612763,MEM,2754,Tony Allen,G-F,9,NA,3300000,NA
2013-14,1610612763,MEM,2754,Tony Allen,G,9,NA,5000000,NA
2014-15,1610612763,MEM,2754,Tony Allen,F-G,9,NA,5000000,NA
2015-16,1610612763,MEM,2754,Tony Allen,G-F,9,NA,5000000,NA
2016-17,1610612763,MEM,2754,Tony Allen,G-F,9,NA,5000000,NA
2009-10,1610612745,HOU,2755,Kevin Martin,G,12,NA,10180170,NA
2010-11,1610612745,HOU,2755,Kevin Martin,G,12,NA,11100005,NA
2011-12,1610612745,HOU,2755,Kevin Martin,G,12,NA,11519840,NA
2012-13,1610612760,OKC,2755,Kevin Martin,G,23,NA,12939675,NA
2013-14,1610612750,MIN,2755,Kevin Martin,G,23,NA,6500000,NA
2014-15,1610612750,MIN,2755,Kevin Martin,G,23,NA,6792500,NA
2015-16,1610612759,SAS,2755,Kevin Martin,G,23,NA,7402474,NA
2009-10,1610612747,LAL,2756,Sasha Vujacic,G,18,NA,5000000,NA
2010-11,1610612751,BKN,2756,Sasha Vujacic,G,20,NA,5475113,NA
2015-16,1610612752,NYK,2756,Sasha Vujacic,G,18,NA,1356146,NA
2016-17,1610612752,NYK,2756,Sasha Vujacic,G,18,NA,1410598,NA
2009-10,1610612758,SAC,2757,Beno Udrih,G,19,NA,6031800,NA
2010-11,1610612758,SAC,2757,Beno Udrih,G,19,NA,6478600,NA
2011-12,1610612749,MIL,2757,Beno Udrih,G,19,NA,6925400,NA
2012-13,1610612753,ORL,2757,Beno Udrih,G,19,NA,7810000,NA
2013-14,1610612763,MEM,2757,Beno Udrih,G,19,NA,1272279,NA
2014-15,1610612763,MEM,2757,Beno Udrih,G,19,NA,2077000,NA
2016-17,1610612765,DET,2757,Beno Udrih,G,19,NA,980431,NA
2009-10,1610612739,CLE,2760,Anderson Varejao,F-C,17,NA,6300000,NA
2010-11,1610612739,CLE,2760,Anderson Varejao,C,17,NA,7281818,NA
2011-12,1610612739,CLE,2760,Anderson Varejao,C,17,NA,7700000,NA
2012-13,1610612739,CLE,2760,Anderson Varejao,C,17,NA,8400000,NA
2013-14,1610612739,CLE,2760,Anderson Varejao,C,17,NA,9100000,NA
2014-15,1610612739,CLE,2760,Anderson Varejao,C,17,NA,9800000,NA
2015-16,1610612744,GSW,2760,Anderson Varejao,F,18,NA,10158574,NA
2009-10,1610612749,MIL,2767,Royal Ivey,G,11,NA,1050000,NA
2010-11,1610612760,OKC,2767,Royal Ivey,G,7,NA,1200000,NA
2012-13,1610612755,PHI,2767,Royal Ivey,G,7,NA,1223166,NA
2009-10,1610612752,NYK,2768,Chris Duhon,G,1,NA,6031800,NA
2010-11,1610612753,ORL,2768,Chris Duhon,G,25,NA,3500000,NA
2011-12,1610612753,ORL,2768,Chris Duhon,G,25,NA,3500000,NA
2012-13,1610612747,LAL,2768,Chris Duhon,G,21,NA,3680000,NA
2009-10,1610612745,HOU,2772,Trevor Ariza,G,1,NA,5854000,NA
2010-11,1610612740,NOP,2772,Trevor Ariza,F,1,NA,6322320,NA
2011-12,1610612740,NOP,2772,Trevor Ariza,F,1,NA,6790640,NA
2012-13,1610612764,WAS,2772,Trevor Ariza,F,1,NA,7258960,NA
2013-14,1610612764,WAS,2772,Trevor Ariza,F,1,NA,7727280,NA
2014-15,1610612745,HOU,2772,Trevor Ariza,F,1,NA,8600000,NA
2015-16,1610612745,HOU,2772,Trevor Ariza,F,1,NA,8200000,NA
2016-17,1610612745,HOU,2772,Trevor Ariza,F,1,NA,7800000,NA
2017-18,1610612745,HOU,2772,Trevor Ariza,F-G,1,NA,7400000,NA
2018-19,1610612764,WAS,2772,Trevor Ariza,F,1,NA,15000000,NA
2019-20,1610612757,POR,2772,Trevor Ariza,F,8,NA,12200000,NA
2020-21,1610612748,MIA,2772,Trevor Ariza,F,8,NA,12800000,NA
2009-10,1610612747,LAL,2788,DJ Mbenga,C,28,NA,NA,NA
2010-11,1610612740,NOP,2788,DJ Mbenga,C,28,NA,NA,NA
2009-10,1610612758,SAC,2804,Andres Nocioni,F-G,5,NA,7500000,NA
2010-11,1610612755,PHI,2804,Andres Nocioni,F,5,NA,6850000,NA
2009-10,1610612752,NYK,2853,Earl Barron,F-C,30,NA,NA,NA
2010-11,1610612757,POR,2853,Earl Barron,C-F,40,NA,188558,NA
2012-13,1610612752,NYK,2853,Earl Barron,C-F,42,NA,339726,NA
2014-15,1610612756,PHX,2853,Earl Barron,F-C,30,NA,390063,NA
2009-10,1610612750,MIN,2863,Damien Wilkins,F-G,3,NA,3300000,NA
2010-11,1610612737,ATL,2863,Damien Wilkins,G-F,3,NA,748656,NA
2011-12,1610612765,DET,2863,Damien Wilkins,G-F,9,NA,1146337,NA
2012-13,1610612755,PHI,2863,Damien Wilkins,G-F,8,NA,1223166,NA
2009-10,1610612749,MIL,101106,Andrew Bogut,C,6,NA,10000000,NA
2010-11,1610612749,MIL,101106,Andrew Bogut,C,6,NA,11000000,NA
2011-12,1610612744,GSW,101106,Andrew Bogut,C,12,NA,12000000,NA
2012-13,1610612744,GSW,101106,Andrew Bogut,C,12,NA,13150000,NA
2013-14,1610612744,GSW,101106,Andrew Bogut,C,12,NA,14200000,NA
2014-15,1610612744,GSW,101106,Andrew Bogut,C,12,NA,12972973,NA
2015-16,1610612744,GSW,101106,Andrew Bogut,C,12,NA,12000000,NA
2018-19,1610612744,GSW,101106,Andrew Bogut,C,12,NA,486892,NA
2009-10,1610612737,ATL,101107,Marvin Williams,F,24,NA,7500000,NA
2010-11,1610612737,ATL,101107,Marvin Williams,F,24,NA,6712500,NA
2011-12,1610612737,ATL,101107,Marvin Williams,F,24,NA,7500000,NA
2012-13,1610612762,UTA,101107,Marvin Williams,F,2,NA,8287500,NA
2013-14,1610612762,UTA,101107,Marvin Williams,F,2,NA,7500000,NA
2014-15,1610612766,CHA,101107,Marvin Williams,F,2,NA,7000000,NA
2015-16,1610612766,CHA,101107,Marvin Williams,F,2,NA,7000000,NA
2016-17,1610612766,CHA,101107,Marvin Williams,F,2,NA,12250000,NA
2017-18,1610612766,CHA,101107,Marvin Williams,F,2,NA,13168750,NA
2018-19,1610612766,CHA,101107,Marvin Williams,F,2,NA,14087500,NA
2019-20,1610612749,MIL,101107,Marvin Williams,F,20,NA,604278,NA
2009-10,1610612740,NOP,101108,Chris Paul,G,3,NA,13520500,NA
2010-11,1610612740,NOP,101108,Chris Paul,G,3,NA,14940153,NA
2011-12,1610612746,LAC,101108,Chris Paul,G,3,NA,16359805,NA
2012-13,1610612746,LAC,101108,Chris Paul,G,3,NA,17779457,NA
2013-14,1610612746,LAC,101108,Chris Paul,G,3,NA,18668431,NA
2014-15,1610612746,LAC,101108,Chris Paul,G,3,NA,20068563,NA
2015-16,1610612746,LAC,101108,Chris Paul,G,3,NA,21468695,NA
2016-17,1610612746,LAC,101108,Chris Paul,G,3,NA,22868827,NA
2017-18,1610612745,HOU,101108,Chris Paul,G,3,NA,24268959,NA
2018-19,1610612745,HOU,101108,Chris Paul,G,3,NA,35654150,NA
2019-20,1610612760,OKC,101108,Chris Paul,G,3,NA,38506482,NA
2020-21,1610612756,PHX,101108,Chris Paul,G,3,NA,41358814,NA
2021-22,1610612756,PHX,101108,Chris Paul,G,3,NA,30800000,NA
2022-23,1610612756,PHX,101108,Chris Paul,G,3,NA,28400000,NA
2023-24,1610612744,GSW,101108,Chris Paul,G,3,NA,30800000,NA
2024-25,1610612759,SAS,101108,Chris Paul,G,3,Signed on 07/07/24,10983000,NA
2009-10,1610612766,CHA,101109,Raymond Felton,G,20,NA,5501196,NA
2010-11,1610612743,DEN,101109,Raymond Felton,G,20,NA,7500000,NA
2011-12,1610612757,POR,101109,Raymond Felton,G,5,NA,7560000,NA
2012-13,1610612752,NYK,101109,Raymond Felton,G,2,NA,4000000,NA
2013-14,1610612742,DAL,101109,Raymond Felton,G,NA,NA,4180000,NA
2014-15,1610612742,DAL,101109,Raymond Felton,G,2,NA,4360000,NA
2015-16,1610612742,DAL,101109,Raymond Felton,G,2,NA,4540000,NA
2016-17,1610612746,LAC,101109,Raymond Felton,G,2,NA,1551659,NA
2017-18,1610612760,OKC,101109,Raymond Felton,G,2,NA,2328652,NA
2018-19,1610612760,OKC,101109,Raymond Felton,G,2,NA,2393887,NA
2009-10,1610612757,POR,101110,Martell Webster,F,23,NA,4344000,NA
2011-12,1610612750,MIN,101110,Martell Webster,G-F,5,NA,5256000,NA
2012-13,1610612764,WAS,101110,Martell Webster,F-G,9,NA,2200000,NA
2013-14,1610612764,WAS,101110,Martell Webster,F-G,9,NA,5150000,NA
2014-15,1610612764,WAS,101110,Martell Webster,F-G,9,NA,5381750,NA
2009-10,1610612765,DET,101111,Charlie Villanueva,F,31,NA,6500000,NA
2010-11,1610612765,DET,101111,Charlie Villanueva,F,31,NA,7020000,NA
2011-12,1610612765,DET,101111,Charlie Villanueva,F,31,NA,7540000,NA
2012-13,1610612765,DET,101111,Charlie Villanueva,F,31,NA,8060000,NA
2013-14,1610612765,DET,101111,Charlie Villanueva,F,31,NA,8580000,NA
2014-15,1610612742,DAL,101111,Charlie Villanueva,F,3,NA,1316809,NA
2015-16,1610612742,DAL,101111,Charlie Villanueva,F,3,NA,1499187,NA
2009-10,1610612756,PHX,101112,Channing Frye,C,8,NA,2000000,NA
2010-11,1610612756,PHX,101112,Channing Frye,F-C,8,NA,5200000,NA
2011-12,1610612756,PHX,101112,Channing Frye,F-C,8,NA,5600000,NA
2012-13,1610612756,PHX,101112,Channing Frye,F-C,8,NA,6000000,NA
2013-14,1610612756,PHX,101112,Channing Frye,F-C,8,NA,6400000,NA
2014-15,1610612753,ORL,101112,Channing Frye,F,8,NA,8579088,NA
2015-16,1610612739,CLE,101112,Channing Frye,F,9,NA,8193029,NA
2016-17,1610612739,CLE,101112,Channing Frye,F,8,NA,7806971,NA
2017-18,1610612747,LAL,101112,Channing Frye,F,12,NA,7420912,NA
2018-19,1610612739,CLE,101112,Channing Frye,F-C,9,NA,2393887,NA
2009-10,1610612740,NOP,101113,Ike Diogu,F,1,NA,884881,NA
2010-11,1610612746,LAC,101113,Ike Diogu,F,50,NA,608772,NA
2009-10,1610612762,UTA,101114,Deron Williams,G,8,NA,12323900,NA
2010-11,1610612751,BKN,101114,Deron Williams,G,8,NA,14940152,NA
2011-12,1610612751,BKN,101114,Deron Williams,G,8,NA,16359805,NA
2012-13,1610612751,BKN,101114,Deron Williams,G,8,NA,17177795,NA
2013-14,1610612751,BKN,101114,Deron Williams,G,8,NA,18466130,NA
2014-15,1610612751,BKN,101114,Deron Williams,G,8,NA,19754465,NA
2015-16,1610612742,DAL,101114,Deron Williams,G,8,NA,10853761,NA
2016-17,1610612739,CLE,101114,Deron Williams,G,31,NA,14885520,NA
2009-10,1610612747,LAL,101115,Andrew Bynum,C,17,NA,12526998,NA
2010-11,1610612747,LAL,101115,Andrew Bynum,C,17,NA,13700000,NA
2011-12,1610612747,LAL,101115,Andrew Bynum,C,17,NA,14900000,NA
2012-13,1610612755,PHI,101115,Andrew Bynum,C,33,NA,16473002,NA
2013-14,1610612754,IND,101115,Andrew Bynum,C,17,NA,7000000,NA
2009-10,1610612758,SAC,101118,Sean May,C-F,42,NA,884881,NA
2009-10,1610612761,TOR,101120,Antoine Wright,F-G,21,NA,2110550,NA
2009-10,1610612743,DEN,101121,Joey Graham,F-G,14,NA,884881,NA
2010-11,1610612739,CLE,101121,Joey Graham,F,12,NA,992680,NA
2009-10,1610612754,IND,101122,Danny Granger,F,33,NA,9930500,NA
2010-11,1610612754,IND,101122,Danny Granger,F,33,NA,10973202,NA
2011-12,1610612754,IND,101122,Danny Granger,F,33,NA,12015904,NA
2012-13,1610612754,IND,101122,Danny Granger,F,33,NA,13058606,NA
2013-14,1610612746,LAC,101122,Danny Granger,F,33,NA,14379240,NA
2014-15,1610612756,PHX,101122,Danny Granger,F-G,22,NA,2100000,NA
2011-12,1610612751,BKN,101123,Gerald Green,G-F,14,NA,516999,NA
2012-13,1610612754,IND,101123,Gerald Green,F,25,NA,3500000,NA
2013-14,1610612756,PHX,101123,Gerald Green,G-F,14,NA,3500000,NA
2014-15,1610612756,PHX,101123,Gerald Green,G-F,14,NA,3500000,NA
2015-16,1610612748,MIA,101123,Gerald Green,F,14,NA,1362897,NA
2016-17,1610612738,BOS,101123,Gerald Green,F,30,NA,1410598,NA
2017-18,1610612745,HOU,101123,Gerald Green,G-F,14,NA,1381403,NA
2018-19,1610612745,HOU,101123,Gerald Green,G-F,14,NA,1512601,NA
2009-10,1610612741,CHI,101124,Hakim Warrick,F,21,NA,3000000,NA
2010-11,1610612756,PHX,101124,Hakim Warrick,F,21,NA,4250000,NA
2011-12,1610612756,PHX,101124,Hakim Warrick,F,21,NA,4000000,NA
2009-10,1610612738,BOS,101126,Nate Robinson,G,4,NA,4000000,NA
2010-11,1610612760,OKC,101126,Nate Robinson,G,3,NA,4200000,NA
2011-12,1610612744,GSW,101126,Nate Robinson,G,2,NA,5483307,NA
2012-13,1610612741,CHI,101126,Nate Robinson,G,2,NA,1146337,NA
2013-14,1610612743,DEN,101126,Nate Robinson,G,10,NA,2016000,NA
2009-10,1610612761,TOR,101127,Jarrett Jack,G,1,NA,4500000,NA
2010-11,1610612740,NOP,101127,Jarrett Jack,G,2,NA,4600000,NA
2011-12,1610612740,NOP,101127,Jarrett Jack,G,2,NA,5000000,NA
2012-13,1610612744,GSW,101127,Jarrett Jack,G,2,NA,5580000,NA
2013-14,1610612739,CLE,101127,Jarrett Jack,G,1,NA,6300000,NA
2014-15,1610612751,BKN,101127,Jarrett Jack,G,0,NA,6300000,NA
2015-16,1610612751,BKN,101127,Jarrett Jack,G,2,NA,6300000,NA
2017-18,1610612752,NYK,101127,Jarrett Jack,G,55,NA,2328652,NA
2009-10,1610612758,SAC,101128,Francisco Garcia,G-F,32,NA,5800000,NA
2010-11,1610612758,SAC,101128,Francisco Garcia,F-G,32,NA,5500000,NA
2011-12,1610612758,SAC,101128,Francisco Garcia,F-G,32,NA,5800000,NA
2012-13,1610612745,HOU,101128,Francisco Garcia,G-F,32,NA,6100000,NA
2013-14,1610612745,HOU,101128,Francisco Garcia,G-F,32,NA,1265977,NA
2009-10,1610612754,IND,101129,Luther Head,G,13,NA,884881,NA
2009-10,1610612743,DEN,101130,Johan Petro,C,27,NA,884881,NA
2010-11,1610612751,BKN,101130,Johan Petro,C,27,NA,3250000,NA
2011-12,1610612751,BKN,101130,Johan Petro,C,27,NA,3250000,NA
2012-13,1610612737,ATL,101130,Johan Petro,C,10,NA,3500000,NA
2009-10,1610612765,DET,101131,Jason Maxiell,F,54,NA,5000000,NA
2010-11,1610612765,DET,101131,Jason Maxiell,F,54,NA,5000000,NA
2011-12,1610612765,DET,101131,Jason Maxiell,F,54,NA,5000000,NA
2012-13,1610612765,DET,101131,Jason Maxiell,F,54,NA,5000000,NA
2013-14,1610612753,ORL,101131,Jason Maxiell,F,54,NA,2500000,NA
2014-15,1610612766,CHA,101131,Jason Maxiell,F,54,NA,1316809,NA
2010-11,1610612761,TOR,101132,Linas Kleiza,F,11,NA,4995000,NA
2011-12,1610612761,TOR,101132,Linas Kleiza,F-G,11,NA,4605000,NA
2012-13,1610612761,TOR,101132,Linas Kleiza,F,11,NA,4600000,NA
2009-10,1610612759,SAS,101133,Ian Mahinmi,C,28,NA,1079640,NA
2010-11,1610612742,DAL,101133,Ian Mahinmi,C,28,NA,762196,NA
2011-12,1610612742,DAL,101133,Ian Mahinmi,C,28,NA,915852,NA
2012-13,1610612754,IND,101133,Ian Mahinmi,C,28,NA,4000000,NA
2013-14,1610612754,IND,101133,Ian Mahinmi,C,28,NA,4000000,NA
2014-15,1610612754,IND,101133,Ian Mahinmi,C,28,NA,4000000,NA
2015-16,1610612754,IND,101133,Ian Mahinmi,C,28,NA,4000000,NA
2016-17,1610612764,WAS,101133,Ian Mahinmi,C,28,NA,16000000,NA
2017-18,1610612764,WAS,101133,Ian Mahinmi,C,28,NA,16000000,NA
2018-19,1610612764,WAS,101133,Ian Mahinmi,C,28,NA,16000000,NA
2019-20,1610612764,WAS,101133,Ian Mahinmi,C,28,NA,15450051,NA
2009-10,1610612752,NYK,101135,David Lee,C,42,NA,7000000,NA
2010-11,1610612744,GSW,101135,David Lee,F-C,10,NA,10800000,NA
2011-12,1610612744,GSW,101135,David Lee,F-C,10,NA,11610000,NA
2012-13,1610612744,GSW,101135,David Lee,C-F,10,NA,12744000,NA
2013-14,1610612744,GSW,101135,David Lee,F,10,NA,13878000,NA
2014-15,1610612744,GSW,101135,David Lee,F-C,10,NA,15012000,NA
2015-16,1610612742,DAL,101135,David Lee,F-C,42,NA,17120776,NA
2016-17,1610612759,SAS,101135,David Lee,F-C,10,NA,1551659,NA
2009-10,1610612753,ORL,101138,Brandon Bass,F,30,NA,4000000,NA
2010-11,1610612753,ORL,101138,Brandon Bass,F,30,NA,4000000,NA
2011-12,1610612738,BOS,101138,Brandon Bass,F,30,NA,4250000,NA
2012-13,1610612738,BOS,101138,Brandon Bass,F,30,NA,6500000,NA
2013-14,1610612738,BOS,101138,Brandon Bass,F,30,NA,6750000,NA
2014-15,1610612738,BOS,101138,Brandon Bass,F-C,30,NA,6950000,NA
2015-16,1610612747,LAL,101138,Brandon Bass,F,2,NA,3000000,NA
2016-17,1610612746,LAC,101138,Brandon Bass,F,30,NA,1551659,NA
2009-10,1610612762,UTA,101139,CJ Miles,F,34,NA,3700000,NA
2010-11,1610612762,UTA,101139,CJ Miles,F,34,NA,3700000,NA
2011-12,1610612762,UTA,101139,CJ Miles,G-F,34,NA,3700000,NA
2012-13,1610612739,CLE,101139,CJ Miles,G,0,NA,2225000,NA
2013-14,1610612739,CLE,101139,CJ Miles,G,0,NA,2225000,NA
2014-15,1610612754,IND,101139,CJ Miles,G,0,NA,4205000,NA
2015-16,1610612754,IND,101139,CJ Miles,F-G,0,NA,4394225,NA
2016-17,1610612754,IND,101139,CJ Miles,F-G,0,NA,4583450,NA
2017-18,1610612761,TOR,101139,CJ Miles,F-G,0,NA,7936509,NA
2018-19,1610612763,MEM,101139,CJ Miles,F-G,6,NA,8333333,NA
2009-10,1610612749,MIL,101141,Ersan Ilyasova,F,7,NA,2100000,NA
2010-11,1610612749,MIL,101141,Ersan Ilyasova,F,7,NA,2320500,NA
2011-12,1610612749,MIL,101141,Ersan Ilyasova,F,7,NA,2541000,NA
2012-13,1610612749,MIL,101141,Ersan Ilyasova,F,7,NA,7900000,NA
2013-14,1610612749,MIL,101141,Ersan Ilyasova,F,7,NA,7900000,NA
2014-15,1610612749,MIL,101141,Ersan Ilyasova,F,7,NA,7900000,NA
2016-17,1610612737,ATL,101141,Ersan Ilyasova,F,7,NA,8400000,NA
2017-18,1610612755,PHI,101141,Ersan Ilyasova,F,23,NA,6514288,NA
2018-19,1610612749,MIL,101141,Ersan Ilyasova,F,77,NA,7000000,NA
2019-20,1610612749,MIL,101141,Ersan Ilyasova,F,7,NA,7000000,NA
2020-21,1610612762,UTA,101141,Ersan Ilyasova,F,77,NA,1194542,NA
2009-10,1610612744,GSW,101142,Ronny Turiaf,C-F,21,NA,4140000,NA
2010-11,1610612752,NYK,101142,Ronny Turiaf,C,14,NA,4000000,NA
2011-12,1610612748,MIA,101142,Ronny Turiaf,C,21,NA,4360000,NA
2012-13,1610612746,LAC,101142,Ronny Turiaf,C,21,NA,1146337,NA
2013-14,1610612750,MIN,101142,Ronny Turiaf,C,32,NA,1600000,NA
2009-10,1610612757,POR,101143,Travis Diener,G,27,NA,1740000,NA
2010-11,1610612738,BOS,101144,Von Wafer,G,12,NA,915852,NA
2011-12,1610612753,ORL,101144,Von Wafer,G,1,NA,992680,NA
2009-10,1610612744,GSW,101145,Monta Ellis,G,8,NA,11000000,NA
2010-11,1610612744,GSW,101145,Monta Ellis,G,8,NA,11000000,NA
2011-12,1610612749,MIL,101145,Monta Ellis,G,11,NA,11000000,NA
2012-13,1610612749,MIL,101145,Monta Ellis,G,11,NA,11000000,NA
2013-14,1610612742,DAL,101145,Monta Ellis,G,11,NA,8360000,NA
2014-15,1610612742,DAL,101145,Monta Ellis,G,11,NA,8720000,NA
2015-16,1610612754,IND,101145,Monta Ellis,G,11,NA,10300000,NA
2016-17,1610612754,IND,101145,Monta Ellis,G,11,NA,10763500,NA
2009-10,1610612755,PHI,101150,Lou Williams,G,23,NA,NA,NA
2010-11,1610612755,PHI,101150,Lou Williams,G,23,NA,NA,NA
2011-12,1610612755,PHI,101150,Lou Williams,G,23,NA,NA,NA
2012-13,1610612737,ATL,101150,Lou Williams,G,3,NA,NA,NA
2013-14,1610612737,ATL,101150,Lou Williams,G,3,NA,NA,NA
2014-15,1610612761,TOR,101150,Lou Williams,G,23,NA,NA,NA
2015-16,1610612747,LAL,101150,Lou Williams,G,23,NA,NA,NA
2016-17,1610612745,HOU,101150,Lou Williams,G,12,NA,NA,NA
2017-18,1610612746,LAC,101150,Lou Williams,G,23,NA,NA,NA
2018-19,1610612746,LAC,101150,Lou Williams,G,23,NA,NA,NA
2019-20,1610612746,LAC,101150,Lou Williams,G,23,NA,NA,NA
2020-21,1610612737,ATL,101150,Lou Williams,G,6,NA,NA,NA
2021-22,1610612737,ATL,101150,Lou Williams,G,6,NA,NA,NA
2012-13,1610612750,MIN,101153,Mickael Gelabale,F,15,NA,452323,NA
2009-10,1610612764,WAS,101154,Andray Blatche,F-C,7,NA,3000000,NA
2010-11,1610612764,WAS,101154,Andray Blatche,F,7,NA,5900000,NA
2011-12,1610612764,WAS,101154,Andray Blatche,F,7,NA,6442083,NA
2012-13,1610612751,BKN,101154,Andray Blatche,C-F,0,NA,7972891,NA
2013-14,1610612751,BKN,101154,Andray Blatche,C-F,0,NA,9170525,NA
2009-10,1610612750,MIN,101155,Ryan Gomes,F,8,NA,3867500,NA
2010-11,1610612746,LAC,101155,Ryan Gomes,F,15,NA,4000000,NA
2011-12,1610612746,LAC,101155,Ryan Gomes,F,15,NA,4000000,NA
2009-10,1610612761,TOR,101161,Amir Johnson,F,15,NA,3666666,NA
2010-11,1610612761,TOR,101161,Amir Johnson,F,15,NA,5000000,NA
2011-12,1610612761,TOR,101161,Amir Johnson,C-F,15,NA,5500000,NA
2012-13,1610612761,TOR,101161,Amir Johnson,F-C,15,NA,6000000,NA
2013-14,1610612761,TOR,101161,Amir Johnson,F,15,NA,6500000,NA
2014-15,1610612761,TOR,101161,Amir Johnson,F,15,NA,7000000,NA
2015-16,1610612738,BOS,101161,Amir Johnson,F,90,NA,12000000,NA
2016-17,1610612738,BOS,101161,Amir Johnson,F,90,NA,12000000,NA
2017-18,1610612755,PHI,101161,Amir Johnson,C-F,5,NA,11000000,NA
2018-19,1610612755,PHI,101161,Amir Johnson,C-F,5,NA,2393887,NA
2009-10,1610612753,ORL,101162,Marcin Gortat,C-F,13,NA,5854000,NA
2010-11,1610612756,PHX,101162,Marcin Gortat,C-F,4,NA,6322320,NA
2011-12,1610612756,PHX,101162,Marcin Gortat,C,4,NA,6790640,NA
2012-13,1610612756,PHX,101162,Marcin Gortat,C,4,NA,7258960,NA
2013-14,1610612764,WAS,101162,Marcin Gortat,C,4,NA,7727280,NA
2014-15,1610612764,WAS,101162,Marcin Gortat,C,4,NA,10434782,NA
2015-16,1610612764,WAS,101162,Marcin Gortat,C,13,NA,11217391,NA
2016-17,1610612764,WAS,101162,Marcin Gortat,C,13,NA,12000000,NA
2017-18,1610612764,WAS,101162,Marcin Gortat,C,13,NA,12782609,NA
2009-10,1610612764,WAS,101177,Fabricio Oberto,F-C,21,NA,3900000,NA
2009-10,1610612762,UTA,101179,Ronnie Price,G,17,NA,1250000,NA
2010-11,1610612762,UTA,101179,Ronnie Price,G,17,NA,1380000,NA
2011-12,1610612756,PHX,101179,Ronnie Price,G,2,NA,1069509,NA
2013-14,1610612753,ORL,101179,Ronnie Price,G,10,NA,1265977,NA
2014-15,1610612747,LAL,101179,Ronnie Price,G,9,NA,1316809,NA
2015-16,1610612756,PHX,101179,Ronnie Price,G,14,NA,1499187,NA
2016-17,1610612756,PHX,101179,Ronnie Price,G,14,NA,3251227,NA
2009-10,1610612761,TOR,101181,Jose Calderon,G,8,NA,8219009,NA
2010-11,1610612761,TOR,101181,Jose Calderon,G,8,NA,9000000,NA
2011-12,1610612761,TOR,101181,Jose Calderon,G,8,NA,9780992,NA
2012-13,1610612765,DET,101181,Jose Calderon,G,8,NA,11046591,NA
2013-14,1610612752,NYK,101181,Jose Calderon,G,NA,NA,6791570,NA
2014-15,1610612752,NYK,101181,Jose Calderon,G,3,NA,7097191,NA
2015-16,1610612752,NYK,101181,Jose Calderon,G,3,NA,7402812,NA
2016-17,1610612737,ATL,101181,Jose Calderon,G,13,NA,7708427,NA
2017-18,1610612739,CLE,101181,Jose Calderon,G,81,NA,2328652,NA
2018-19,1610612765,DET,101181,Jose Calderon,G,81,NA,2393887,NA
2009-10,1610612748,MIA,101183,Shavlik Randolph,F,42,NA,343542,NA
2012-13,1610612738,BOS,101183,Shavlik Randolph,F,42,NA,280286,NA
2013-14,1610612756,PHX,101183,Shavlik Randolph,F,43,NA,306036,NA
2011-12,1610612761,TOR,101187,Alan Anderson,F-G,6,NA,NA,NA
2012-13,1610612761,TOR,101187,Alan Anderson,G-F,6,NA,885120,NA
2013-14,1610612751,BKN,101187,Alan Anderson,F-G,6,NA,947907,NA
2014-15,1610612751,BKN,101187,Alan Anderson,G-F,6,NA,1276061,NA
2015-16,1610612764,WAS,101187,Alan Anderson,F-G,6,NA,4000000,NA
2016-17,1610612746,LAC,101187,Alan Anderson,F-G,9,NA,1315448,NA
2009-10,1610612764,WAS,101189,James Singleton,F,22,NA,1030189,NA
2011-12,1610612764,WAS,101189,James Singleton,F,3,NA,NA,NA
2009-10,1610612765,DET,101198,Will Bynum,G,12,NA,825497,NA
2010-11,1610612765,DET,101198,Will Bynum,G,12,NA,3250000,NA
2011-12,1610612765,DET,101198,Will Bynum,G,12,NA,3250000,NA
2012-13,1610612765,DET,101198,Will Bynum,G,12,NA,3500000,NA
2013-14,1610612765,DET,101198,Will Bynum,G,12,NA,2790343,NA
2014-15,1610612764,WAS,101198,Will Bynum,G,1,NA,2915908,NA
2009-10,1610612756,PHX,101204,Dwayne Jones,F-C,21,NA,NA,NA
2012-13,1610612744,GSW,101204,Dwayne Jones,F-C,27,NA,NA,NA
2009-10,1610612766,CHA,101211,Stephen Graham,G-F,23,NA,884881,NA
2010-11,1610612751,BKN,101211,Stephen Graham,G-F,26,NA,992680,NA
2009-10,1610612739,CLE,101214,Jawad Williams,F,31,NA,736420,NA
2009-10,1610612744,GSW,101235,Kelenna Azubuike,F,7,NA,3132000,NA
2011-12,1610612742,DAL,101235,Kelenna Azubuike,G,4,NA,NA,NA
2009-10,1610612745,HOU,101236,Chuck Hayes,C-F,44,NA,2111750,NA
2010-11,1610612745,HOU,101236,Chuck Hayes,C,44,NA,1972500,NA
2011-12,1610612758,SAC,101236,Chuck Hayes,F-C,42,NA,5250000,NA
2012-13,1610612758,SAC,101236,Chuck Hayes,F-C,42,NA,5486250,NA
2013-14,1610612761,TOR,101236,Chuck Hayes,F,44,NA,5722500,NA
2014-15,1610612761,TOR,101236,Chuck Hayes,C-F,44,NA,5958750,NA
2010-11,1610612741,CHI,101249,John Lucas III,G,15,NA,NA,NA
2011-12,1610612741,CHI,101249,John Lucas III,G,15,NA,NA,NA
2012-13,1610612761,TOR,101249,John Lucas III,G,5,NA,NA,NA
2013-14,1610612762,UTA,101249,John Lucas III,G,5,NA,NA,NA
2014-15,1610612765,DET,101249,John Lucas III,G,9,NA,NA,NA
2009-10,1610612739,CLE,200081,Jamario Moon,F,15,NA,2750000,NA
2010-11,1610612746,LAC,200081,Jamario Moon,F,8,NA,3000000,NA
2011-12,1610612766,CHA,200081,Jamario Moon,F,9,NA,NA,NA
2009-10,1610612761,TOR,200745,Andrea Bargnani,C,7,NA,6527491,NA
2010-11,1610612761,TOR,200745,Andrea Bargnani,C,7,NA,8500000,NA
2011-12,1610612761,TOR,200745,Andrea Bargnani,F-C,7,NA,9250000,NA
2012-13,1610612761,TOR,200745,Andrea Bargnani,F-C,7,NA,10000000,NA
2013-14,1610612752,NYK,200745,Andrea Bargnani,C-F,77,NA,11000000,NA
2014-15,1610612752,NYK,200745,Andrea Bargnani,C-F,77,NA,12000000,NA
2009-10,1610612757,POR,200746,LaMarcus Aldridge,F,12,NA,5844827,NA
2010-11,1610612757,POR,200746,LaMarcus Aldridge,F,12,NA,11244000,NA
2011-12,1610612757,POR,200746,LaMarcus Aldridge,F,12,NA,12372000,NA
2012-13,1610612757,POR,200746,LaMarcus Aldridge,C-F,12,NA,13000000,NA
2013-14,1610612757,POR,200746,LaMarcus Aldridge,F,12,NA,14100000,NA
2014-15,1610612757,POR,200746,LaMarcus Aldridge,F,12,NA,15200000,NA
2015-16,1610612759,SAS,200746,LaMarcus Aldridge,F,12,NA,19689000,NA
2016-17,1610612759,SAS,200746,LaMarcus Aldridge,F,12,NA,20575005,NA
2017-18,1610612759,SAS,200746,LaMarcus Aldridge,F,12,NA,21461010,NA
2018-19,1610612759,SAS,200746,LaMarcus Aldridge,C-F,12,NA,22347015,NA
2019-20,1610612759,SAS,200746,LaMarcus Aldridge,C-F,12,NA,26000000,NA
2021-22,1610612751,BKN,200746,LaMarcus Aldridge,C-F,21,NA,2641691,NA
2009-10,1610612747,LAL,200747,Adam Morrison,F,6,NA,5257229,NA
2009-10,1610612766,CHA,200748,Tyrus Thomas,F,12,NA,4743598,NA
2010-11,1610612766,CHA,200748,Tyrus Thomas,F,12,NA,6611570,NA
2011-12,1610612766,CHA,200748,Tyrus Thomas,F,12,NA,7305765,NA
2012-13,1610612766,CHA,200748,Tyrus Thomas,F,12,NA,8000000,NA
2009-10,1610612738,BOS,200749,Shelden Williams,F-C,13,NA,825497,NA
2010-11,1610612752,NYK,200749,Shelden Williams,F,13,NA,915852,NA
2011-12,1610612751,BKN,200749,Shelden Williams,C-F,33,NA,992680,NA
2009-10,1610612757,POR,200750,Brandon Roy,G-F,7,NA,3910816,NA
2010-11,1610612757,POR,200750,Brandon Roy,G,7,NA,13520500,NA
2012-13,1610612750,MIN,200750,Brandon Roy,G,3,NA,21459805,NA
2009-10,1610612764,WAS,200751,Randy Foye,G,15,NA,3575761,NA
2010-11,1610612746,LAC,200751,Randy Foye,G,4,NA,4250000,NA
2011-12,1610612746,LAC,200751,Randy Foye,G,4,NA,4250000,NA
2012-13,1610612762,UTA,200751,Randy Foye,G,8,NA,2500000,NA
2013-14,1610612743,DEN,200751,Randy Foye,G,4,NA,3000000,NA
2014-15,1610612743,DEN,200751,Randy Foye,G,4,NA,3000000,NA
2015-16,1610612760,OKC,200751,Randy Foye,G,6,NA,3135000,NA
2016-17,1610612751,BKN,200751,Randy Foye,G,2,NA,2500000,NA
2009-10,1610612763,MEM,200752,Rudy Gay,F,22,NA,3280997,NA
2010-11,1610612763,MEM,200752,Rudy Gay,F,22,NA,13603750,NA
2011-12,1610612763,MEM,200752,Rudy Gay,F,22,NA,15032144,NA
2012-13,1610612761,TOR,200752,Rudy Gay,F,22,NA,16460532,NA
2013-14,1610612758,SAC,200752,Rudy Gay,F,8,NA,17888932,NA
2014-15,1610612758,SAC,200752,Rudy Gay,F,8,NA,19317326,NA
2015-16,1610612758,SAC,200752,Rudy Gay,F,8,NA,12403101,NA
2016-17,1610612758,SAC,200752,Rudy Gay,F,8,NA,13333333,NA
2017-18,1610612759,SAS,200752,Rudy Gay,F,22,NA,8406000,NA
2018-19,1610612759,SAS,200752,Rudy Gay,F,22,NA,10087200,NA
2019-20,1610612759,SAS,200752,Rudy Gay,F-G,22,NA,14500000,NA
2021-22,1610612762,UTA,200752,Rudy Gay,F-G,8,NA,5890000,NA
2022-23,1610612762,UTA,200752,Rudy Gay,F-G,22,NA,6184500,NA
2023-24,1610612744,GSW,200752,Rudy Gay,F-G,33,Signed on 09/28/23,6479000,NA
2009-10,1610612761,TOR,200753,Patrick O'Bryant,C,13,NA,1620000,NA
2009-10,1610612753,ORL,200755,JJ Redick,G,7,NA,2839408,NA
2010-11,1610612753,ORL,200755,JJ Redick,G,7,NA,7250000,NA
2011-12,1610612753,ORL,200755,JJ Redick,G,7,NA,6750000,NA
2012-13,1610612749,MIL,200755,JJ Redick,G,5,NA,6000000,NA
2013-14,1610612746,LAC,200755,JJ Redick,G,4,NA,6500000,NA
2014-15,1610612746,LAC,200755,JJ Redick,G,4,NA,6792500,NA
2015-16,1610612746,LAC,200755,JJ Redick,G,4,NA,7085000,NA
2016-17,1610612746,LAC,200755,JJ Redick,G,4,NA,7377500,NA
2017-18,1610612755,PHI,200755,JJ Redick,G-F,17,NA,23000000,NA
2018-19,1610612755,PHI,200755,JJ Redick,G,17,NA,12250000,NA
2019-20,1610612740,NOP,200755,JJ Redick,G,4,NA,13486300,NA
2020-21,1610612742,DAL,200755,JJ Redick,G,17,NA,13013700,NA
2010-11,1610612737,ATL,200756,Hilton Armstrong,C-F,31,NA,992680,NA
2013-14,1610612744,GSW,200756,Hilton Armstrong,F-C,57,NA,296138,NA
2009-10,1610612760,OKC,200757,Thabo Sefolosha,G,2,NA,2759628,NA
2010-11,1610612760,OKC,200757,Thabo Sefolosha,G,2,NA,3250000,NA
2012-13,1610612760,OKC,200757,Thabo Sefolosha,G,2,NA,3600000,NA
2013-14,1610612760,OKC,200757,Thabo Sefolosha,G,25,NA,3900000,NA
2014-15,1610612737,ATL,200757,Thabo Sefolosha,F-G,25,NA,4000000,NA
2015-16,1610612737,ATL,200757,Thabo Sefolosha,F,25,NA,4000000,NA
2016-17,1610612737,ATL,200757,Thabo Sefolosha,F,25,NA,4000000,NA
2017-18,1610612762,UTA,200757,Thabo Sefolosha,F,22,NA,5250000,NA
2019-20,1610612745,HOU,200757,Thabo Sefolosha,F-G,18,NA,2564753,NA
2009-10,1610612763,MEM,200758,Ronnie Brewer,G-F,9,NA,2717161,NA
2010-11,1610612741,CHI,200758,Ronnie Brewer,G,11,NA,4790000,NA
2011-12,1610612741,CHI,200758,Ronnie Brewer,G,11,NA,4710000,NA
2012-13,1610612760,OKC,200758,Ronnie Brewer,F,8,NA,1069509,NA
2013-14,1610612741,CHI,200758,Ronnie Brewer,F,11,NA,1256250,NA
2009-10,1610612755,PHI,200760,Rodney Carney,F,25,NA,855189,NA
2010-11,1610612752,NYK,200761,Shawne Williams,F,3,NA,885210,NA
2011-12,1610612757,POR,200761,Shawne Williams,F,7,NA,3000000,NA
2014-15,1610612765,DET,200761,Shawne Williams,F,3,NA,1145685,NA
2009-10,1610612750,MIN,200762,Oleksiy Pecherov,F-C,4,NA,1547640,NA
2009-10,1610612743,DEN,200764,Renaldo Balkman,F,32,NA,2112417,NA
2010-11,1610612752,NYK,200764,Renaldo Balkman,F,32,NA,1675000,NA
2009-10,1610612738,BOS,200765,Rajon Rondo,G,9,NA,2094922,NA
2010-11,1610612738,BOS,200765,Rajon Rondo,G,9,NA,9090911,NA
2011-12,1610612738,BOS,200765,Rajon Rondo,G,9,NA,10045455,NA
2012-13,1610612738,BOS,200765,Rajon Rondo,G,9,NA,11000000,NA
2013-14,1610612738,BOS,200765,Rajon Rondo,G,9,NA,12000000,NA
2014-15,1610612742,DAL,200765,Rajon Rondo,G,9,NA,12909090,NA
2015-16,1610612758,SAC,200765,Rajon Rondo,G,9,NA,9500000,NA
2016-17,1610612741,CHI,200765,Rajon Rondo,G,9,NA,14000000,NA
2017-18,1610612740,NOP,200765,Rajon Rondo,G,9,NA,6300000,NA
2018-19,1610612747,LAL,200765,Rajon Rondo,G,9,NA,9000000,NA
2019-20,1610612747,LAL,200765,Rajon Rondo,G,9,NA,2564753,NA
2020-21,1610612746,LAC,200765,Rajon Rondo,G,4,NA,7500000,NA
2021-22,1610612739,CLE,200765,Rajon Rondo,G,1,NA,7500000,NA
2009-10,1610612763,MEM,200766,Marcus Williams,G,5,NA,855189,NA
2009-10,1610612751,BKN,200767,Josh Boone,F-C,2,NA,2056968,NA
2009-10,1610612745,HOU,200768,Kyle Lowry,G,7,NA,2034997,NA
2010-11,1610612745,HOU,200768,Kyle Lowry,G,7,NA,5750000,NA
2011-12,1610612745,HOU,200768,Kyle Lowry,G,7,NA,5750000,NA
2012-13,1610612761,TOR,200768,Kyle Lowry,G,3,NA,5750000,NA
2013-14,1610612761,TOR,200768,Kyle Lowry,G,7,NA,6210000,NA
2014-15,1610612761,TOR,200768,Kyle Lowry,G,7,NA,12000000,NA
2015-16,1610612761,TOR,200768,Kyle Lowry,G,7,NA,12000000,NA
2016-17,1610612761,TOR,200768,Kyle Lowry,G,7,NA,12000000,NA
2017-18,1610612761,TOR,200768,Kyle Lowry,G,7,NA,28903704,NA
2018-19,1610612761,TOR,200768,Kyle Lowry,G,7,NA,32700000,NA
2019-20,1610612761,TOR,200768,Kyle Lowry,G,7,NA,33296296,NA
2020-21,1610612761,TOR,200768,Kyle Lowry,G,7,NA,30500000,NA
2021-22,1610612748,MIA,200768,Kyle Lowry,G,7,Traded from TOR on 08/06/21,26984128,NA
2022-23,1610612748,MIA,200768,Kyle Lowry,G,7,NA,28333334,NA
2023-24,1610612748,MIA,200768,Kyle Lowry,G,7,NA,29682540,NA
2024-25,1610612755,PHI,200768,Kyle Lowry,G,7,Signed on 02/13/24,3303771,NA
2009-10,1610612747,LAL,200769,Shannon Brown,G,12,NA,2000000,NA
2010-11,1610612747,LAL,200769,Shannon Brown,G,12,NA,2200000,NA
2011-12,1610612756,PHX,200769,Shannon Brown,G,26,NA,3500000,NA
2012-13,1610612756,PHX,200769,Shannon Brown,G,26,NA,3500000,NA
2013-14,1610612752,NYK,200769,Shannon Brown,G,26,NA,481562,NA
2009-10,1610612747,LAL,200770,Jordan Farmar,G,1,NA,1947240,NA
2010-11,1610612751,BKN,200770,Jordan Farmar,G,2,NA,3750000,NA
2011-12,1610612751,BKN,200770,Jordan Farmar,G,2,NA,4000000,NA
2013-14,1610612747,LAL,200770,Jordan Farmar,G,1,NA,1106942,NA
2015-16,1610612763,MEM,200770,Jordan Farmar,G,4,NA,2291455,NA
2009-10,1610612752,NYK,200771,Sergio Rodriguez,G,13,NA,1892035,NA
2016-17,1610612755,PHI,200771,Sergio Rodriguez,G,14,NA,6800000,NA
2009-10,1610612746,LAC,200776,Mardy Collins,G,25,NA,1867742,NA
2012-13,1610612757,POR,200777,Joel Freeland,F,19,NA,2900000,NA
2013-14,1610612757,POR,200777,Joel Freeland,C-F,19,NA,3000000,NA
2014-15,1610612757,POR,200777,Joel Freeland,C-F,19,NA,3100000,NA
2012-13,1610612752,NYK,200778,James White,G-F,4,NA,854389,NA
2009-10,1610612746,LAC,200779,Steve Novak,F,20,NA,855189,NA
2010-11,1610612759,SAS,200779,Steve Novak,F,23,NA,734945,NA
2011-12,1610612752,NYK,200779,Steve Novak,F,16,NA,992680,NA
2012-13,1610612752,NYK,200779,Steve Novak,F,16,NA,4054055,NA
2013-14,1610612761,TOR,200779,Steve Novak,F,16,NA,3750001,NA
2014-15,1610612760,OKC,200779,Steve Novak,F,6,NA,3445947,NA
2015-16,1610612749,MIL,200779,Steve Novak,F,6,NA,3758017,NA
2009-10,1610612754,IND,200780,Solomon Jones,F-C,44,NA,1620000,NA
2010-11,1610612754,IND,200780,Solomon Jones,F,44,NA,1500000,NA
2012-13,1610612756,PHX,200782,P.J. Tucker,F,17,NA,NA,NA
2013-14,1610612756,PHX,200782,P.J. Tucker,F-G,17,NA,NA,NA
2014-15,1610612756,PHX,200782,P.J. Tucker,F-G,17,NA,NA,NA
2015-16,1610612756,PHX,200782,P.J. Tucker,F,17,NA,NA,NA
2016-17,1610612761,TOR,200782,P.J. Tucker,F,2,NA,NA,NA
2017-18,1610612745,HOU,200782,P.J. Tucker,F,4,NA,NA,NA
2018-19,1610612745,HOU,200782,P.J. Tucker,F,17,NA,NA,NA
2019-20,1610612745,HOU,200782,P.J. Tucker,F,17,NA,NA,NA
2020-21,1610612749,MIL,200782,P.J. Tucker,F,17,NA,NA,NA
2021-22,1610612748,MIA,200782,P.J. Tucker,F,17,NA,NA,NA
2022-23,1610612755,PHI,200782,P.J. Tucker,F,17,Signed on 07/06/22,NA,NA
2023-24,1610612755,PHI,200782,P.J. Tucker,F,17,NA,NA,NA
2024-25,1610612746,LAC,200782,P.J. Tucker,F,17,Traded from PHI on 11/01/23,NA,NA
2024-25,1610612752,NYK,200782,P.J. Tucker,F,17,Traded from LAC on 10/03/25,NA,2025-03-10
2009-10,1610612746,LAC,200783,Craig Smith,F,5,NA,2500000,NA
2010-11,1610612746,LAC,200783,Craig Smith,F,1,NA,2300000,NA
2011-12,1610612757,POR,200783,Craig Smith,F,83,NA,992680,NA
2009-10,1610612739,CLE,200789,Daniel Gibson,G,1,NA,4088500,NA
2010-11,1610612739,CLE,200789,Daniel Gibson,G,1,NA,4015334,NA
2011-12,1610612739,CLE,200789,Daniel Gibson,G,1,NA,4403834,NA
2012-13,1610612739,CLE,200789,Daniel Gibson,G,1,NA,4792332,NA
2009-10,1610612745,HOU,200792,Alexander Johnson,F,30,NA,NA,NA
2009-10,1610612762,UTA,200794,Paul Millsap,F-C,24,NA,7692932,NA
2010-11,1610612762,UTA,200794,Paul Millsap,F,24,NA,7600000,NA
2011-12,1610612762,UTA,200794,Paul Millsap,F,24,NA,8103435,NA
2012-13,1610612762,UTA,200794,Paul Millsap,F,24,NA,7200000,NA
2013-14,1610612737,ATL,200794,Paul Millsap,F,4,NA,9500000,NA
2014-15,1610612737,ATL,200794,Paul Millsap,F,4,NA,9500000,NA
2015-16,1610612737,ATL,200794,Paul Millsap,F,4,NA,18671659,NA
2016-17,1610612737,ATL,200794,Paul Millsap,F,4,NA,20072033,NA
2017-18,1610612743,DEN,200794,Paul Millsap,F,4,NA,30769231,NA
2018-19,1610612743,DEN,200794,Paul Millsap,F,4,NA,29230769,NA
2019-20,1610612743,DEN,200794,Paul Millsap,F,4,NA,30350000,NA
2020-21,1610612743,DEN,200794,Paul Millsap,F,4,NA,10100000,NA
2021-22,1610612755,PHI,200794,Paul Millsap,F,8,NA,2641691,NA
2009-10,1610612739,CLE,200796,Leon Powe,F,44,NA,855189,NA
2010-11,1610612763,MEM,200796,Leon Powe,F,7,NA,915852,NA
2009-10,1610612750,MIN,200797,Ryan Hollins,C,1,NA,2183333,NA
2010-11,1610612739,CLE,200797,Ryan Hollins,C,5,NA,2333333,NA
2011-12,1610612738,BOS,200797,Ryan Hollins,C,50,NA,2483333,NA
2012-13,1610612746,LAC,200797,Ryan Hollins,C,15,NA,1069509,NA
2013-14,1610612746,LAC,200797,Ryan Hollins,C,15,NA,1186459,NA
2014-15,1610612758,SAC,200797,Ryan Hollins,C,5,NA,1310286,NA
2009-10,1610612751,BKN,200809,Chris Quinn,G,1,NA,1055000,NA
2010-11,1610612759,SAS,200809,Chris Quinn,G,11,NA,861978,NA
2012-13,1610612739,CLE,200809,Chris Quinn,G,20,NA,169339,NA
2009-10,1610612756,PHX,200811,Lou Amundson,F,17,NA,NA,NA
2010-11,1610612744,GSW,200811,Lou Amundson,F,19,NA,NA,NA
2011-12,1610612754,IND,200811,Lou Amundson,F,17,NA,NA,NA
2013-14,1610612741,CHI,200811,Lou Amundson,F,17,NA,NA,NA
2014-15,1610612752,NYK,200811,Lou Amundson,F,21,NA,NA,NA
2015-16,1610612752,NYK,200811,Lou Amundson,F,17,NA,NA,NA
2010-11,1610612758,SAC,200817,Pooh Jeter,G,5,NA,473604,NA
2009-10,1610612748,MIA,200821,Yakhouba Diawara,F-G,9,NA,945000,NA
2009-10,1610612742,DAL,200826,J.J. Barea,G,11,NA,NA,NA
2010-11,1610612742,DAL,200826,J.J. Barea,G,11,NA,NA,NA
2011-12,1610612750,MIN,200826,J.J. Barea,G,11,NA,NA,NA
2012-13,1610612750,MIN,200826,J.J. Barea,G,11,NA,NA,NA
2013-14,1610612750,MIN,200826,J.J. Barea,G,11,NA,NA,NA
2014-15,1610612742,DAL,200826,J.J. Barea,G,5,NA,NA,NA
2015-16,1610612742,DAL,200826,J.J. Barea,G,5,NA,NA,NA
2016-17,1610612742,DAL,200826,J.J. Barea,G,5,NA,NA,NA
2017-18,1610612742,DAL,200826,J.J. Barea,G,5,NA,NA,NA
2018-19,1610612742,DAL,200826,J.J. Barea,G,5,NA,NA,NA
2019-20,1610612742,DAL,200826,J.J. Barea,G,5,NA,NA,NA
2009-10,1610612745,HOU,200839,Mike Harris,F,33,NA,64978,NA
2011-12,1610612765,DET,201041,Walker Russell,G,23,NA,374289,NA
2009-10,1610612737,ATL,201043,Randolph Morris,C,33,NA,855189,NA
2009-10,1610612757,POR,201141,Greg Oden,C,52,NA,5361240,NA
2010-11,1610612757,POR,201141,Greg Oden,C,52,NA,6760524,NA
2013-14,1610612748,MIA,201141,Greg Oden,C,20,NA,1027424,NA
2009-10,1610612760,OKC,201142,Kevin Durant,F,35,NA,4796880,NA
2010-11,1610612760,OKC,201142,Kevin Durant,F,35,NA,6053663,NA
2012-13,1610612760,OKC,201142,Kevin Durant,F,35,NA,17548838,NA
2013-14,1610612760,OKC,201142,Kevin Durant,F,35,NA,18773176,NA
2014-15,1610612760,OKC,201142,Kevin Durant,F,35,NA,19997513,NA
2015-16,1610612760,OKC,201142,Kevin Durant,F,35,NA,21971850,NA
2016-17,1610612744,GSW,201142,Kevin Durant,F,35,NA,26540100,NA
2017-18,1610612744,GSW,201142,Kevin Durant,F,35,NA,25000000,NA
2018-19,1610612744,GSW,201142,Kevin Durant,F,35,NA,30000000,NA
2019-20,1610612751,BKN,201142,Kevin Durant,F,7,NA,37199000,NA
2020-21,1610612751,BKN,201142,Kevin Durant,F,7,NA,40108950,NA
2021-22,1610612751,BKN,201142,Kevin Durant,F,7,NA,42018900,NA
2022-23,1610612751,BKN,201142,Kevin Durant,F,35,NA,44119845,NA
2022-23,1610612756,PHX,201142,Kevin Durant,F,35,Traded from BKN on 02/09/23,44119845,2023-02-09
2023-24,1610612756,PHX,201142,Kevin Durant,F,35,NA,47649433,NA
2024-25,1610612756,PHX,201142,Kevin Durant,F,35,NA,51179020,NA
2009-10,1610612737,ATL,201143,Al Horford,C,15,NA,4307640,NA
2010-11,1610612737,ATL,201143,Al Horford,C-F,15,NA,5444857,NA
2011-12,1610612737,ATL,201143,Al Horford,C-F,15,NA,12000000,NA
2012-13,1610612737,ATL,201143,Al Horford,C-F,15,NA,12000000,NA
2013-14,1610612737,ATL,201143,Al Horford,C-F,15,NA,12000000,NA
2014-15,1610612737,ATL,201143,Al Horford,C-F,15,NA,12000000,NA
2015-16,1610612737,ATL,201143,Al Horford,C-F,15,NA,12000000,NA
2016-17,1610612738,BOS,201143,Al Horford,C,42,NA,26540100,NA
2017-18,1610612738,BOS,201143,Al Horford,F-C,42,NA,27734405,NA
2018-19,1610612738,BOS,201143,Al Horford,C-F,42,NA,28928710,NA
2019-20,1610612755,PHI,201143,Al Horford,C-F,42,NA,28000000,NA
2020-21,1610612738,BOS,201143,Al Horford,C-F,42,NA,27500000,NA
2021-22,1610612738,BOS,201143,Al Horford,C-F,42,NA,27000000,NA
2022-23,1610612738,BOS,201143,Al Horford,C-F,42,NA,26500000,NA
2023-24,1610612738,BOS,201143,Al Horford,C-F,42,NA,10000000,NA
2024-25,1610612738,BOS,201143,Al Horford,C-F,42,NA,9500000,NA
2009-10,1610612763,MEM,201144,Mike Conley,G,11,NA,3883800,NA
2010-11,1610612763,MEM,201144,Mike Conley,G,11,NA,4913007,NA
2011-12,1610612763,MEM,201144,Mike Conley,G,11,NA,6611571,NA
2012-13,1610612763,MEM,201144,Mike Conley,G,11,NA,7180000,NA
2013-14,1610612763,MEM,201144,Mike Conley,G,11,NA,7900000,NA
2014-15,1610612763,MEM,201144,Mike Conley,G,11,NA,8760000,NA
2015-16,1610612763,MEM,201144,Mike Conley,G,11,NA,9680000,NA
2016-17,1610612763,MEM,201144,Mike Conley,G,11,NA,26540100,NA
2017-18,1610612763,MEM,201144,Mike Conley,G,11,NA,28530608,NA
2018-19,1610612763,MEM,201144,Mike Conley,G,11,NA,30521115,NA
2019-20,1610612762,UTA,201144,Mike Conley,G,10,NA,32511623,NA
2020-21,1610612762,UTA,201144,Mike Conley,G,10,NA,34502132,NA
2021-22,1610612762,UTA,201144,Mike Conley,G,11,NA,21000000,NA
2022-23,1610612762,UTA,201144,Mike Conley,G,10,NA,22680000,NA
2022-23,1610612750,MIN,201144,Mike Conley,G,10,Traded from UTA on 02/09/23,22680000,2023-02-09
2023-24,1610612750,MIN,201144,Mike Conley,G,10,NA,24360000,NA
2024-25,1610612750,MIN,201144,Mike Conley,G,10,NA,9975962,NA
2009-10,1610612760,OKC,201145,Jeff Green,F,22,NA,3516960,NA
2010-11,1610612738,BOS,201145,Jeff Green,F,8,NA,4455988,NA
2012-13,1610612738,BOS,201145,Jeff Green,F,8,NA,8100000,NA
2013-14,1610612738,BOS,201145,Jeff Green,F,8,NA,8700000,NA
2014-15,1610612763,MEM,201145,Jeff Green,F,32,NA,9200000,NA
2015-16,1610612746,LAC,201145,Jeff Green,F,8,NA,9200000,NA
2016-17,1610612753,ORL,201145,Jeff Green,F,34,NA,15000000,NA
2017-18,1610612739,CLE,201145,Jeff Green,F,32,NA,2116955,NA
2018-19,1610612764,WAS,201145,Jeff Green,F,32,NA,2393887,NA
2019-20,1610612745,HOU,201145,Jeff Green,F,32,NA,840427,NA
2020-21,1610612751,BKN,201145,Jeff Green,F,8,NA,2564753,NA
2021-22,1610612743,DEN,201145,Jeff Green,F,32,NA,4500000,NA
2022-23,1610612743,DEN,201145,Jeff Green,F,32,NA,4500000,NA
2023-24,1610612745,HOU,201145,Jeff Green,F,32,NA,8000000,NA
2024-25,1610612745,HOU,201145,Jeff Green,F,32,NA,8000000,NA
2009-10,1610612751,BKN,201146,Yi Jianlian,F,9,NA,3194400,NA
2010-11,1610612764,WAS,201146,Yi Jianlian,F,31,NA,4050499,NA
2011-12,1610612742,DAL,201146,Yi Jianlian,F,9,NA,827197,NA
2009-10,1610612750,MIN,201147,Corey Brewer,G-F,22,NA,2916120,NA
2010-11,1610612742,DAL,201147,Corey Brewer,F,13,NA,3703472,NA
2011-12,1610612743,DEN,201147,Corey Brewer,F,13,NA,3059000,NA
2012-13,1610612743,DEN,201147,Corey Brewer,F,13,NA,3243000,NA
2013-14,1610612750,MIN,201147,Corey Brewer,F,13,NA,4500000,NA
2014-15,1610612745,HOU,201147,Corey Brewer,G-F,33,NA,4702500,NA
2015-16,1610612745,HOU,201147,Corey Brewer,G-F,33,NA,8229375,NA
2016-17,1610612747,LAL,201147,Corey Brewer,F,3,NA,7612172,NA
2017-18,1610612760,OKC,201147,Corey Brewer,G-F,3,NA,8105615,NA
2018-19,1610612758,SAC,201147,Corey Brewer,G-F,33,NA,2559925,NA
2009-10,1610612744,GSW,201148,Brandan Wright,F,32,NA,2671440,NA
2010-11,1610612751,BKN,201148,Brandan Wright,F,34,NA,3398072,NA
2011-12,1610612742,DAL,201148,Brandan Wright,F,34,NA,915852,NA
2012-13,1610612742,DAL,201148,Brandan Wright,C-F,34,NA,992680,NA
2013-14,1610612742,DAL,201148,Brandan Wright,F,34,NA,5000000,NA
2014-15,1610612756,PHX,201148,Brandan Wright,F,32,NA,5000000,NA
2015-16,1610612763,MEM,201148,Brandan Wright,F,34,NA,5464000,NA
2016-17,1610612763,MEM,201148,Brandan Wright,F,34,NA,5709880,NA
2009-10,1610612741,CHI,201149,Joakim Noah,C-F,13,NA,2455680,NA
2010-11,1610612741,CHI,201149,Joakim Noah,C,13,NA,3128536,NA
2011-12,1610612741,CHI,201149,Joakim Noah,C,13,NA,12000000,NA
2012-13,1610612741,CHI,201149,Joakim Noah,C,13,NA,11050000,NA
2013-14,1610612741,CHI,201149,Joakim Noah,C,13,NA,11600000,NA
2014-15,1610612741,CHI,201149,Joakim Noah,C,13,NA,12700000,NA
2015-16,1610612741,CHI,201149,Joakim Noah,C,13,NA,13400000,NA
2016-17,1610612752,NYK,201149,Joakim Noah,C,13,NA,17000000,NA
2017-18,1610612752,NYK,201149,Joakim Noah,C,13,NA,17765000,NA
2018-19,1610612763,MEM,201149,Joakim Noah,C,55,NA,20261172,NA
2019-20,1610612746,LAC,201149,Joakim Noah,F-C,55,NA,381360,NA
2009-10,1610612758,SAC,201150,Spencer Hawes,C-F,31,NA,2332800,NA
2010-11,1610612755,PHI,201150,Spencer Hawes,C,0,NA,2974320,NA
2011-12,1610612755,PHI,201150,Spencer Hawes,C,0,NA,4051024,NA
2012-13,1610612755,PHI,201150,Spencer Hawes,C-F,0,NA,6500000,NA
2013-14,1610612739,CLE,201150,Spencer Hawes,C,32,NA,6500000,NA
2014-15,1610612746,LAC,201150,Spencer Hawes,F-C,10,NA,5305000,NA
2015-16,1610612766,CHA,201150,Spencer Hawes,F-C,0,NA,5543725,NA
2016-17,1610612749,MIL,201150,Spencer Hawes,F-C,0,NA,5782450,NA
2009-10,1610612741,CHI,201151,Acie Law,G,0,NA,2216160,NA
2010-11,1610612744,GSW,201151,Acie Law,G,2,NA,859087,NA
2009-10,1610612755,PHI,201152,Thaddeus Young,F,21,NA,2105400,NA
2010-11,1610612755,PHI,201152,Thaddeus Young,F,21,NA,2901241,NA
2011-12,1610612755,PHI,201152,Thaddeus Young,F,21,NA,7478261,NA
2012-13,1610612755,PHI,201152,Thaddeus Young,F,21,NA,8039130,NA
2013-14,1610612755,PHI,201152,Thaddeus Young,F,21,NA,8600000,NA
2014-15,1610612751,BKN,201152,Thaddeus Young,F,30,NA,9160870,NA
2015-16,1610612751,BKN,201152,Thaddeus Young,F,30,NA,11235955,NA
2016-17,1610612754,IND,201152,Thaddeus Young,F,21,NA,12078652,NA
2017-18,1610612754,IND,201152,Thaddeus Young,F,21,NA,12921348,NA
2018-19,1610612754,IND,201152,Thaddeus Young,F,21,NA,13764045,NA
2019-20,1610612741,CHI,201152,Thaddeus Young,F,21,NA,12900000,NA
2020-21,1610612741,CHI,201152,Thaddeus Young,F,21,NA,13545000,NA
2021-22,1610612759,SAS,201152,Thaddeus Young,F,21,NA,14190000,NA
2021-22,1610612761,TOR,201152,Thaddeus Young,F,21,Traded from SAS on 02/10/22,14190000,2022-02-10
2022-23,1610612761,TOR,201152,Thaddeus Young,F,21,NA,8000000,NA
2023-24,1610612761,TOR,201152,Thaddeus Young,F,21,NA,9010371,NA
2009-10,1610612740,NOP,201153,Julian Wright,F,32,NA,2000040,NA
2010-11,1610612761,TOR,201153,Julian Wright,F,14,NA,2858057,NA
2009-10,1610612764,WAS,201154,Al Thornton,F,14,NA,1900200,NA
2010-11,1610612744,GSW,201154,Al Thornton,F,23,NA,2814196,NA
2009-10,1610612765,DET,201155,Rodney Stuckey,G,3,NA,1805040,NA
2010-11,1610612765,DET,201155,Rodney Stuckey,G,3,NA,2767126,NA
2011-12,1610612765,DET,201155,Rodney Stuckey,G,3,NA,8500000,NA
2012-13,1610612765,DET,201155,Rodney Stuckey,G,3,NA,8500000,NA
2013-14,1610612765,DET,201155,Rodney Stuckey,G,3,NA,8500000,NA
2014-15,1610612754,IND,201155,Rodney Stuckey,G,2,NA,1227985,NA
2015-16,1610612754,IND,201155,Rodney Stuckey,G,2,NA,7000000,NA
2009-10,1610612764,WAS,201156,Nick Young,G,1,NA,1714800,NA
2010-11,1610612764,WAS,201156,Nick Young,G,1,NA,2630503,NA
2011-12,1610612746,LAC,201156,Nick Young,G,11,NA,3695857,NA
2012-13,1610612755,PHI,201156,Nick Young,G-F,1,NA,6000000,NA
2013-14,1610612747,LAL,201156,Nick Young,F-G,0,NA,1106942,NA
2014-15,1610612747,LAL,201156,Nick Young,F-G,0,NA,4994420,NA
2015-16,1610612747,LAL,201156,Nick Young,F-G,0,NA,5219169,NA
2016-17,1610612747,LAL,201156,Nick Young,G-F,0,NA,5443918,NA
2017-18,1610612744,GSW,201156,Nick Young,G-F,6,NA,5192000,NA
2011-12,1610612738,BOS,201157,Sean Williams,F-C,56,NA,885120,NA
2009-10,1610612761,TOR,201158,Marco Belinelli,G,0,NA,1547640,NA
2010-11,1610612740,NOP,201158,Marco Belinelli,G,8,NA,2380270,NA
2011-12,1610612740,NOP,201158,Marco Belinelli,G,8,NA,3377604,NA
2012-13,1610612741,CHI,201158,Marco Belinelli,G,8,NA,1957000,NA
2013-14,1610612759,SAS,201158,Marco Belinelli,G,3,NA,2750000,NA
2014-15,1610612759,SAS,201158,Marco Belinelli,F-G,3,NA,2873750,NA
2015-16,1610612758,SAC,201158,Marco Belinelli,G-F,3,NA,6060606,NA
2016-17,1610612766,CHA,201158,Marco Belinelli,G-F,21,NA,6333333,NA
2017-18,1610612755,PHI,201158,Marco Belinelli,G-F,18,NA,7082277,NA
2018-19,1610612759,SAS,201158,Marco Belinelli,G-F,18,NA,6153846,NA
2019-20,1610612759,SAS,201158,Marco Belinelli,G,18,NA,5846154,NA
2009-10,1610612764,WAS,201159,Javaris Crittenton,G,8,NA,1477920,NA
2009-10,1610612755,PHI,201160,Jason Smith,F-C,14,NA,1418880,NA
2010-11,1610612740,NOP,201160,Jason Smith,C-F,14,NA,2187913,NA
2011-12,1610612740,NOP,201160,Jason Smith,F-C,14,NA,2500000,NA
2013-14,1610612740,NOP,201160,Jason Smith,C-F,14,NA,2500000,NA
2014-15,1610612752,NYK,201160,Jason Smith,F-C,14,NA,3278000,NA
2016-17,1610612764,WAS,201160,Jason Smith,F-C,14,NA,5000000,NA
2017-18,1610612764,WAS,201160,Jason Smith,F-C,14,NA,5225000,NA
2009-10,1610612748,MIA,201161,Daequan Cook,G,14,NA,1362120,NA
2010-11,1610612760,OKC,201161,Daequan Cook,G,14,NA,2169857,NA
2012-13,1610612741,CHI,201161,Daequan Cook,G,14,NA,3602675,NA
2009-10,1610612756,PHX,201162,Jared Dudley,F,3,NA,1307640,NA
2010-11,1610612756,PHX,201162,Jared Dudley,G-F,3,NA,2151068,NA
2011-12,1610612756,PHX,201162,Jared Dudley,G-F,3,NA,4250000,NA
2012-13,1610612756,PHX,201162,Jared Dudley,G-F,3,NA,4250000,NA
2013-14,1610612746,LAC,201162,Jared Dudley,F,9,NA,4250000,NA
2014-15,1610612749,MIL,201162,Jared Dudley,F-G,9,NA,4250000,NA
2015-16,1610612764,WAS,201162,Jared Dudley,F,1,NA,4250000,NA
2016-17,1610612756,PHX,201162,Jared Dudley,F,3,NA,10470000,NA
2017-18,1610612756,PHX,201162,Jared Dudley,F,3,NA,10000000,NA
2018-19,1610612751,BKN,201162,Jared Dudley,F,6,NA,9530000,NA
2019-20,1610612747,LAL,201162,Jared Dudley,F,10,NA,2564753,NA
2020-21,1610612747,LAL,201162,Jared Dudley,F,10,NA,2564753,NA
2009-10,1610612752,NYK,201163,Wilson Chandler,G-F,21,NA,1255440,NA
2010-11,1610612743,DEN,201163,Wilson Chandler,F,21,NA,2130482,NA
2011-12,1610612743,DEN,201163,Wilson Chandler,F,21,NA,NA,NA
2012-13,1610612743,DEN,201163,Wilson Chandler,F,21,NA,5930415,NA
2013-14,1610612743,DEN,201163,Wilson Chandler,F,21,NA,6344164,NA
2014-15,1610612743,DEN,201163,Wilson Chandler,F,21,NA,6754913,NA
2015-16,1610612743,DEN,201163,Wilson Chandler,F,21,NA,10449438,NA
2016-17,1610612743,DEN,201163,Wilson Chandler,F,21,NA,11233146,NA
2017-18,1610612743,DEN,201163,Wilson Chandler,F,21,NA,12016854,NA
2018-19,1610612746,LAC,201163,Wilson Chandler,F,22,NA,12800562,NA
2019-20,1610612751,BKN,201163,Wilson Chandler,F,21,NA,2564753,NA
2009-10,1610612757,POR,201164,Rudy Fernandez,G,5,NA,1165320,NA
2010-11,1610612757,POR,201164,Rudy Fernandez,G,5,NA,1246680,NA
2011-12,1610612743,DEN,201164,Rudy Fernandez,G,5,NA,2180443,NA
2011-12,1610612764,WAS,201165,Morris Almond,G,21,NA,NA,NA
2009-10,1610612745,HOU,201166,Aaron Brooks,G,0,NA,1118520,NA
2010-11,1610612756,PHX,201166,Aaron Brooks,G,0,NA,2016692,NA
2012-13,1610612745,HOU,201166,Aaron Brooks,G,0,NA,5750000,NA
2013-14,1610612743,DEN,201166,Aaron Brooks,G,0,NA,1027424,NA
2014-15,1610612741,CHI,201166,Aaron Brooks,G,0,NA,915243,NA
2015-16,1610612741,CHI,201166,Aaron Brooks,G,0,NA,2250000,NA
2016-17,1610612754,IND,201166,Aaron Brooks,G,0,NA,2700000,NA
2017-18,1610612750,MIN,201166,Aaron Brooks,G,30,NA,2116955,NA
2009-10,1610612743,DEN,201167,Arron Afflalo,G,6,NA,1086240,NA
2010-11,1610612743,DEN,201167,Arron Afflalo,G,6,NA,1959577,NA
2011-12,1610612743,DEN,201167,Arron Afflalo,G,6,NA,7562500,NA
2012-13,1610612753,ORL,201167,Arron Afflalo,G-F,4,NA,7562500,NA
2013-14,1610612753,ORL,201167,Arron Afflalo,G-F,4,NA,7562500,NA
2014-15,1610612757,POR,201167,Arron Afflalo,G,4,NA,7562500,NA
2015-16,1610612752,NYK,201167,Arron Afflalo,G,4,NA,8000000,NA
2016-17,1610612758,SAC,201167,Arron Afflalo,G,40,NA,12500000,NA
2017-18,1610612753,ORL,201167,Arron Afflalo,G,4,NA,5328652,NA
2010-11,1610612759,SAS,201168,Tiago Splitter,F,22,NA,3400000,NA
2011-12,1610612759,SAS,201168,Tiago Splitter,F-C,22,NA,3672000,NA
2012-13,1610612759,SAS,201168,Tiago Splitter,C,22,NA,3944000,NA
2013-14,1610612759,SAS,201168,Tiago Splitter,C,22,NA,10000000,NA
2014-15,1610612759,SAS,201168,Tiago Splitter,C,22,NA,9250000,NA
2015-16,1610612737,ATL,201168,Tiago Splitter,C-F,11,NA,8500000,NA
2016-17,1610612755,PHI,201168,Tiago Splitter,C-F,47,NA,8250000,NA
2009-10,1610612758,SAC,201171,Carl Landry,F,24,NA,3000000,NA
2010-11,1610612740,NOP,201171,Carl Landry,F,24,NA,3000000,NA
2011-12,1610612740,NOP,201171,Carl Landry,F,24,NA,8500000,NA
2012-13,1610612744,GSW,201171,Carl Landry,F,7,NA,4000000,NA
2013-14,1610612758,SAC,201171,Carl Landry,F,24,NA,6750000,NA
2014-15,1610612758,SAC,201171,Carl Landry,F,24,NA,6750000,NA
2015-16,1610612755,PHI,201171,Carl Landry,F,7,NA,6750000,NA
2009-10,1610612738,BOS,201175,Glen Davis,F,11,NA,3000000,NA
2010-11,1610612738,BOS,201175,Glen Davis,F-C,11,NA,3300000,NA
2011-12,1610612753,ORL,201175,Glen Davis,C-F,11,NA,6300000,NA
2012-13,1610612753,ORL,201175,Glen Davis,F-C,11,NA,6400000,NA
2013-14,1610612746,LAC,201175,Glen Davis,F-C,0,NA,6750000,NA
2014-15,1610612746,LAC,201175,Glen Davis,F-C,0,NA,7827985,NA
2009-10,1610612754,IND,201177,Josh McRoberts,F,32,NA,825497,NA
2010-11,1610612754,IND,201177,Josh McRoberts,F,32,NA,885120,NA
2011-12,1610612747,LAL,201177,Josh McRoberts,F,6,NA,3000000,NA
2012-13,1610612766,CHA,201177,Josh McRoberts,F,11,NA,3135000,NA
2013-14,1610612766,CHA,201177,Josh McRoberts,F,11,NA,2652000,NA
2014-15,1610612748,MIA,201177,Josh McRoberts,F,4,NA,5305000,NA
2015-16,1610612748,MIA,201177,Josh McRoberts,F,4,NA,5543725,NA
2016-17,1610612748,MIA,201177,Josh McRoberts,F,4,NA,5782450,NA
2009-10,1610612762,UTA,201178,Kyrylo Fesenko,C,44,NA,870000,NA
2010-11,1610612762,UTA,201178,Kyrylo Fesenko,C,44,NA,1087500,NA
2011-12,1610612754,IND,201178,Kyrylo Fesenko,C,44,NA,NA,NA
2009-10,1610612741,CHI,201181,Chris Richard,F,35,NA,43319,NA
2011-12,1610612759,SAS,201182,Derrick Byars,G-F,34,NA,NA,NA
2009-10,1610612758,SAC,201187,Dominic McGuire,F,7,NA,825497,NA
2010-11,1610612766,CHA,201187,Dominic McGuire,F,5,NA,884120,NA
2011-12,1610612744,GSW,201187,Dominic McGuire,F,5,NA,915852,NA
2009-10,1610612763,MEM,201188,Marc Gasol,C,33,NA,3240000,NA
2010-11,1610612763,MEM,201188,Marc Gasol,C,33,NA,3480000,NA
2011-12,1610612763,MEM,201188,Marc Gasol,C,33,NA,12922194,NA
2012-13,1610612763,MEM,201188,Marc Gasol,C,33,NA,13891359,NA
2013-14,1610612763,MEM,201188,Marc Gasol,C,33,NA,14860523,NA
2014-15,1610612763,MEM,201188,Marc Gasol,C,33,NA,15829688,NA
2015-16,1610612763,MEM,201188,Marc Gasol,C,33,NA,19689000,NA
2016-17,1610612763,MEM,201188,Marc Gasol,C,33,NA,21165675,NA
2017-18,1610612763,MEM,201188,Marc Gasol,C,33,NA,22642350,NA
2018-19,1610612761,TOR,201188,Marc Gasol,C,33,NA,24119025,NA
2019-20,1610612761,TOR,201188,Marc Gasol,C,33,NA,25595700,NA
2020-21,1610612747,LAL,201188,Marc Gasol,C,14,NA,2564753,NA
2009-10,1610612740,NOP,201189,Aaron Gray,C,34,NA,1000497,NA
2010-11,1610612740,NOP,201189,Aaron Gray,C,34,NA,1028840,NA
2011-12,1610612761,TOR,201189,Aaron Gray,C,34,NA,2500000,NA
2012-13,1610612761,TOR,201189,Aaron Gray,C,34,NA,NA,NA
2013-14,1610612758,SAC,201189,Aaron Gray,C,33,NA,2612500,NA
2009-10,1610612750,MIN,201196,Ramon Sessions,G,7,NA,3670667,NA
2010-11,1610612739,CLE,201196,Ramon Sessions,G,3,NA,3964320,NA
2011-12,1610612747,LAL,201196,Ramon Sessions,G,7,NA,4257973,NA
2012-13,1610612766,CHA,201196,Ramon Sessions,G,7,NA,5000000,NA
2013-14,1610612749,MIL,201196,Ramon Sessions,G,13,NA,5000000,NA
2014-15,1610612764,WAS,201196,Ramon Sessions,G,7,NA,2077000,NA
2015-16,1610612764,WAS,201196,Ramon Sessions,G,7,NA,2170465,NA
2016-17,1610612766,CHA,201196,Ramon Sessions,G,7,NA,6000000,NA
2017-18,1610612764,WAS,201196,Ramon Sessions,G,9,NA,2986463,NA
2009-10,1610612748,MIA,201202,Joel Anthony,C,50,NA,825497,NA
2010-11,1610612748,MIA,201202,Joel Anthony,C,50,NA,3300000,NA
2011-12,1610612748,MIA,201202,Joel Anthony,C,50,NA,3600000,NA
2012-13,1610612748,MIA,201202,Joel Anthony,C,50,NA,3750000,NA
2013-14,1610612738,BOS,201202,Joel Anthony,C,50,NA,3800000,NA
2014-15,1610612765,DET,201202,Joel Anthony,C,50,NA,3800000,NA
2015-16,1610612765,DET,201202,Joel Anthony,C,50,NA,2500000,NA
2016-17,1610612759,SAS,201202,Joel Anthony,C,30,NA,663810,NA
2009-10,1610612760,OKC,201203,Mustafa Shakur,G,11,NA,NA,NA
2010-11,1610612764,WAS,201203,Mustafa Shakur,G,22,NA,89670,NA
2009-10,1610612743,DEN,201207,Coby Karl,G,22,NA,355215,NA
2011-12,1610612740,NOP,201208,Darryl Watkins,C,31,NA,NA,NA
2009-10,1610612744,GSW,201228,C.J. Watson,G,23,NA,NA,NA
2010-11,1610612741,CHI,201228,C.J. Watson,G,32,NA,NA,NA
2011-12,1610612741,CHI,201228,C.J. Watson,G,7,NA,NA,NA
2012-13,1610612751,BKN,201228,C.J. Watson,G,1,NA,NA,NA
2013-14,1610612754,IND,201228,C.J. Watson,G,32,NA,NA,NA
2014-15,1610612754,IND,201228,C.J. Watson,G,32,NA,NA,NA
2016-17,1610612753,ORL,201228,C.J. Watson,G,32,NA,NA,NA
2009-10,1610612744,GSW,201229,Anthony Tolliver,F,44,NA,411529,NA
2011-12,1610612750,MIN,201229,Anthony Tolliver,F,44,NA,2050000,NA
2012-13,1610612737,ATL,201229,Anthony Tolliver,F,4,NA,915852,NA
2013-14,1610612766,CHA,201229,Anthony Tolliver,F,43,NA,NA,NA
2014-15,1610612765,DET,201229,Anthony Tolliver,F,43,NA,3000000,NA
2015-16,1610612765,DET,201229,Anthony Tolliver,F,43,NA,3000000,NA
2017-18,1610612765,DET,201229,Anthony Tolliver,F,43,NA,5290000,NA
2018-19,1610612750,MIN,201229,Anthony Tolliver,F,43,NA,5750000,NA
2019-20,1610612763,MEM,201229,Anthony Tolliver,F,44,NA,434704,NA
2020-21,1610612755,PHI,201229,Anthony Tolliver,F,43,NA,614838,NA
2010-11,1610612747,LAL,201234,Trey Johnson,G-F,10,NA,89670,NA
2009-10,1610612737,ATL,201238,Mario West,G,6,NA,446740,NA
2010-11,1610612751,BKN,201238,Mario West,G,6,NA,NA,NA
2011-12,1610612737,ATL,201274,Ivan Johnson,F,44,NA,473604,NA
2012-13,1610612737,ATL,201274,Ivan Johnson,F,44,NA,962195,NA
2017-18,1610612747,LAL,201281,Andre Ingram,G,20,NA,46079,NA
2011-12,1610612762,UTA,201336,Blake Ahearn,G,2,NA,NA,NA
2009-10,1610612748,MIA,201563,Michael Beasley,F,30,NA,4638600,NA
2011-12,1610612750,MIN,201563,Michael Beasley,F,8,NA,6262347,NA
2012-13,1610612756,PHX,201563,Michael Beasley,F,0,NA,5750000,NA
2013-14,1610612748,MIA,201563,Michael Beasley,F,8,NA,7027424,NA
2014-15,1610612748,MIA,201563,Michael Beasley,F,30,NA,330225,NA
2015-16,1610612745,HOU,201563,Michael Beasley,F,8,NA,306526,NA
2016-17,1610612749,MIL,201563,Michael Beasley,F,9,NA,1403611,NA
2017-18,1610612752,NYK,201563,Michael Beasley,F,8,NA,2116955,NA
2009-10,1610612763,MEM,201564,O.J. Mayo,G,32,NA,NA,NA
2010-11,1610612763,MEM,201564,O.J. Mayo,G,32,NA,NA,NA
2011-12,1610612763,MEM,201564,O.J. Mayo,G,32,NA,NA,NA
2012-13,1610612742,DAL,201564,O.J. Mayo,G,32,NA,NA,NA
2013-14,1610612749,MIL,201564,O.J. Mayo,G,0,NA,NA,NA
2014-15,1610612749,MIL,201564,O.J. Mayo,G,0,NA,NA,NA
2015-16,1610612749,MIL,201564,O.J. Mayo,G,3,NA,NA,NA
2009-10,1610612741,CHI,201565,Derrick Rose,G,1,NA,5184480,NA
2010-11,1610612741,CHI,201565,Derrick Rose,G,1,NA,5546160,NA
2011-12,1610612741,CHI,201565,Derrick Rose,G,1,NA,6993708,NA
2012-13,1610612741,CHI,201565,Derrick Rose,G,1,NA,16402500,NA
2013-14,1610612741,CHI,201565,Derrick Rose,G,1,NA,17632688,NA
2014-15,1610612741,CHI,201565,Derrick Rose,G,1,NA,18862876,NA
2015-16,1610612741,CHI,201565,Derrick Rose,G,1,NA,20093064,NA
2016-17,1610612752,NYK,201565,Derrick Rose,G,25,NA,21323252,NA
2017-18,1610612750,MIN,201565,Derrick Rose,G,25,NA,2533488,NA
2018-19,1610612750,MIN,201565,Derrick Rose,G,25,NA,2176260,NA
2019-20,1610612765,DET,201565,Derrick Rose,G,25,NA,7317074,NA
2020-21,1610612752,NYK,201565,Derrick Rose,G,4,NA,7682926,NA
2022-23,1610612752,NYK,201565,Derrick Rose,G,4,NA,14520730,NA
2023-24,1610612763,MEM,201565,Derrick Rose,G,4,Signed on 07/03/23,3196448,NA
2009-10,1610612760,OKC,201566,Russell Westbrook,G,0,NA,3755640,NA
2010-11,1610612760,OKC,201566,Russell Westbrook,G,0,NA,4017720,NA
2012-13,1610612760,OKC,201566,Russell Westbrook,G,0,NA,13668750,NA
2013-14,1610612760,OKC,201566,Russell Westbrook,G,0,NA,14693906,NA
2014-15,1610612760,OKC,201566,Russell Westbrook,G,0,NA,15719062,NA
2015-16,1610612760,OKC,201566,Russell Westbrook,G,0,NA,16744218,NA
2016-17,1610612760,OKC,201566,Russell Westbrook,G,0,NA,26540100,NA
2017-18,1610612760,OKC,201566,Russell Westbrook,G,0,NA,28299399,NA
2018-19,1610612760,OKC,201566,Russell Westbrook,G,0,NA,35665000,NA
2019-20,1610612745,HOU,201566,Russell Westbrook,G,0,NA,38506482,NA
2020-21,1610612764,WAS,201566,Russell Westbrook,G,4,NA,41358814,NA
2021-22,1610612747,LAL,201566,Russell Westbrook,G,0,NA,44211146,NA
2022-23,1610612746,LAC,201566,Russell Westbrook,G,0,Signed on 02/22/23,47080179,NA
2023-24,1610612746,LAC,201566,Russell Westbrook,G,0,NA,3835738,NA
2024-25,1610612743,DEN,201566,Russell Westbrook,G,4,Signed on 07/26/24,5631296,NA
2009-10,1610612750,MIN,201567,Kevin Love,F-C,42,NA,3401040,NA
2011-12,1610612750,MIN,201567,Kevin Love,F-C,42,NA,4609701,NA
2012-13,1610612750,MIN,201567,Kevin Love,F-C,42,NA,13668750,NA
2013-14,1610612750,MIN,201567,Kevin Love,F-C,42,NA,14693906,NA
2014-15,1610612739,CLE,201567,Kevin Love,F,0,NA,15719063,NA
2015-16,1610612739,CLE,201567,Kevin Love,F,0,NA,19689000,NA
2016-17,1610612739,CLE,201567,Kevin Love,F,0,NA,21165675,NA
2017-18,1610612739,CLE,201567,Kevin Love,C-F,0,NA,22642350,NA
2018-19,1610612739,CLE,201567,Kevin Love,F-C,0,NA,24119025,NA
2019-20,1610612739,CLE,201567,Kevin Love,F-C,0,NA,28942830,NA
2020-21,1610612739,CLE,201567,Kevin Love,F-C,0,NA,31258256,NA
2021-22,1610612739,CLE,201567,Kevin Love,F-C,0,NA,31258256,NA
2022-23,1610612748,MIA,201567,Kevin Love,F-C,0,Signed on 02/20/23,30556968,NA
2023-24,1610612748,MIA,201567,Kevin Love,F-C,0,NA,3835738,NA
2024-25,1610612748,MIA,201567,Kevin Love,F-C,42,NA,3850000,NA
2009-10,1610612752,NYK,201568,Danilo Gallinari,F,8,NA,3089040,NA
2010-11,1610612743,DEN,201568,Danilo Gallinari,F,8,NA,3304560,NA
2011-12,1610612743,DEN,201568,Danilo Gallinari,F,8,NA,4190182,NA
2012-13,1610612743,DEN,201568,Danilo Gallinari,F,8,NA,9439000,NA
2013-14,1610612743,DEN,201568,Danilo Gallinari,F,8,NA,10146925,NA
2014-15,1610612743,DEN,201568,Danilo Gallinari,F,8,NA,10854850,NA
2015-16,1610612743,DEN,201568,Danilo Gallinari,F,8,NA,14000000,NA
2016-17,1610612743,DEN,201568,Danilo Gallinari,F,8,NA,15050000,NA
2017-18,1610612746,LAC,201568,Danilo Gallinari,F,8,NA,20559599,NA
2018-19,1610612746,LAC,201568,Danilo Gallinari,F,8,NA,21587579,NA
2019-20,1610612760,OKC,201568,Danilo Gallinari,F,8,NA,22615559,NA
2020-21,1610612737,ATL,201568,Danilo Gallinari,F,8,NA,19500000,NA
2021-22,1610612737,ATL,201568,Danilo Gallinari,F,8,NA,20475000,NA
2022-23,1610612738,BOS,201568,Danilo Gallinari,F,8,NA,19479000,NA
2023-24,1610612764,WAS,201568,Danilo Gallinari,F,88,Traded from BOS on 06/23/23,7850062,NA
2009-10,1610612746,LAC,201569,Eric Gordon,G,10,NA,2819880,NA
2010-11,1610612746,LAC,201569,Eric Gordon,G,10,NA,3016680,NA
2011-12,1610612740,NOP,201569,Eric Gordon,G,10,NA,3831184,NA
2013-14,1610612740,NOP,201569,Eric Gordon,G,10,NA,14283844,NA
2014-15,1610612740,NOP,201569,Eric Gordon,G,10,NA,14898938,NA
2015-16,1610612740,NOP,201569,Eric Gordon,G,10,NA,15514031,NA
2016-17,1610612745,HOU,201569,Eric Gordon,G,10,NA,12385665,NA
2017-18,1610612745,HOU,201569,Eric Gordon,G,10,NA,12943020,NA
2018-19,1610612745,HOU,201569,Eric Gordon,G,10,NA,13500375,NA
2019-20,1610612745,HOU,201569,Eric Gordon,G,10,NA,14057730,NA
2020-21,1610612745,HOU,201569,Eric Gordon,G,10,NA,16869267,NA
2021-22,1610612745,HOU,201569,Eric Gordon,G,10,NA,18218818,NA
2022-23,1610612746,LAC,201569,Eric Gordon,G,10,NA,19568360,NA
2023-24,1610612756,PHX,201569,Eric Gordon,G,23,Signed on 07/06/23,3196448,NA
2024-25,1610612755,PHI,201569,Eric Gordon,G,23,Signed on 07/10/24,3303771,NA
2009-10,1610612741,CHI,201570,Joe Alexander,F,20,NA,2583360,NA
2009-10,1610612766,CHA,201571,D.J. Augustin,G,14,NA,NA,NA
2010-11,1610612766,CHA,201571,D.J. Augustin,G,14,NA,NA,NA
2011-12,1610612766,CHA,201571,D.J. Augustin,G,14,NA,NA,NA
2012-13,1610612754,IND,201571,D.J. Augustin,G,14,NA,NA,NA
2013-14,1610612741,CHI,201571,D.J. Augustin,G,14,NA,NA,NA
2014-15,1610612760,OKC,201571,D.J. Augustin,G,14,NA,NA,NA
2015-16,1610612743,DEN,201571,D.J. Augustin,G,12,NA,NA,NA
2016-17,1610612753,ORL,201571,D.J. Augustin,G,14,NA,NA,NA
2017-18,1610612753,ORL,201571,D.J. Augustin,G,14,NA,NA,NA
2018-19,1610612753,ORL,201571,D.J. Augustin,G,14,NA,NA,NA
2019-20,1610612753,ORL,201571,D.J. Augustin,G,14,NA,NA,NA
2020-21,1610612745,HOU,201571,D.J. Augustin,G,14,NA,NA,NA
2021-22,1610612747,LAL,201571,D.J. Augustin,G,4,NA,NA,NA
2022-23,1610612745,HOU,201571,D.J. Augustin,G,4,NA,NA,NA
2009-10,1610612751,BKN,201572,Brook Lopez,C,11,NA,2225880,NA
2010-11,1610612751,BKN,201572,Brook Lopez,C,11,NA,2413320,NA
2011-12,1610612751,BKN,201572,Brook Lopez,C,11,NA,3076983,NA
2012-13,1610612751,BKN,201572,Brook Lopez,C,11,NA,13668000,NA
2013-14,1610612751,BKN,201572,Brook Lopez,C,11,NA,14694000,NA
2014-15,1610612751,BKN,201572,Brook Lopez,C,11,NA,15719000,NA
2015-16,1610612751,BKN,201572,Brook Lopez,C,11,NA,19689000,NA
2016-17,1610612751,BKN,201572,Brook Lopez,C,11,NA,21165675,NA
2017-18,1610612747,LAL,201572,Brook Lopez,C,11,NA,22642350,NA
2018-19,1610612749,MIL,201572,Brook Lopez,C,11,Signed on 07/17/18,3382000,NA
2019-20,1610612749,MIL,201572,Brook Lopez,C,11,NA,12093024,NA
2020-21,1610612749,MIL,201572,Brook Lopez,C,11,NA,12697675,NA
2021-22,1610612749,MIL,201572,Brook Lopez,C,11,NA,13302325,NA
2022-23,1610612749,MIL,201572,Brook Lopez,C,11,NA,13906976,NA
2023-24,1610612749,MIL,201572,Brook Lopez,C,11,NA,25000000,NA
2024-25,1610612749,MIL,201572,Brook Lopez,C,11,NA,23000000,NA
2009-10,1610612757,POR,201573,Jerryd Bayless,G,4,NA,2143080,NA
2010-11,1610612761,TOR,201573,Jerryd Bayless,G,5,NA,2292600,NA
2011-12,1610612761,TOR,201573,Jerryd Bayless,G,5,NA,3042280,NA
2012-13,1610612763,MEM,201573,Jerryd Bayless,G,7,NA,3100000,NA
2013-14,1610612738,BOS,201573,Jerryd Bayless,G,11,NA,3135000,NA
2014-15,1610612749,MIL,201573,Jerryd Bayless,G,19,NA,3000000,NA
2015-16,1610612749,MIL,201573,Jerryd Bayless,G,19,NA,3000000,NA
2016-17,1610612755,PHI,201573,Jerryd Bayless,G,0,NA,9424084,NA
2017-18,1610612755,PHI,201573,Jerryd Bayless,G,0,NA,9000000,NA
2018-19,1610612750,MIN,201573,Jerryd Bayless,G,8,NA,8575916,NA
2009-10,1610612758,SAC,201574,Jason Thompson,F-C,34,NA,2035920,NA
2010-11,1610612758,SAC,201574,Jason Thompson,F,34,NA,2178000,NA
2011-12,1610612758,SAC,201574,Jason Thompson,F,34,NA,3001284,NA
2012-13,1610612758,SAC,201574,Jason Thompson,F,34,NA,5250000,NA
2013-14,1610612758,SAC,201574,Jason Thompson,F-C,34,NA,5643750,NA
2014-15,1610612758,SAC,201574,Jason Thompson,F,34,NA,6037500,NA
2015-16,1610612761,TOR,201574,Jason Thompson,F-C,1,NA,6752729,NA
2009-10,1610612754,IND,201575,Brandon Rush,G,25,NA,1934160,NA
2010-11,1610612754,IND,201575,Brandon Rush,G,25,NA,2069049,NA
2011-12,1610612744,GSW,201575,Brandon Rush,F-G,4,NA,2956658,NA
2012-13,1610612744,GSW,201575,Brandon Rush,F-G,4,NA,4000000,NA
2013-14,1610612762,UTA,201575,Brandon Rush,G,25,NA,4000000,NA
2014-15,1610612744,GSW,201575,Brandon Rush,G-F,4,NA,1145685,NA
2015-16,1610612744,GSW,201575,Brandon Rush,F-G,4,NA,1270964,NA
2016-17,1610612750,MIN,201575,Brandon Rush,G-F,4,NA,3500000,NA
2009-10,1610612744,GSW,201576,Anthony Randolph,F-C,4,NA,1837560,NA
2011-12,1610612750,MIN,201576,Anthony Randolph,F,15,NA,2911231,NA
2012-13,1610612743,DEN,201576,Anthony Randolph,F,15,NA,1674641,NA
2013-14,1610612743,DEN,201576,Anthony Randolph,F,15,NA,1750000,NA
2009-10,1610612756,PHX,201577,Robin Lopez,C,15,NA,1745520,NA
2010-11,1610612756,PHX,201577,Robin Lopez,C,15,NA,1867320,NA
2011-12,1610612756,PHX,201577,Robin Lopez,C,15,NA,2862602,NA
2013-14,1610612757,POR,201577,Robin Lopez,C,42,NA,5119761,NA
2014-15,1610612757,POR,201577,Robin Lopez,C,42,NA,5340229,NA
2015-16,1610612752,NYK,201577,Robin Lopez,C,8,NA,12650000,NA
2016-17,1610612741,CHI,201577,Robin Lopez,C,8,NA,13219250,NA
2017-18,1610612741,CHI,201577,Robin Lopez,C,42,NA,13788500,NA
2018-19,1610612741,CHI,201577,Robin Lopez,C,42,NA,14357750,NA
2019-20,1610612749,MIL,201577,Robin Lopez,C,42,NA,4767000,NA
2020-21,1610612764,WAS,201577,Robin Lopez,C,15,NA,7300000,NA
2021-22,1610612753,ORL,201577,Robin Lopez,C,33,NA,5000000,NA
2022-23,1610612739,CLE,201577,Robin Lopez,C,33,NA,2905851,NA
2023-24,1610612749,MIL,201577,Robin Lopez,C,33,NA,3196448,NA
2009-10,1610612755,PHI,201578,Marreese Speights,F-C,16,NA,1658280,NA
2010-11,1610612755,PHI,201578,Marreese Speights,F,16,NA,1773960,NA
2011-12,1610612763,MEM,201578,Marreese Speights,F-C,5,NA,2721255,NA
2012-13,1610612739,CLE,201578,Marreese Speights,F-C,15,NA,4200000,NA
2013-14,1610612744,GSW,201578,Marreese Speights,F-C,5,NA,3500000,NA
2014-15,1610612744,GSW,201578,Marreese Speights,C-F,5,NA,3657500,NA
2015-16,1610612744,GSW,201578,Marreese Speights,F-C,5,NA,3815500,NA
2016-17,1610612746,LAC,201578,Marreese Speights,F-C,5,NA,1403611,NA
2017-18,1610612753,ORL,201578,Marreese Speights,F-C,5,NA,2116955,NA
2009-10,1610612754,IND,201579,Roy Hibbert,C,55,NA,1575360,NA
2010-11,1610612754,IND,201579,Roy Hibbert,C,55,NA,1685280,NA
2011-12,1610612754,IND,201579,Roy Hibbert,C,55,NA,2588590,NA
2012-13,1610612754,IND,201579,Roy Hibbert,C,55,NA,13668750,NA
2013-14,1610612754,IND,201579,Roy Hibbert,C,55,NA,14283844,NA
2014-15,1610612754,IND,201579,Roy Hibbert,C,55,NA,14898938,NA
2015-16,1610612747,LAL,201579,Roy Hibbert,C,17,NA,15514031,NA
2016-17,1610612743,DEN,201579,Roy Hibbert,C,34,NA,5000000,NA
2009-10,1610612764,WAS,201580,JaVale McGee,C,34,NA,1496640,NA
2010-11,1610612764,WAS,201580,JaVale McGee,C,34,NA,1601040,NA
2011-12,1610612743,DEN,201580,JaVale McGee,C,34,NA,2462400,NA
2012-13,1610612743,DEN,201580,JaVale McGee,C,34,NA,10000000,NA
2013-14,1610612743,DEN,201580,JaVale McGee,C,34,NA,10750000,NA
2015-16,1610612742,DAL,201580,JaVale McGee,C,11,NA,13270964,NA
2016-17,1610612744,GSW,201580,JaVale McGee,C,1,NA,1403611,NA
2017-18,1610612744,GSW,201580,JaVale McGee,C,1,NA,2116955,NA
2018-19,1610612747,LAL,201580,JaVale McGee,C,7,NA,2393887,NA
2019-20,1610612747,LAL,201580,JaVale McGee,C-F,7,NA,4000000,NA
2020-21,1610612743,DEN,201580,JaVale McGee,C-F,34,NA,4200000,NA
2021-22,1610612756,PHX,201580,JaVale McGee,C-F,0,NA,5000000,NA
2022-23,1610612742,DAL,201580,JaVale McGee,C-F,0,NA,5461219,NA
2023-24,1610612758,SAC,201580,JaVale McGee,C-F,0,Signed on 09/02/23,5544772,NA
2009-10,1610612739,CLE,201581,JJ Hickson,F,21,NA,1429200,NA
2010-11,1610612739,CLE,201581,JJ Hickson,C-F,21,NA,1528920,NA
2011-12,1610612757,POR,201581,JJ Hickson,F,21,NA,2354537,NA
2012-13,1610612757,POR,201581,JJ Hickson,C-F,21,NA,4000000,NA
2013-14,1610612743,DEN,201581,JJ Hickson,C-F,7,NA,5150000,NA
2014-15,1610612743,DEN,201581,JJ Hickson,F-C,7,NA,5381750,NA
2015-16,1610612764,WAS,201581,JJ Hickson,C-F,21,NA,5583413,NA
2009-10,1610612766,CHA,201582,Alexis Ajinca,C,21,NA,1372080,NA
2010-11,1610612761,TOR,201582,Alexis Ajinca,C,42,NA,1467840,NA
2013-14,1610612740,NOP,201582,Alexis Ajinca,C,42,NA,635880,NA
2014-15,1610612740,NOP,201582,Alexis Ajinca,C,42,NA,981084,NA
2015-16,1610612740,NOP,201582,Alexis Ajinca,C,42,NA,4539607,NA
2016-17,1610612740,NOP,201582,Alexis Ajinca,C,42,NA,4863206,NA
2017-18,1610612740,NOP,201582,Alexis Ajinca,C,42,NA,4961798,NA
2009-10,1610612753,ORL,201583,Ryan Anderson,F,33,NA,1317120,NA
2010-11,1610612753,ORL,201583,Ryan Anderson,F,33,NA,1409040,NA
2011-12,1610612753,ORL,201583,Ryan Anderson,F,33,NA,2244601,NA
2013-14,1610612740,NOP,201583,Ryan Anderson,F,33,NA,8308500,NA
2014-15,1610612740,NOP,201583,Ryan Anderson,F,33,NA,8491500,NA
2015-16,1610612740,NOP,201583,Ryan Anderson,F,33,NA,8500000,NA
2016-17,1610612745,HOU,201583,Ryan Anderson,F,3,NA,18735364,NA
2017-18,1610612745,HOU,201583,Ryan Anderson,F,33,NA,19578455,NA
2018-19,1610612748,MIA,201583,Ryan Anderson,F,31,NA,20421546,NA
2009-10,1610612751,BKN,201584,Courtney Lee,G,6,NA,1264440,NA
2010-11,1610612745,HOU,201584,Courtney Lee,G,5,NA,1409040,NA
2011-12,1610612745,HOU,201584,Courtney Lee,G-F,5,NA,2225093,NA
2012-13,1610612738,BOS,201584,Courtney Lee,G,11,NA,5000000,NA
2013-14,1610612763,MEM,201584,Courtney Lee,G,5,NA,5225000,NA
2014-15,1610612763,MEM,201584,Courtney Lee,G,5,NA,5450000,NA
2015-16,1610612766,CHA,201584,Courtney Lee,G,1,NA,5675000,NA
2016-17,1610612752,NYK,201584,Courtney Lee,G,5,NA,11242000,NA
2017-18,1610612752,NYK,201584,Courtney Lee,G,5,NA,11747890,NA
2018-19,1610612742,DAL,201584,Courtney Lee,G,1,NA,12253780,NA
2019-20,1610612742,DAL,201584,Courtney Lee,G,1,NA,12759670,NA
2009-10,1610612762,UTA,201585,Kosta Koufos,C,41,NA,1214040,NA
2010-11,1610612743,DEN,201585,Kosta Koufos,C,41,NA,1352640,NA
2011-12,1610612743,DEN,201585,Kosta Koufos,C,41,NA,2203792,NA
2012-13,1610612743,DEN,201585,Kosta Koufos,C,41,NA,3000000,NA
2013-14,1610612763,MEM,201585,Kosta Koufos,C,41,NA,3000000,NA
2014-15,1610612763,MEM,201585,Kosta Koufos,C,41,NA,3000000,NA
2015-16,1610612758,SAC,201585,Kosta Koufos,C,41,NA,7700000,NA
2016-17,1610612758,SAC,201585,Kosta Koufos,C,41,NA,8046500,NA
2017-18,1610612758,SAC,201585,Kosta Koufos,C,41,NA,8393000,NA
2018-19,1610612758,SAC,201585,Kosta Koufos,C,41,NA,8739500,NA
2009-10,1610612760,OKC,201586,Serge Ibaka,F,9,NA,1120200,NA
2010-11,1610612760,OKC,201586,Serge Ibaka,F-C,9,NA,1204200,NA
2012-13,1610612760,OKC,201586,Serge Ibaka,F-C,9,NA,2253061,NA
2013-14,1610612760,OKC,201586,Serge Ibaka,F-C,9,NA,12250000,NA
2014-15,1610612760,OKC,201586,Serge Ibaka,F,9,NA,12250000,NA
2015-16,1610612760,OKC,201586,Serge Ibaka,F,9,NA,12250000,NA
2016-17,1610612761,TOR,201586,Serge Ibaka,F,9,NA,12250000,NA
2017-18,1610612761,TOR,201586,Serge Ibaka,F-C,9,NA,20061729,NA
2018-19,1610612761,TOR,201586,Serge Ibaka,C-F,9,NA,21666667,NA
2019-20,1610612761,TOR,201586,Serge Ibaka,F,9,NA,23271604,NA
2020-21,1610612746,LAC,201586,Serge Ibaka,F,9,NA,9258000,NA
2021-22,1610612749,MIL,201586,Serge Ibaka,F,25,NA,9720900,NA
2009-10,1610612757,POR,201587,Nicolas Batum,F,88,NA,1118760,NA
2010-11,1610612757,POR,201587,Nicolas Batum,F,88,NA,1196760,NA
2011-12,1610612757,POR,201587,Nicolas Batum,F-G,88,NA,2155365,NA
2012-13,1610612757,POR,201587,Nicolas Batum,F-G,88,NA,11950000,NA
2013-14,1610612757,POR,201587,Nicolas Batum,F,88,NA,10920250,NA
2014-15,1610612757,POR,201587,Nicolas Batum,F,88,NA,11390500,NA
2015-16,1610612766,CHA,201587,Nicolas Batum,G-F,5,NA,11860750,NA
2016-17,1610612766,CHA,201587,Nicolas Batum,G,5,NA,20869566,NA
2017-18,1610612766,CHA,201587,Nicolas Batum,G-F,5,NA,22434783,NA
2018-19,1610612766,CHA,201587,Nicolas Batum,F-G,5,NA,24000000,NA
2019-20,1610612766,CHA,201587,Nicolas Batum,G-F,5,NA,25565217,NA
2020-21,1610612746,LAC,201587,Nicolas Batum,G-F,33,Signed on 12/01/20,11608231,NA
2021-22,1610612746,LAC,201587,Nicolas Batum,G-F,33,NA,12026998,NA
2022-23,1610612746,LAC,201587,Nicolas Batum,G-F,33,NA,19700319,NA
2023-24,1610612746,LAC,201587,Nicolas Batum,G-F,33,NA,11710818,NA
2024-25,1610612746,LAC,201587,Nicolas Batum,G-F,33,Signed on 07/09/24,4668000,NA
2009-10,1610612759,SAS,201588,George Hill,G,3,NA,1081680,NA
2010-11,1610612759,SAS,201588,George Hill,G,3,NA,1157160,NA
2011-12,1610612754,IND,201588,George Hill,G,3,NA,2086360,NA
2012-13,1610612754,IND,201588,George Hill,G,3,NA,8000000,NA
2013-14,1610612754,IND,201588,George Hill,G,3,NA,8000000,NA
2014-15,1610612754,IND,201588,George Hill,G,3,NA,8000000,NA
2015-16,1610612754,IND,201588,George Hill,G,3,NA,8000000,NA
2016-17,1610612762,UTA,201588,George Hill,G,3,NA,8000000,NA
2017-18,1610612739,CLE,201588,George Hill,G,3,NA,20000000,NA
2018-19,1610612749,MIL,201588,George Hill,G,3,NA,19000000,NA
2019-20,1610612749,MIL,201588,George Hill,G,3,NA,10133907,NA
2020-21,1610612755,PHI,201588,George Hill,G,33,NA,9590602,NA
2021-22,1610612749,MIL,201588,George Hill,G,3,NA,5275491,NA
2022-23,1610612754,IND,201588,George Hill,G,7,NA,4000000,NA
2009-10,1610612763,MEM,201589,Darrell Arthur,F,0,NA,1050480,NA
2010-11,1610612763,MEM,201589,Darrell Arthur,F,0,NA,1123680,NA
2011-12,1610612763,MEM,201589,Darrell Arthur,F,0,NA,2027119,NA
2012-13,1610612763,MEM,201589,Darrell Arthur,F,0,NA,3006217,NA
2013-14,1610612743,DEN,201589,Darrell Arthur,F,0,NA,3231683,NA
2014-15,1610612743,DEN,201589,Darrell Arthur,F,0,NA,3457149,NA
2015-16,1610612743,DEN,201589,Darrell Arthur,F,0,NA,2814000,NA
2016-17,1610612743,DEN,201589,Darrell Arthur,F,0,NA,8070175,NA
2017-18,1610612743,DEN,201589,Darrell Arthur,F,0,NA,7464912,NA
2009-10,1610612758,SAC,201590,Donte Greene,G-F,20,NA,1044000,NA
2010-11,1610612758,SAC,201590,Donte Greene,F,20,NA,1116840,NA
2011-12,1610612758,SAC,201590,Donte Greene,F,20,NA,2015896,NA
2012-13,1610612763,MEM,201590,Donte Greene,F,13,NA,NA,NA
2009-10,1610612760,OKC,201591,DJ White,F,3,NA,1036440,NA
2010-11,1610612766,CHA,201591,DJ White,F,8,NA,1108680,NA
2011-12,1610612766,CHA,201591,DJ White,F,8,NA,2001167,NA
2012-13,1610612738,BOS,201591,DJ White,F,12,NA,263980,NA
2013-14,1610612766,CHA,201591,DJ White,F,8,NA,NA,NA
2009-10,1610612752,NYK,201592,J.R. Giddens,G,4,NA,NA,NA
2011-12,1610612750,MIN,201593,Nikola Pekovic,C,14,NA,4503600,NA
2012-13,1610612750,MIN,201593,Nikola Pekovic,C,14,NA,4640000,NA
2013-14,1610612750,MIN,201593,Nikola Pekovic,C,14,NA,12100000,NA
2014-15,1610612750,MIN,201593,Nikola Pekovic,C,14,NA,12100000,NA
2015-16,1610612750,MIN,201593,Nikola Pekovic,C,14,NA,12100000,NA
2016-17,1610612750,MIN,201593,Nikola Pekovic,C,14,NA,12100000,NA
2009-10,1610612761,TOR,201595,Joey Dorsey,F-C,NA,NA,881000,NA
2010-11,1610612761,TOR,201595,Joey Dorsey,F,9,NA,854389,NA
2014-15,1610612745,HOU,201595,Joey Dorsey,C-F,8,NA,948163,NA
2009-10,1610612748,MIA,201596,Mario Chalmers,G,6,NA,773500,NA
2010-11,1610612748,MIA,201596,Mario Chalmers,G,15,NA,854389,NA
2011-12,1610612748,MIA,201596,Mario Chalmers,G,15,NA,4000000,NA
2012-13,1610612748,MIA,201596,Mario Chalmers,G,15,NA,4000000,NA
2013-14,1610612748,MIA,201596,Mario Chalmers,G,15,NA,4000000,NA
2014-15,1610612748,MIA,201596,Mario Chalmers,G,15,NA,4000000,NA
2017-18,1610612763,MEM,201596,Mario Chalmers,G,6,NA,2106407,NA
2009-10,1610612746,LAC,201599,DeAndre Jordan,C-F,9,NA,736420,NA
2010-11,1610612746,LAC,201599,DeAndre Jordan,C,9,NA,854389,NA
2011-12,1610612746,LAC,201599,DeAndre Jordan,C,6,NA,10079404,NA
2012-13,1610612746,LAC,201599,DeAndre Jordan,C,6,NA,10532977,NA
2013-14,1610612746,LAC,201599,DeAndre Jordan,C,6,NA,10986550,NA
2014-15,1610612746,LAC,201599,DeAndre Jordan,C,6,NA,11440123,NA
2015-16,1610612746,LAC,201599,DeAndre Jordan,C,6,NA,19689000,NA
2016-17,1610612746,LAC,201599,DeAndre Jordan,C,6,NA,21165675,NA
2017-18,1610612746,LAC,201599,DeAndre Jordan,C,6,NA,22642350,NA
2018-19,1610612752,NYK,201599,DeAndre Jordan,C,6,NA,22897200,NA
2019-20,1610612751,BKN,201599,DeAndre Jordan,C,6,NA,9881598,NA
2020-21,1610612751,BKN,201599,DeAndre Jordan,C,6,NA,10375678,NA
2021-22,1610612755,PHI,201599,DeAndre Jordan,C,9,NA,11109327,NA
2022-23,1610612743,DEN,201599,DeAndre Jordan,C,6,Signed on 07/11/22,10733758,NA
2023-24,1610612743,DEN,201599,DeAndre Jordan,C,6,NA,3196448,NA
2024-25,1610612743,DEN,201599,DeAndre Jordan,C,6,NA,3303771,NA
2010-11,1610612741,CHI,201600,Omer Asik,C-F,3,NA,1721000,NA
2011-12,1610612741,CHI,201600,Omer Asik,C,3,NA,1857500,NA
2012-13,1610612745,HOU,201600,Omer Asik,C,3,NA,5000000,NA
2013-14,1610612745,HOU,201600,Omer Asik,C,3,NA,5225000,NA
2014-15,1610612740,NOP,201600,Omer Asik,C,3,NA,14898938,NA
2015-16,1610612740,NOP,201600,Omer Asik,C,3,NA,9213483,NA
2016-17,1610612740,NOP,201600,Omer Asik,C,3,NA,9904494,NA
2017-18,1610612741,CHI,201600,Omer Asik,C,3,NA,10595505,NA
2009-10,1610612749,MIL,201601,Luc Mbah a Moute,F,12,NA,736420,NA
2010-11,1610612749,MIL,201601,Luc Mbah a Moute,F,12,NA,854389,NA
2011-12,1610612749,MIL,201601,Luc Mbah a Moute,F,12,NA,5000000,NA
2012-13,1610612749,MIL,201601,Luc Mbah a Moute,F,12,NA,4794192,NA
2013-14,1610612750,MIN,201601,Luc Mbah a Moute,F,12,NA,4588384,NA
2014-15,1610612755,PHI,201601,Luc Mbah a Moute,F,12,NA,4382576,NA
2015-16,1610612746,LAC,201601,Luc Mbah a Moute,F,12,NA,1270964,NA
2016-17,1610612746,LAC,201601,Luc Mbah a Moute,F,12,NA,2203000,NA
2017-18,1610612745,HOU,201601,Luc Mbah a Moute,F,12,NA,2116955,NA
2019-20,1610612745,HOU,201601,Luc Mbah a Moute,F,12,NA,NA,NA
2009-10,1610612760,OKC,201602,Kyle Weaver,G,5,NA,870968,NA
2009-10,1610612761,TOR,201603,Sonny Weems,G,24,NA,736420,NA
2010-11,1610612761,TOR,201603,Sonny Weems,F,24,NA,854389,NA
2009-10,1610612751,BKN,201604,Chris Douglas-Roberts,F-G,17,NA,736000,NA
2010-11,1610612749,MIL,201604,Chris Douglas-Roberts,F,17,NA,854389,NA
2013-14,1610612766,CHA,201604,Chris Douglas-Roberts,G,55,NA,535288,NA
2009-10,1610612750,MIN,201605,Nathan Jawai,F,15,NA,736420,NA
2010-11,1610612740,NOP,201607,Patrick Ewing,F,22,NA,NA,NA
2009-10,1610612756,PHX,201609,Goran Dragic,G,2,NA,1836000,NA
2010-11,1610612745,HOU,201609,Goran Dragic,G,3,NA,1972000,NA
2011-12,1610612745,HOU,201609,Goran Dragic,G,3,NA,2108000,NA
2012-13,1610612756,PHX,201609,Goran Dragic,G,1,NA,7500000,NA
2013-14,1610612756,PHX,201609,Goran Dragic,G,1,NA,7500000,NA
2014-15,1610612748,MIA,201609,Goran Dragic,G,7,NA,7500000,NA
2015-16,1610612748,MIA,201609,Goran Dragic,G,7,NA,14783000,NA
2016-17,1610612748,MIA,201609,Goran Dragic,G,7,NA,15891725,NA
2017-18,1610612748,MIA,201609,Goran Dragic,G,7,NA,17000450,NA
2018-19,1610612748,MIA,201609,Goran Dragic,G,7,NA,18109175,NA
2019-20,1610612748,MIA,201609,Goran Dragic,G,7,NA,19217900,NA
2020-21,1610612748,MIA,201609,Goran Dragic,G,7,NA,18000000,NA
2021-22,1610612751,BKN,201609,Goran Dragic,G,9,NA,19348907,NA
2022-23,1610612749,MIL,201609,Goran Dragic,G,31,Signed on 03/04/23,3523762,NA
2009-10,1610612752,NYK,201611,Henry Walker,G-F,5,NA,736420,NA
2010-11,1610612752,NYK,201611,Henry Walker,G-F,5,NA,854389,NA
2014-15,1610612748,MIA,201611,Henry Walker,F,5,NA,311634,NA
2009-10,1610612759,SAS,201612,Malik Hairston,G,1,NA,736420,NA
2009-10,1610612749,MIL,201616,Darnell Jackson,F,0,NA,736420,NA
2010-11,1610612758,SAC,201616,Darnell Jackson,F,41,NA,854389,NA
2015-16,1610612739,CLE,201619,Sasha Kaun,C,14,NA,1276000,NA
2010-11,1610612739,CLE,201623,Semih Erden,C,9,NA,473604,NA
2011-12,1610612739,CLE,201623,Semih Erden,C,9,NA,762195,NA
2009-10,1610612744,GSW,201627,Anthony Morrow,F-G,22,NA,736420,NA
2010-11,1610612751,BKN,201627,Anthony Morrow,G,22,NA,4000000,NA
2011-12,1610612751,BKN,201627,Anthony Morrow,G,22,NA,4000000,NA
2012-13,1610612742,DAL,201627,Anthony Morrow,G,23,NA,4000000,NA
2013-14,1610612740,NOP,201627,Anthony Morrow,G,3,NA,1027424,NA
2014-15,1610612760,OKC,201627,Anthony Morrow,G,2,NA,3200000,NA
2015-16,1610612760,OKC,201627,Anthony Morrow,G,2,NA,3344000,NA
2016-17,1610612741,CHI,201627,Anthony Morrow,G,11,NA,3488000,NA
2009-10,1610612746,LAC,201628,Bobby Brown,G,6,NA,736420,NA
2016-17,1610612745,HOU,201628,Bobby Brown,G,8,NA,940070,NA
2009-10,1610612763,MEM,201632,Hamed Haddadi,C,15,NA,1627779,NA
2010-11,1610612763,MEM,201632,Hamed Haddadi,C,15,NA,1600000,NA
2011-12,1610612763,MEM,201632,Hamed Haddadi,C,15,NA,1300000,NA
2012-13,1610612756,PHX,201632,Hamed Haddadi,C,98,NA,1300000,NA
2009-10,1610612741,CHI,201633,Rob Kurz,F,31,NA,NA,NA
2009-10,1610612762,UTA,201785,Othyus Jeffers,G-F,6,NA,NA,NA
2010-11,1610612764,WAS,201785,Othyus Jeffers,G-F,12,NA,NA,NA
2013-14,1610612750,MIN,201785,Othyus Jeffers,G-F,0,NA,104034,NA
2009-10,1610612738,BOS,201802,Oliver Lafayette,G,0,NA,NA,NA
2009-10,1610612744,GSW,201805,Chris Hunter,C-F,31,NA,632455,NA
2010-11,1610612743,DEN,201814,Gary Forbes,F,0,NA,473604,NA
2011-12,1610612761,TOR,201814,Gary Forbes,F,3,NA,1500000,NA
2009-10,1610612764,WAS,201858,Cartier Martin,G-F,20,NA,86638,NA
2011-12,1610612764,WAS,201858,Cartier Martin,F,20,NA,NA,NA
2012-13,1610612764,WAS,201858,Cartier Martin,F,20,NA,915852,NA
2013-14,1610612737,ATL,201858,Cartier Martin,F,20,NA,1003248,NA
2014-15,1610612765,DET,201858,Cartier Martin,F,35,NA,1145685,NA
2009-10,1610612750,MIN,201880,Greg Stiemsma,C,34,NA,NA,NA
2011-12,1610612738,BOS,201880,Greg Stiemsma,C,54,NA,762195,NA
2012-13,1610612750,MIN,201880,Greg Stiemsma,C,34,NA,2575000,NA
2014-15,1610612761,TOR,201880,Greg Stiemsma,C,34,NA,981084,NA
2009-10,1610612746,LAC,201933,Blake Griffin,F,32,NA,4983480,NA
2010-11,1610612746,LAC,201933,Blake Griffin,F,32,NA,5357280,NA
2011-12,1610612746,LAC,201933,Blake Griffin,F,32,NA,5731080,NA
2012-13,1610612746,LAC,201933,Blake Griffin,F,32,NA,7226891,NA
2013-14,1610612746,LAC,201933,Blake Griffin,F,32,NA,16402500,NA
2014-15,1610612746,LAC,201933,Blake Griffin,F,32,NA,17632688,NA
2015-16,1610612746,LAC,201933,Blake Griffin,F,32,NA,18862876,NA
2016-17,1610612746,LAC,201933,Blake Griffin,F,32,NA,20093064,NA
2017-18,1610612765,DET,201933,Blake Griffin,F,23,NA,29512900,NA
2018-19,1610612765,DET,201933,Blake Griffin,F,23,NA,31873932,NA
2019-20,1610612765,DET,201933,Blake Griffin,F,23,NA,34449964,NA
2020-21,1610612751,BKN,201933,Blake Griffin,F,2,NA,33900241,NA
2021-22,1610612751,BKN,201933,Blake Griffin,F,2,NA,32405817,NA
2022-23,1610612738,BOS,201933,Blake Griffin,F,91,Signed on 10/03/22,2905851,NA
2009-10,1610612763,MEM,201934,Hasheem Thabeet,C,34,NA,4458840,NA
2010-11,1610612745,HOU,201934,Hasheem Thabeet,C,32,NA,4793280,NA
2011-12,1610612757,POR,201934,Hasheem Thabeet,C,34,NA,5127720,NA
2012-13,1610612760,OKC,201934,Hasheem Thabeet,C,34,NA,885120,NA
2013-14,1610612760,OKC,201934,Hasheem Thabeet,C,34,NA,1200000,NA
2009-10,1610612760,OKC,201935,James Harden,G,13,NA,4054160,NA
2010-11,1610612760,OKC,201935,James Harden,G,13,NA,4304520,NA
2012-13,1610612745,HOU,201935,James Harden,G,13,NA,5820416,NA
2013-14,1610612745,HOU,201935,James Harden,G,13,NA,13668750,NA
2014-15,1610612745,HOU,201935,James Harden,G,13,NA,14693906,NA
2015-16,1610612745,HOU,201935,James Harden,G,13,NA,15719062,NA
2016-17,1610612745,HOU,201935,James Harden,G,13,NA,26540100,NA
2017-18,1610612745,HOU,201935,James Harden,G,13,NA,28299399,NA
2018-19,1610612745,HOU,201935,James Harden,G,13,NA,30570000,NA
2019-20,1610612745,HOU,201935,James Harden,G,13,NA,38199000,NA
2020-21,1610612751,BKN,201935,James Harden,G,13,NA,41254920,NA
2021-22,1610612751,BKN,201935,James Harden,G,1,NA,44310840,NA
2021-22,1610612755,PHI,201935,James Harden,G,1,Traded from BKN on 02/10/22,44310840,2022-02-10
2022-23,1610612755,PHI,201935,James Harden,G,1,NA,33000000,NA
2023-24,1610612755,PHI,201935,James Harden,G,1,NA,35680595,NA
2024-25,1610612746,LAC,201935,James Harden,G,1,Traded from PHI on 11/01/23,33653846,NA
2009-10,1610612758,SAC,201936,Tyreke Evans,G,13,NA,3610080,NA
2010-11,1610612758,SAC,201936,Tyreke Evans,G,13,NA,3880920,NA
2011-12,1610612758,SAC,201936,Tyreke Evans,G,13,NA,4151640,NA
2012-13,1610612758,SAC,201936,Tyreke Evans,G,13,NA,5251824,NA
2013-14,1610612740,NOP,201936,Tyreke Evans,F-G,1,NA,11796247,NA
2014-15,1610612740,NOP,201936,Tyreke Evans,G-F,1,NA,11265416,NA
2015-16,1610612740,NOP,201936,Tyreke Evans,G-F,1,NA,10734586,NA
2016-17,1610612758,SAC,201936,Tyreke Evans,G-F,32,NA,10203755,NA
2017-18,1610612763,MEM,201936,Tyreke Evans,G-F,12,NA,3290000,NA
2011-12,1610612750,MIN,201937,Ricky Rubio,G,9,NA,3480120,NA
2012-13,1610612750,MIN,201937,Ricky Rubio,G,9,NA,3741120,NA
2013-14,1610612750,MIN,201937,Ricky Rubio,G,9,NA,4002120,NA
2014-15,1610612750,MIN,201937,Ricky Rubio,G,9,NA,5070686,NA
2015-16,1610612750,MIN,201937,Ricky Rubio,G,9,NA,12700000,NA
2016-17,1610612750,MIN,201937,Ricky Rubio,G,9,NA,13400000,NA
2017-18,1610612762,UTA,201937,Ricky Rubio,G,3,NA,14100000,NA
2019-20,1610612756,PHX,201937,Ricky Rubio,G,11,NA,16200000,NA
2020-21,1610612750,MIN,201937,Ricky Rubio,G,9,NA,17000000,NA
2021-22,1610612754,IND,201937,Ricky Rubio,G,99,NA,17800000,NA
2022-23,1610612739,CLE,201937,Ricky Rubio,G,13,Signed on 07/07/22,5853659,NA
2023-24,1610612739,CLE,201937,Ricky Rubio,G,13,NA,3722327,NA
2009-10,1610612750,MIN,201938,Jonny Flynn,G,10,NA,2969280,NA
2011-12,1610612757,POR,201938,Jonny Flynn,G,3,NA,3414720,NA
2009-10,1610612744,GSW,201939,Stephen Curry,G,30,+ACM-7 Pick in 2009 Draft,2710560,NA
2010-11,1610612744,GSW,201939,Stephen Curry,G,30,NA,2913840,NA
2011-12,1610612744,GSW,201939,Stephen Curry,G,30,NA,3117120,NA
2012-13,1610612744,GSW,201939,Stephen Curry,G,30,NA,3958742,NA
2013-14,1610612744,GSW,201939,Stephen Curry,G,30,NA,9887642,NA
2014-15,1610612744,GSW,201939,Stephen Curry,G,30,NA,10629213,NA
2015-16,1610612744,GSW,201939,Stephen Curry,G,30,NA,11370786,NA
2016-17,1610612744,GSW,201939,Stephen Curry,G,30,NA,12112359,NA
2017-18,1610612744,GSW,201939,Stephen Curry,G,30,NA,34682550,NA
2018-19,1610612744,GSW,201939,Stephen Curry,G,30,NA,37457154,NA
2019-20,1610612744,GSW,201939,Stephen Curry,G,30,NA,40231758,NA
2020-21,1610612744,GSW,201939,Stephen Curry,G,30,NA,43006362,NA
2021-22,1610612744,GSW,201939,Stephen Curry,G,30,NA,45780966,NA
2022-23,1610612744,GSW,201939,Stephen Curry,G,30,NA,48070014,NA
2023-24,1610612744,GSW,201939,Stephen Curry,G,30,NA,51915615,NA
2024-25,1610612744,GSW,201939,Stephen Curry,G,30,NA,55761217,NA
2009-10,1610612745,HOU,201941,Jordan Hill,F,27,NA,2483280,NA
2010-11,1610612745,HOU,201941,Jordan Hill,C-F,27,NA,2669520,NA
2011-12,1610612747,LAL,201941,Jordan Hill,C,27,NA,2855760,NA
2012-13,1610612747,LAL,201941,Jordan Hill,C,27,NA,3500000,NA
2013-14,1610612747,LAL,201941,Jordan Hill,F-C,27,NA,3500000,NA
2014-15,1610612747,LAL,201941,Jordan Hill,C,27,NA,9000000,NA
2015-16,1610612754,IND,201941,Jordan Hill,C,27,NA,4000000,NA
2016-17,1610612750,MIN,201941,Jordan Hill,F-C,27,NA,4000000,NA
2009-10,1610612761,TOR,201942,DeMar DeRozan,G,10,NA,2282640,NA
2010-11,1610612761,TOR,201942,DeMar DeRozan,G,10,NA,2453880,NA
2011-12,1610612761,TOR,201942,DeMar DeRozan,G,10,NA,2625000,NA
2012-13,1610612761,TOR,201942,DeMar DeRozan,G,10,NA,3344250,NA
2013-14,1610612761,TOR,201942,DeMar DeRozan,G,10,NA,9500000,NA
2014-15,1610612761,TOR,201942,DeMar DeRozan,G,10,NA,9500000,NA
2015-16,1610612761,TOR,201942,DeMar DeRozan,G,10,NA,9500000,NA
2016-17,1610612761,TOR,201942,DeMar DeRozan,G,10,NA,26540100,NA
2017-18,1610612761,TOR,201942,DeMar DeRozan,G,10,NA,27739975,NA
2018-19,1610612759,SAS,201942,DeMar DeRozan,G,10,NA,27739975,NA
2019-20,1610612759,SAS,201942,DeMar DeRozan,G-F,10,NA,27739975,NA
2021-22,1610612759,SAS,201942,DeMar DeRozan,G-F,11,NA,26000000,NA
2021-22,1610612741,CHI,201942,DeMar DeRozan,G-F,11,Traded from SAS on 08/11/21,26000000,NA
2022-23,1610612741,CHI,201942,DeMar DeRozan,G-F,11,NA,27300000,NA
2023-24,1610612741,CHI,201942,DeMar DeRozan,G-F,11,NA,28600000,NA
2024-25,1610612758,SAC,201942,DeMar DeRozan,G-F,10,Traded from CHI on 07/08/24,23400000,NA
2009-10,1610612749,MIL,201943,Brandon Jennings,G,3,NA,2168520,NA
2010-11,1610612749,MIL,201943,Brandon Jennings,G,3,NA,2331120,NA
2011-12,1610612749,MIL,201943,Brandon Jennings,G,3,NA,2493720,NA
2012-13,1610612749,MIL,201943,Brandon Jennings,G,3,NA,3179493,NA
2013-14,1610612765,DET,201943,Brandon Jennings,G,7,NA,7655503,NA
2014-15,1610612765,DET,201943,Brandon Jennings,G,7,NA,8000000,NA
2016-17,1610612764,WAS,201943,Brandon Jennings,G,7,NA,5587318,NA
2009-10,1610612751,BKN,201944,Terrence Williams,G-F,8,NA,2060040,NA
2010-11,1610612745,HOU,201944,Terrence Williams,G-F,1,NA,2214480,NA
2011-12,1610612758,SAC,201944,Terrence Williams,G-F,55,NA,2369040,NA
2012-13,1610612738,BOS,201944,Terrence Williams,G-F,55,NA,296775,NA
2009-10,1610612766,CHA,201945,Gerald Henderson,G,15,NA,1957080,NA
2010-11,1610612766,CHA,201945,Gerald Henderson,G,15,NA,2103840,NA
2011-12,1610612766,CHA,201945,Gerald Henderson,G,15,NA,2250600,NA
2012-13,1610612766,CHA,201945,Gerald Henderson,G,9,NA,3101326,NA
2013-14,1610612766,CHA,201945,Gerald Henderson,G,9,NA,6000000,NA
2014-15,1610612766,CHA,201945,Gerald Henderson,G-F,9,NA,6000000,NA
2015-16,1610612757,POR,201945,Gerald Henderson,G,9,NA,6000000,NA
2016-17,1610612755,PHI,201945,Gerald Henderson,G,12,NA,9000000,NA
2009-10,1610612754,IND,201946,Tyler Hansbrough,F,50,NA,1859160,NA
2010-11,1610612754,IND,201946,Tyler Hansbrough,F,50,NA,1998600,NA
2011-12,1610612754,IND,201946,Tyler Hansbrough,F-C,50,NA,2138040,NA
2012-13,1610612754,IND,201946,Tyler Hansbrough,F-C,50,NA,3055259,NA
2013-14,1610612761,TOR,201946,Tyler Hansbrough,F-C,50,NA,3183000,NA
2014-15,1610612761,TOR,201946,Tyler Hansbrough,F-C,50,NA,3326235,NA
2015-16,1610612766,CHA,201946,Tyler Hansbrough,F,50,NA,1185784,NA
2009-10,1610612756,PHX,201947,Earl Clark,F,55,NA,1766280,NA
2010-11,1610612753,ORL,201947,Earl Clark,F,3,NA,1898760,NA
2011-12,1610612753,ORL,201947,Earl Clark,F,3,NA,1160000,NA
2012-13,1610612747,LAL,201947,Earl Clark,F,6,NA,1240000,NA
2014-15,1610612751,BKN,201947,Earl Clark,F,55,NA,125104,NA
2009-10,1610612765,DET,201948,Austin Daye,G-F,5,NA,1677840,NA
2010-11,1610612765,DET,201948,Austin Daye,F,5,NA,1803720,NA
2011-12,1610612765,DET,201948,Austin Daye,F,5,NA,1929600,NA
2012-13,1610612763,MEM,201948,Austin Daye,F,5,NA,2958444,NA
2013-14,1610612759,SAS,201948,Austin Daye,F,23,NA,947907,NA
2014-15,1610612737,ATL,201948,Austin Daye,F,3,NA,1263550,NA
2009-10,1610612741,CHI,201949,James Johnson,F,16,NA,1594080,NA
2010-11,1610612761,TOR,201949,James Johnson,F,0,NA,1713600,NA
2011-12,1610612761,TOR,201949,James Johnson,F,2,NA,1833120,NA
2012-13,1610612758,SAC,201949,James Johnson,F,52,NA,2812006,NA
2013-14,1610612763,MEM,201949,James Johnson,F,3,NA,507409,NA
2014-15,1610612761,TOR,201949,James Johnson,F,3,NA,2500000,NA
2015-16,1610612761,TOR,201949,James Johnson,F,3,NA,2500000,NA
2016-17,1610612748,MIA,201949,James Johnson,F,16,NA,4000000,NA
2017-18,1610612748,MIA,201949,James Johnson,F,16,NA,13734000,NA
2018-19,1610612748,MIA,201949,James Johnson,F,16,NA,14420700,NA
2019-20,1610612750,MIN,201949,James Johnson,F,16,NA,15349400,NA
2020-21,1610612740,NOP,201949,James Johnson,F,16,NA,16047100,NA
2022-23,1610612754,IND,201949,James Johnson,F,16,Signed on 09/15/22,3841067,NA
2024-25,1610612754,IND,201949,James Johnson,F,16,NA,NA,NA
2009-10,1610612755,PHI,201950,Jrue Holiday,G,11,NA,1514280,NA
2010-11,1610612755,PHI,201950,Jrue Holiday,G,11,NA,1627920,NA
2011-12,1610612755,PHI,201950,Jrue Holiday,G,11,NA,1741440,NA
2012-13,1610612755,PHI,201950,Jrue Holiday,G,11,NA,2674851,NA
2013-14,1610612740,NOP,201950,Jrue Holiday,G,11,NA,11000000,NA
2014-15,1610612740,NOP,201950,Jrue Holiday,G,11,NA,11000000,NA
2015-16,1610612740,NOP,201950,Jrue Holiday,G,11,NA,11000000,NA
2016-17,1610612740,NOP,201950,Jrue Holiday,G,11,NA,11000000,NA
2017-18,1610612740,NOP,201950,Jrue Holiday,G,11,NA,25686667,NA
2018-19,1610612740,NOP,201950,Jrue Holiday,G,11,NA,26641111,NA
2019-20,1610612740,NOP,201950,Jrue Holiday,G,11,NA,26131111,NA
2020-21,1610612740,NOP,201950,Jrue Holiday,G,21,NA,27026011,NA
2020-21,1610612749,MIL,201950,Jrue Holiday,G,21,Traded from NOP on 11/23/20,27026011,2020-11-23
2021-22,1610612749,MIL,201950,Jrue Holiday,G,21,NA,31171333,NA
2022-23,1610612749,MIL,201950,Jrue Holiday,G,21,NA,34319520,NA
2023-24,1610612738,BOS,201950,Jrue Holiday,G,21,NA,37620347,NA
2024-25,1610612738,BOS,201950,Jrue Holiday,G,4,NA,30000000,NA
2009-10,1610612743,DEN,201951,Ty Lawson,G,3,NA,1438690,NA
2010-11,1610612743,DEN,201951,Ty Lawson,G,3,NA,1546560,NA
2011-12,1610612743,DEN,201951,Ty Lawson,G,3,NA,1654440,NA
2012-13,1610612743,DEN,201951,Ty Lawson,G,3,NA,2544528,NA
2013-14,1610612743,DEN,201951,Ty Lawson,G,3,NA,10786517,NA
2014-15,1610612743,DEN,201951,Ty Lawson,G,3,NA,11595506,NA
2015-16,1610612754,IND,201951,Ty Lawson,G,10,NA,12444552,NA
2016-17,1610612758,SAC,201951,Ty Lawson,G,10,NA,1315448,NA
2017-18,1610612764,WAS,201951,Ty Lawson,G,4,NA,119009,NA
2009-10,1610612737,ATL,201952,Jeff Teague,G,0,NA,1373880,NA
2010-11,1610612737,ATL,201952,Jeff Teague,G,0,NA,1476840,NA
2011-12,1610612737,ATL,201952,Jeff Teague,G,0,NA,1579920,NA
2012-13,1610612737,ATL,201952,Jeff Teague,G,0,NA,2433076,NA
2013-14,1610612737,ATL,201952,Jeff Teague,G,0,NA,8000000,NA
2014-15,1610612737,ATL,201952,Jeff Teague,G,0,NA,8000000,NA
2015-16,1610612737,ATL,201952,Jeff Teague,G,0,NA,8000000,NA
2016-17,1610612754,IND,201952,Jeff Teague,G,44,NA,8000000,NA
2017-18,1610612750,MIN,201952,Jeff Teague,G,0,NA,19000000,NA
2018-19,1610612750,MIN,201952,Jeff Teague,G,0,NA,19000000,NA
2019-20,1610612737,ATL,201952,Jeff Teague,G,0,NA,19000000,NA
2020-21,1610612749,MIL,201952,Jeff Teague,G,5,NA,3372826,NA
2009-10,1610612760,OKC,201953,Eric Maynor,G,6,NA,1318920,NA
2010-11,1610612760,OKC,201953,Eric Maynor,G,6,NA,1417800,NA
2012-13,1610612757,POR,201953,Eric Maynor,G,6,NA,2338720,NA
2009-10,1610612740,NOP,201954,Darren Collison,G,2,NA,1266120,NA
2010-11,1610612754,IND,201954,Darren Collison,G,2,NA,1361040,NA
2011-12,1610612754,IND,201954,Darren Collison,G,2,NA,1455960,NA
2012-13,1610612742,DAL,201954,Darren Collison,G,4,NA,2319344,NA
2013-14,1610612746,LAC,201954,Darren Collison,G,2,NA,1900000,NA
2014-15,1610612758,SAC,201954,Darren Collison,G,7,NA,4797664,NA
2015-16,1610612758,SAC,201954,Darren Collison,G,7,NA,5013559,NA
2016-17,1610612758,SAC,201954,Darren Collison,G,7,NA,5229454,NA
2017-18,1610612754,IND,201954,Darren Collison,G,2,NA,10000000,NA
2018-19,1610612754,IND,201954,Darren Collison,G,2,NA,10000000,NA
2009-10,1610612758,SAC,201956,Omri Casspi,F,18,NA,1167000,NA
2010-11,1610612758,SAC,201956,Omri Casspi,F,18,NA,1254480,NA
2011-12,1610612739,CLE,201956,Omri Casspi,F,36,NA,1341960,NA
2012-13,1610612739,CLE,201956,Omri Casspi,F,36,NA,2277306,NA
2013-14,1610612745,HOU,201956,Omri Casspi,F,18,NA,947907,NA
2014-15,1610612758,SAC,201956,Omri Casspi,F,18,NA,1063384,NA
2015-16,1610612758,SAC,201956,Omri Casspi,F,18,NA,2836186,NA
2016-17,1610612750,MIN,201956,Omri Casspi,F,18,NA,3149524,NA
2009-10,1610612760,OKC,201957,Byron Mullens,C,23,NA,NA,NA
2010-11,1610612760,OKC,201957,Byron Mullens,C,23,NA,NA,NA
2011-12,1610612766,CHA,201957,Byron Mullens,F-C,22,NA,NA,NA
2012-13,1610612766,CHA,201957,Byron Mullens,F-C,22,NA,NA,NA
2013-14,1610612755,PHI,201957,Byron Mullens,C,30,NA,NA,NA
2009-10,1610612742,DAL,201958,Rodrigue Beaubois,G,3,NA,1075440,NA
2010-11,1610612742,DAL,201958,Rodrigue Beaubois,G,3,NA,1156080,NA
2011-12,1610612742,DAL,201958,Rodrigue Beaubois,G,3,NA,1236720,NA
2012-13,1610612742,DAL,201958,Rodrigue Beaubois,G,3,NA,2227332,NA
2009-10,1610612741,CHI,201959,Taj Gibson,F,22,NA,1039800,NA
2010-11,1610612741,CHI,201959,Taj Gibson,F,22,NA,1117680,NA
2011-12,1610612741,CHI,201959,Taj Gibson,F,22,NA,1195680,NA
2012-13,1610612741,CHI,201959,Taj Gibson,F,22,NA,2155811,NA
2013-14,1610612741,CHI,201959,Taj Gibson,F-C,22,NA,7550000,NA
2014-15,1610612741,CHI,201959,Taj Gibson,F,22,NA,8000000,NA
2015-16,1610612741,CHI,201959,Taj Gibson,F,22,NA,8500000,NA
2016-17,1610612760,OKC,201959,Taj Gibson,F,22,NA,8950000,NA
2017-18,1610612750,MIN,201959,Taj Gibson,F,67,NA,14000000,NA
2018-19,1610612750,MIN,201959,Taj Gibson,F,67,NA,14000000,NA
2019-20,1610612752,NYK,201959,Taj Gibson,F,67,NA,9000000,NA
2020-21,1610612752,NYK,201959,Taj Gibson,F,67,NA,3283684,NA
2022-23,1610612764,WAS,201959,Taj Gibson,F,67,Signed on 07/19/22,2905851,NA
2023-24,1610612764,WAS,201959,Taj Gibson,F,67,NA,4776302,NA
2024-25,1610612766,CHA,201959,Taj Gibson,F,67,Signed on 07/13/24,NA,NA
2009-10,1610612763,MEM,201960,DeMarre Carroll,F,1,NA,1009680,NA
2011-12,1610612762,UTA,201960,DeMarre Carroll,F,3,NA,833713,NA
2012-13,1610612762,UTA,201960,DeMarre Carroll,F,3,NA,885120,NA
2013-14,1610612737,ATL,201960,DeMarre Carroll,F,5,NA,2500000,NA
2014-15,1610612737,ATL,201960,DeMarre Carroll,F,5,NA,2500000,NA
2015-16,1610612761,TOR,201960,DeMarre Carroll,F,5,NA,13600000,NA
2016-17,1610612761,TOR,201960,DeMarre Carroll,F,5,NA,14200000,NA
2017-18,1610612751,BKN,201960,DeMarre Carroll,F,9,NA,14800000,NA
2018-19,1610612751,BKN,201960,DeMarre Carroll,F,9,NA,15400000,NA
2019-20,1610612745,HOU,201960,DeMarre Carroll,F,9,NA,7339258,NA
2009-10,1610612750,MIN,201961,Wayne Ellington,G,19,NA,1003560,NA
2011-12,1610612750,MIN,201961,Wayne Ellington,G,22,NA,1154040,NA
2012-13,1610612739,CLE,201961,Wayne Ellington,G,21,NA,2083042,NA
2013-14,1610612752,NYK,201961,Wayne Ellington,G,NA,NA,2500000,NA
2014-15,1610612747,LAL,201961,Wayne Ellington,G,2,NA,1063384,NA
2015-16,1610612751,BKN,201961,Wayne Ellington,G,21,NA,1500000,NA
2016-17,1610612748,MIA,201961,Wayne Ellington,G,2,NA,6000000,NA
2017-18,1610612748,MIA,201961,Wayne Ellington,G,2,NA,6270000,NA
2018-19,1610612765,DET,201961,Wayne Ellington,G,20,NA,8653076,NA
2019-20,1610612752,NYK,201961,Wayne Ellington,G,2,NA,8000000,NA
2020-21,1610612765,DET,201961,Wayne Ellington,G,8,NA,3564753,NA
2021-22,1610612747,LAL,201961,Wayne Ellington,G,2,NA,2641691,NA
2009-10,1610612752,NYK,201962,Toney Douglas,G,23,NA,996240,NA
2010-11,1610612752,NYK,201962,Toney Douglas,G,23,NA,1071000,NA
2011-12,1610612752,NYK,201962,Toney Douglas,G,23,NA,1145640,NA
2012-13,1610612758,SAC,201962,Toney Douglas,G,0,NA,2067880,NA
2013-14,1610612748,MIA,201962,Toney Douglas,G,0,NA,1600000,NA
2014-15,1610612740,NOP,201962,Toney Douglas,G,16,NA,268973,NA
2015-16,1610612740,NOP,201962,Toney Douglas,G,16,NA,2971568,NA
2010-11,1610612739,CLE,201963,Christian Eyenga,F,8,NA,1020960,NA
2011-12,1610612747,LAL,201963,Christian Eyenga,F,88,NA,1097520,NA
2012-13,1610612757,POR,201964,Victor Claver,F,18,NA,1254720,NA
2013-14,1610612757,POR,201964,Victor Claver,F,18,NA,1311240,NA
2009-10,1610612757,POR,201965,Jeff Ayres,F-C,31,NA,457588,NA
2011-12,1610612754,IND,201965,Jeff Ayres,F-C,29,NA,1500000,NA
2012-13,1610612754,IND,201965,Jeff Ayres,F-C,29,NA,854389,NA
2013-14,1610612759,SAS,201965,Jeff Ayres,C-F,11,NA,1750000,NA
2014-15,1610612759,SAS,201965,Jeff Ayres,F-C,11,NA,1828750,NA
2015-16,1610612746,LAC,201965,Jeff Ayres,F-C,19,NA,251890,NA
2009-10,1610612745,HOU,201966,Jermaine Taylor,G,8,NA,725000,NA
2009-10,1610612757,POR,201967,Dante Cunningham,F,33,NA,457588,NA
2010-11,1610612766,CHA,201967,Dante Cunningham,F,44,NA,762195,NA
2011-12,1610612763,MEM,201967,Dante Cunningham,F,44,NA,2000000,NA
2012-13,1610612750,MIN,201967,Dante Cunningham,F,33,NA,2090000,NA
2013-14,1610612750,MIN,201967,Dante Cunningham,F,33,NA,2180000,NA
2014-15,1610612740,NOP,201967,Dante Cunningham,F,44,NA,831941,NA
2015-16,1610612740,NOP,201967,Dante Cunningham,F,44,NA,2850000,NA
2016-17,1610612740,NOP,201967,Dante Cunningham,F,33,NA,3000000,NA
2017-18,1610612751,BKN,201967,Dante Cunningham,F,44,NA,2300000,NA
2018-19,1610612759,SAS,201967,Dante Cunningham,F,33,NA,2487000,NA
2009-10,1610612765,DET,201969,DaJuan Summers,F,35,NA,457588,NA
2010-11,1610612765,DET,201969,DaJuan Summers,F,35,NA,762195,NA
2012-13,1610612746,LAC,201969,DaJuan Summers,F,35,NA,177024,NA
2009-10,1610612763,MEM,201970,Sam Young,F-G,4,NA,824200,NA
2010-11,1610612763,MEM,201970,Sam Young,G-F,4,NA,886000,NA
2011-12,1610612755,PHI,201970,Sam Young,F-G,7,NA,947800,NA
2012-13,1610612754,IND,201970,Sam Young,F-G,4,NA,761319,NA
2009-10,1610612759,SAS,201971,DeJuan Blair,C-F,45,NA,850000,NA
2010-11,1610612759,SAS,201971,DeJuan Blair,C,45,NA,918000,NA
2011-12,1610612759,SAS,201971,DeJuan Blair,C,45,NA,986000,NA
2012-13,1610612759,SAS,201971,DeJuan Blair,C,45,NA,1054000,NA
2013-14,1610612742,DAL,201971,DeJuan Blair,C-F,45,NA,941000,NA
2014-15,1610612764,WAS,201971,DeJuan Blair,C-F,45,NA,2000000,NA
2009-10,1610612758,SAC,201972,Jon Brockman,C-F,40,NA,457588,NA
2010-11,1610612749,MIL,201972,Jon Brockman,F,40,NA,1000000,NA
2011-12,1610612749,MIL,201972,Jon Brockman,F,40,NA,1000000,NA
2009-10,1610612765,DET,201973,Jonas Jerebko,F,33,NA,457588,NA
2010-11,1610612765,DET,201973,Jonas Jerebko,F,33,NA,762195,NA
2011-12,1610612765,DET,201973,Jonas Jerebko,F,33,NA,4500000,NA
2012-13,1610612765,DET,201973,Jonas Jerebko,F,33,NA,4500000,NA
2013-14,1610612765,DET,201973,Jonas Jerebko,F,33,NA,4500000,NA
2014-15,1610612738,BOS,201973,Jonas Jerebko,F,8,NA,4500000,NA
2015-16,1610612738,BOS,201973,Jonas Jerebko,F,8,NA,5000000,NA
2016-17,1610612738,BOS,201973,Jonas Jerebko,F,8,NA,5000000,NA
2017-18,1610612762,UTA,201973,Jonas Jerebko,F,8,NA,4000000,NA
2018-19,1610612744,GSW,201973,Jonas Jerebko,F,21,NA,2165481,NA
2009-10,1610612766,CHA,201974,Derrick Brown,F,4,NA,457588,NA
2010-11,1610612752,NYK,201974,Derrick Brown,F,2,NA,762195,NA
2011-12,1610612766,CHA,201974,Derrick Brown,F,4,NA,854389,NA
2009-10,1610612755,PHI,201975,Jodie Meeks,G,20,NA,650000,NA
2010-11,1610612755,PHI,201975,Jodie Meeks,G,20,NA,762195,NA
2011-12,1610612755,PHI,201975,Jodie Meeks,G,20,NA,854389,NA
2012-13,1610612747,LAL,201975,Jodie Meeks,G,20,NA,1400000,NA
2013-14,1610612747,LAL,201975,Jodie Meeks,G,20,NA,1550000,NA
2014-15,1610612765,DET,201975,Jodie Meeks,G,20,NA,6000000,NA
2015-16,1610612765,DET,201975,Jodie Meeks,G,20,NA,6270000,NA
2016-17,1610612753,ORL,201975,Jodie Meeks,G,20,NA,6540000,NA
2017-18,1610612764,WAS,201975,Jodie Meeks,G,20,NA,3290000,NA
2018-19,1610612761,TOR,201975,Jodie Meeks,G,20,NA,3774176,NA
2012-13,1610612745,HOU,201976,Patrick Beverley,G,12,NA,298092,NA
2013-14,1610612745,HOU,201976,Patrick Beverley,G,2,NA,788872,NA
2014-15,1610612745,HOU,201976,Patrick Beverley,G,2,NA,915243,NA
2015-16,1610612745,HOU,201976,Patrick Beverley,G,2,NA,6486486,NA
2016-17,1610612745,HOU,201976,Patrick Beverley,G,2,NA,6000000,NA
2017-18,1610612746,LAC,201976,Patrick Beverley,G,21,NA,5513514,NA
2018-19,1610612746,LAC,201976,Patrick Beverley,G,21,NA,5027028,NA
2019-20,1610612746,LAC,201976,Patrick Beverley,G,21,NA,12345680,NA
2020-21,1610612746,LAC,201976,Patrick Beverley,G,21,NA,13333333,NA
2021-22,1610612750,MIN,201976,Patrick Beverley,G,22,NA,14320987,NA
2022-23,1610612741,CHI,201976,Patrick Beverley,G,21,NA,13801614,NA
2023-24,1610612755,PHI,201976,Patrick Beverley,G,22,Signed on 07/09/23,3196448,NA
2009-10,1610612740,NOP,201977,Marcus Thornton,G,5,NA,457888,NA
2010-11,1610612758,SAC,201977,Marcus Thornton,G,23,NA,762195,NA
2011-12,1610612758,SAC,201977,Marcus Thornton,G,23,NA,7000000,NA
2012-13,1610612758,SAC,201977,Marcus Thornton,G,23,NA,7632500,NA
2013-14,1610612751,BKN,201977,Marcus Thornton,G,10,NA,8165000,NA
2014-15,1610612756,PHX,201977,Marcus Thornton,G,23,NA,8697500,NA
2015-16,1610612764,WAS,201977,Marcus Thornton,F-G,15,NA,1436891,NA
2009-10,1610612745,HOU,201978,Chase Budinger,F-G,10,NA,457588,NA
2010-11,1610612745,HOU,201978,Chase Budinger,F,10,NA,780871,NA
2011-12,1610612745,HOU,201978,Chase Budinger,F,10,NA,854389,NA
2012-13,1610612750,MIN,201978,Chase Budinger,F,10,NA,942293,NA
2013-14,1610612750,MIN,201978,Chase Budinger,F,10,NA,5000000,NA
2014-15,1610612750,MIN,201978,Chase Budinger,F,10,NA,5000000,NA
2015-16,1610612756,PHX,201978,Chase Budinger,F,10,NA,5258082,NA
2013-14,1610612763,MEM,201979,Nick Calathes,G,12,NA,490180,NA
2014-15,1610612763,MEM,201979,Nick Calathes,G,12,NA,816482,NA
2009-10,1610612739,CLE,201980,Danny Green,F,14,NA,457588,NA
2010-11,1610612759,SAS,201980,Danny Green,G-F,4,NA,94154,NA
2011-12,1610612759,SAS,201980,Danny Green,G-F,4,NA,854389,NA
2012-13,1610612759,SAS,201980,Danny Green,G-F,4,NA,3500000,NA
2013-14,1610612759,SAS,201980,Danny Green,G-F,4,NA,3762500,NA
2014-15,1610612759,SAS,201980,Danny Green,G-F,14,NA,4025000,NA
2015-16,1610612759,SAS,201980,Danny Green,G-F,14,NA,10000000,NA
2016-17,1610612759,SAS,201980,Danny Green,G-F,14,NA,10000000,NA
2017-18,1610612759,SAS,201980,Danny Green,G-F,14,NA,10000000,NA
2018-19,1610612761,TOR,201980,Danny Green,G-F,14,NA,10000000,NA
2019-20,1610612747,LAL,201980,Danny Green,G,14,NA,14634147,NA
2020-21,1610612755,PHI,201980,Danny Green,G,14,NA,15365853,NA
2021-22,1610612755,PHI,201980,Danny Green,G,14,NA,10000000,NA
2022-23,1610612739,CLE,201980,Danny Green,G,14,NA,11710528,NA
2023-24,1610612755,PHI,201980,Danny Green,G,14,Signed on 09/13/23,202074,NA
2009-10,1610612756,PHX,201981,Taylor Griffin,F,32,NA,457588,NA
2009-10,1610612754,IND,201985,AJ Price,G,22,NA,457588,NA
2010-11,1610612754,IND,201985,AJ Price,G,12,NA,762195,NA
2011-12,1610612754,IND,201985,AJ Price,G,12,NA,854389,NA
2012-13,1610612764,WAS,201985,AJ Price,G,12,NA,885120,NA
2012-13,1610612759,SAS,201986,Nando De Colo,G,25,NA,1400000,NA
2013-14,1610612761,TOR,201986,Nando De Colo,G,3,NA,1463000,NA
2010-11,1610612760,OKC,201987,Robert Vaden,G-F,30,NA,NA,NA
2009-10,1610612757,POR,201988,Patty Mills,G,8,NA,NA,NA
2010-11,1610612757,POR,201988,Patty Mills,G,8,NA,NA,NA
2011-12,1610612759,SAS,201988,Patty Mills,G,8,NA,NA,NA
2012-13,1610612759,SAS,201988,Patty Mills,G,8,NA,NA,NA
2013-14,1610612759,SAS,201988,Patty Mills,G,8,NA,NA,NA
2014-15,1610612759,SAS,201988,Patty Mills,G,8,NA,NA,NA
2015-16,1610612759,SAS,201988,Patty Mills,G,8,NA,NA,NA
2016-17,1610612759,SAS,201988,Patty Mills,G,8,NA,NA,NA
2017-18,1610612759,SAS,201988,Patty Mills,G,8,NA,NA,NA
2018-19,1610612759,SAS,201988,Patty Mills,G,8,NA,NA,NA
2019-20,1610612759,SAS,201988,Patty Mills,G,8,NA,NA,NA
2021-22,1610612751,BKN,201988,Patty Mills,G,8,NA,NA,NA
2022-23,1610612751,BKN,201988,Patty Mills,G,8,NA,NA,NA
2023-24,1610612737,ATL,201988,Patty Mills,G,8,NA,NA,NA
2024-25,1610612762,UTA,201988,Patty Mills,G,8,Signed on 09/05/24,NA,NA
2024-25,1610612746,LAC,201988,Patty Mills,G,8,Traded from UTA on 04/02/25,NA,2025-02-04
2009-10,1610612763,MEM,201991,Lester Hudson,G,26,NA,392987,NA
2011-12,1610612763,MEM,201991,Lester Hudson,G,14,NA,NA,NA
2014-15,1610612746,LAC,201991,Lester Hudson,G,14,NA,111548,NA
2009-10,1610612759,SAS,201998,Curtis Jerrells,G,5,NA,NA,NA
2009-10,1610612759,SAS,202066,Garrett Temple,G,2,NA,180344,NA
2010-11,1610612766,CHA,202066,Garrett Temple,G,41,NA,170373,NA
2012-13,1610612764,WAS,202066,Garrett Temple,G,17,NA,572943,NA
2013-14,1610612764,WAS,202066,Garrett Temple,G,17,NA,916099,NA
2014-15,1610612764,WAS,202066,Garrett Temple,G,17,NA,981084,NA
2015-16,1610612764,WAS,202066,Garrett Temple,G,17,NA,1100602,NA
2016-17,1610612758,SAC,202066,Garrett Temple,G,17,NA,8000000,NA
2017-18,1610612758,SAC,202066,Garrett Temple,F-G,17,NA,8000000,NA
2018-19,1610612746,LAC,202066,Garrett Temple,G-F,17,NA,8000000,NA
2019-20,1610612751,BKN,202066,Garrett Temple,G-F,17,NA,4767000,NA
2020-21,1610612741,CHI,202066,Garrett Temple,G-F,17,NA,4767000,NA
2021-22,1610612740,NOP,202066,Garrett Temple,G-F,41,NA,4910000,NA
2022-23,1610612740,NOP,202066,Garrett Temple,G-F,41,NA,5155500,NA
2023-24,1610612761,TOR,202066,Garrett Temple,G-F,14,Signed on 07/31/23,3196448,NA
2024-25,1610612761,TOR,202066,Garrett Temple,G-F,17,NA,3303771,NA
2011-12,1610612745,HOU,202067,Diamon Simpson,F,20,NA,NA,NA
2009-10,1610612738,BOS,202070,Tony Gaffney,F,NA,NA,NA,NA
2012-13,1610612762,UTA,202077,Jerel McNeal,G,23,NA,61289,NA
2014-15,1610612756,PHX,202077,Jerel McNeal,G,8,NA,59686,NA
2010-11,1610612756,PHX,202081,Garret Siler,C,20,NA,473640,NA
2010-11,1610612764,WAS,202082,Larry Owens,F-G,32,NA,55718,NA
2009-10,1610612762,UTA,202083,Wesley Matthews,G,23,NA,457588,NA
2010-11,1610612757,POR,202083,Wesley Matthews,G,2,NA,5765000,NA
2011-12,1610612757,POR,202083,Wesley Matthews,G,2,NA,6135160,NA
2012-13,1610612757,POR,202083,Wesley Matthews,G,2,NA,6505320,NA
2013-14,1610612757,POR,202083,Wesley Matthews,G,2,NA,6875480,NA
2014-15,1610612757,POR,202083,Wesley Matthews,G,2,NA,7245640,NA
2015-16,1610612742,DAL,202083,Wesley Matthews,G-F,23,NA,16407500,NA
2016-17,1610612742,DAL,202083,Wesley Matthews,G-F,23,NA,17145838,NA
2017-18,1610612742,DAL,202083,Wesley Matthews,G-F,23,NA,17884175,NA
2018-19,1610612754,IND,202083,Wesley Matthews,G-F,23,NA,19360228,NA
2019-20,1610612749,MIL,202083,Wesley Matthews,G,9,NA,2564753,NA
2020-21,1610612747,LAL,202083,Wesley Matthews,G,9,NA,3623000,NA
2021-22,1610612749,MIL,202083,Wesley Matthews,G,23,NA,1958495,NA
2022-23,1610612749,MIL,202083,Wesley Matthews,G,23,NA,2905851,NA
2023-24,1610612737,ATL,202083,Wesley Matthews,G,23,Signed on 07/21/23,3196448,NA
2009-10,1610612759,SAS,202087,Alonzo Gee,G,23,NA,NA,NA
2010-11,1610612739,CLE,202087,Alonzo Gee,F,33,NA,681492,NA
2011-12,1610612739,CLE,202087,Alonzo Gee,F,33,NA,854389,NA
2012-13,1610612739,CLE,202087,Alonzo Gee,F,33,NA,3500000,NA
2013-14,1610612739,CLE,202087,Alonzo Gee,F,33,NA,3250000,NA
2014-15,1610612757,POR,202087,Alonzo Gee,F,33,NA,1063384,NA
2015-16,1610612740,NOP,202087,Alonzo Gee,F,15,NA,1320000,NA
2013-14,1610612756,PHX,202091,Dionte Christmas,G,25,NA,490180,NA
2009-10,1610612744,GSW,202130,Reggie Williams,F,55,NA,NA,NA
2010-11,1610612744,GSW,202130,Reggie Williams,G,55,NA,762195,NA
2011-12,1610612766,CHA,202130,Reggie Williams,G,55,NA,2500000,NA
2012-13,1610612766,CHA,202130,Reggie Williams,G,55,NA,2500000,NA
2014-15,1610612759,SAS,202130,Reggie Williams,F,55,NA,487905,NA
2009-10,1610612764,WAS,202132,Cedric Jackson,G,9,NA,53834,NA
2011-12,1610612744,GSW,202148,Mickell Gladness,C,32,NA,248263,NA
2009-10,1610612762,UTA,202178,Sundiata Gaines,G,15,NA,269169,NA
2010-11,1610612751,BKN,202178,Sundiata Gaines,G,0,NA,327296,NA
2011-12,1610612751,BKN,202178,Sundiata Gaines,G,1,NA,854389,NA
2010-11,1610612756,PHX,202220,Zabian Dowdell,G,22,NA,242374,NA
2009-10,1610612743,DEN,202221,Brian Butch,C,43,NA,NA,NA
2011-12,1610612748,MIA,202227,Terrel Harris,G,14,NA,473604,NA
2009-10,1610612748,MIA,202238,Kenny Hasbrouck,G,4,NA,NA,NA
2010-11,1610612764,WAS,202322,John Wall,G,2,NA,5144280,NA
2011-12,1610612764,WAS,202322,John Wall,G,2,NA,5530080,NA
2012-13,1610612764,WAS,202322,John Wall,G,2,NA,5915880,NA
2013-14,1610612764,WAS,202322,John Wall,G,2,NA,7459924,NA
2014-15,1610612764,WAS,202322,John Wall,G,2,NA,13701250,NA
2015-16,1610612764,WAS,202322,John Wall,G,2,NA,14728844,NA
2016-17,1610612764,WAS,202322,John Wall,G,2,NA,15756438,NA
2017-18,1610612764,WAS,202322,John Wall,G,2,NA,18063850,NA
2018-19,1610612764,WAS,202322,John Wall,G,2,NA,19169800,NA
2019-20,1610612764,WAS,202322,John Wall,G,2,NA,38199000,NA
2020-21,1610612745,HOU,202322,John Wall,G,1,NA,41254920,NA
2021-22,1610612745,HOU,202322,John Wall,G,1,NA,44310840,NA
2010-11,1610612755,PHI,202323,Evan Turner,G-F,12,NA,4602720,NA
2011-12,1610612755,PHI,202323,Evan Turner,G-F,12,NA,4947840,NA
2012-13,1610612755,PHI,202323,Evan Turner,F-G,12,NA,5293080,NA
2013-14,1610612754,IND,202323,Evan Turner,F-G,12,NA,6679866,NA
2014-15,1610612738,BOS,202323,Evan Turner,G-F,11,NA,3278000,NA
2015-16,1610612738,BOS,202323,Evan Turner,G-F,11,NA,3425510,NA
2016-17,1610612757,POR,202323,Evan Turner,G-F,1,NA,16393443,NA
2017-18,1610612757,POR,202323,Evan Turner,F-G,1,NA,17131148,NA
2018-19,1610612757,POR,202323,Evan Turner,G-F,1,NA,17868853,NA
2019-20,1610612750,MIN,202323,Evan Turner,G-F,1,NA,18606556,NA
2010-11,1610612762,UTA,202324,Derrick Favors,F,15,NA,4133280,NA
2011-12,1610612762,UTA,202324,Derrick Favors,F-C,15,NA,4443360,NA
2012-13,1610612762,UTA,202324,Derrick Favors,F-C,15,NA,4753320,NA
2013-14,1610612762,UTA,202324,Derrick Favors,C-F,15,NA,6008106,NA
2015-16,1610612762,UTA,202324,Derrick Favors,F-C,15,NA,12000000,NA
2016-17,1610612762,UTA,202324,Derrick Favors,F-C,15,NA,11050000,NA
2017-18,1610612762,UTA,202324,Derrick Favors,F-C,15,NA,12000000,NA
2019-20,1610612740,NOP,202324,Derrick Favors,F,22,NA,17650000,NA
2020-21,1610612762,UTA,202324,Derrick Favors,F,15,NA,9258000,NA
2021-22,1610612760,OKC,202324,Derrick Favors,F,15,NA,9720900,NA
2011-12,1610612750,MIN,202325,Wesley Johnson,F-G,4,NA,4006080,NA
2012-13,1610612756,PHX,202325,Wesley Johnson,F,2,NA,4285560,NA
2013-14,1610612747,LAL,202325,Wesley Johnson,F,11,NA,916099,NA
2014-15,1610612747,LAL,202325,Wesley Johnson,F,11,NA,981084,NA
2015-16,1610612746,LAC,202325,Wesley Johnson,F-G,33,NA,1100602,NA
2016-17,1610612746,LAC,202325,Wesley Johnson,F,33,NA,5628000,NA
2017-18,1610612746,LAC,202325,Wesley Johnson,F-G,33,NA,5881260,NA
2018-19,1610612764,WAS,202325,Wesley Johnson,F-G,4,NA,6134000,NA
2010-11,1610612758,SAC,202326,DeMarcus Cousins,C,15,NA,3374640,NA
2011-12,1610612758,SAC,202326,DeMarcus Cousins,C,15,NA,3627720,NA
2012-13,1610612758,SAC,202326,DeMarcus Cousins,C,15,NA,3880800,NA
2013-14,1610612758,SAC,202326,DeMarcus Cousins,C,15,NA,4916973,NA
2014-15,1610612758,SAC,202326,DeMarcus Cousins,C,15,NA,13701250,NA
2015-16,1610612758,SAC,202326,DeMarcus Cousins,C-F,15,NA,14728844,NA
2016-17,1610612740,NOP,202326,DeMarcus Cousins,F-C,0,NA,15756438,NA
2017-18,1610612740,NOP,202326,DeMarcus Cousins,C,0,NA,18063850,NA
2018-19,1610612744,GSW,202326,DeMarcus Cousins,C,0,NA,5337000,NA
2020-21,1610612746,LAC,202326,DeMarcus Cousins,C,15,NA,3051832,NA
2021-22,1610612743,DEN,202326,DeMarcus Cousins,C,4,NA,2038942,NA
2010-11,1610612744,GSW,202327,Ekpe Udoh,F,20,NA,3065040,NA
2011-12,1610612749,MIL,202327,Ekpe Udoh,C,13,NA,3294960,NA
2012-13,1610612749,MIL,202327,Ekpe Udoh,C,13,NA,3524880,NA
2013-14,1610612749,MIL,202327,Ekpe Udoh,F-C,5,NA,4469547,NA
2014-15,1610612746,LAC,202327,Ekpe Udoh,F,13,NA,981084,NA
2017-18,1610612762,UTA,202327,Ekpe Udoh,C-F,33,NA,3200000,NA
2010-11,1610612765,DET,202328,Greg Monroe,C-F,10,NA,2798040,NA
2011-12,1610612765,DET,202328,Greg Monroe,C,10,NA,3007920,NA
2012-13,1610612765,DET,202328,Greg Monroe,C,10,NA,3217680,NA
2013-14,1610612765,DET,202328,Greg Monroe,F-C,10,NA,4086453,NA
2014-15,1610612765,DET,202328,Greg Monroe,F-C,10,NA,5479933,NA
2015-16,1610612749,MIL,202328,Greg Monroe,C-F,15,NA,16407500,NA
2016-17,1610612749,MIL,202328,Greg Monroe,C,15,NA,17145838,NA
2017-18,1610612738,BOS,202328,Greg Monroe,C-F,55,NA,21384175,NA
2018-19,1610612755,PHI,202328,Greg Monroe,C,55,NA,2410167,NA
2021-22,1610612750,MIN,202328,Greg Monroe,F-C,15,NA,612805,NA
2010-11,1610612746,LAC,202329,Al-Farouq Aminu,F,3,NA,2563320,NA
2011-12,1610612740,NOP,202329,Al-Farouq Aminu,F,0,NA,2755560,NA
2013-14,1610612740,NOP,202329,Al-Farouq Aminu,F,0,NA,3700000,NA
2014-15,1610612742,DAL,202329,Al-Farouq Aminu,F,7,NA,981084,NA
2015-16,1610612757,POR,202329,Al-Farouq Aminu,F,8,NA,8042895,NA
2016-17,1610612757,POR,202329,Al-Farouq Aminu,F,8,NA,7680965,NA
2017-18,1610612757,POR,202329,Al-Farouq Aminu,F,8,NA,7319035,NA
2018-19,1610612757,POR,202329,Al-Farouq Aminu,F,8,NA,6957105,NA
2019-20,1610612753,ORL,202329,Al-Farouq Aminu,F,2,NA,9258000,NA
2020-21,1610612741,CHI,202329,Al-Farouq Aminu,F,5,NA,9720900,NA
2010-11,1610612762,UTA,202330,Gordon Hayward,F,20,NA,2356320,NA
2011-12,1610612762,UTA,202330,Gordon Hayward,F,20,NA,2532960,NA
2012-13,1610612762,UTA,202330,Gordon Hayward,G-F,20,NA,2709720,NA
2013-14,1610612762,UTA,202330,Gordon Hayward,G-F,20,NA,3452183,NA
2015-16,1610612762,UTA,202330,Gordon Hayward,F,20,NA,15409570,NA
2016-17,1610612762,UTA,202330,Gordon Hayward,F,20,NA,16073140,NA
2017-18,1610612738,BOS,202330,Gordon Hayward,F,20,NA,29727900,NA
2018-19,1610612738,BOS,202330,Gordon Hayward,F,20,NA,31214295,NA
2019-20,1610612738,BOS,202330,Gordon Hayward,F,20,NA,32700690,NA
2020-21,1610612738,BOS,202330,Gordon Hayward,F,20,NA,28500000,NA
2020-21,1610612766,CHA,202330,Gordon Hayward,F,20,Traded from BOS on 11/29/20,28500000,2020-11-29
2021-22,1610612766,CHA,202330,Gordon Hayward,F,20,NA,29925000,NA
2022-23,1610612766,CHA,202330,Gordon Hayward,F,20,NA,30075000,NA
2023-24,1610612766,CHA,202330,Gordon Hayward,F,20,NA,33319397,NA
2010-11,1610612754,IND,202331,Paul George,F,24,NA,2238360,NA
2011-12,1610612754,IND,202331,Paul George,G-F,24,NA,2406240,NA
2012-13,1610612754,IND,202331,Paul George,F-G,24,NA,2574120,NA
2013-14,1610612754,IND,202331,Paul George,F-G,24,NA,3282003,NA
2014-15,1610612754,IND,202331,Paul George,F-G,13,NA,15800000,NA
2015-16,1610612754,IND,202331,Paul George,F,13,NA,16900000,NA
2016-17,1610612754,IND,202331,Paul George,F,13,NA,18100000,NA
2017-18,1610612760,OKC,202331,Paul George,F,13,NA,19300000,NA
2018-19,1610612760,OKC,202331,Paul George,F,13,NA,30560700,NA
2019-20,1610612746,LAC,202331,Paul George,F,13,Traded from OKC on 07/10/19,33005556,NA
2020-21,1610612746,LAC,202331,Paul George,F,13,NA,35450412,NA
2021-22,1610612746,LAC,202331,Paul George,F,13,NA,39344970,NA
2022-23,1610612746,LAC,202331,Paul George,F,13,NA,42492492,NA
2023-24,1610612746,LAC,202331,Paul George,F,13,NA,45640084,NA
2024-25,1610612755,PHI,202331,Paul George,F,8,Signed on 07/06/24,49205800,NA
2010-11,1610612760,OKC,202332,Cole Aldrich,C,45,NA,2126520,NA
2012-13,1610612758,SAC,202332,Cole Aldrich,C,45,NA,2445480,NA
2013-14,1610612752,NYK,202332,Cole Aldrich,C,45,NA,884293,NA
2014-15,1610612752,NYK,202332,Cole Aldrich,C,45,NA,981084,NA
2015-16,1610612746,LAC,202332,Cole Aldrich,C,45,NA,1100602,NA
2016-17,1610612750,MIN,202332,Cole Aldrich,C,45,NA,7643979,NA
2017-18,1610612750,MIN,202332,Cole Aldrich,C,45,NA,7300000,NA
2010-11,1610612763,MEM,202333,Xavier Henry,G,13,NA,2020200,NA
2011-12,1610612740,NOP,202333,Xavier Henry,G,4,NA,2171640,NA
2013-14,1610612747,LAL,202333,Xavier Henry,F-G,7,NA,916099,NA
2010-11,1610612761,TOR,202334,Ed Davis,F,32,NA,1919160,NA
2011-12,1610612761,TOR,202334,Ed Davis,F,32,NA,2063040,NA
2012-13,1610612763,MEM,202334,Ed Davis,F,32,NA,2207040,NA
2013-14,1610612763,MEM,202334,Ed Davis,F,32,NA,3153860,NA
2014-15,1610612747,LAL,202334,Ed Davis,F,21,NA,981084,NA
2015-16,1610612757,POR,202334,Ed Davis,F-C,17,NA,6980802,NA
2016-17,1610612757,POR,202334,Ed Davis,F,17,NA,6666667,NA
2017-18,1610612757,POR,202334,Ed Davis,F-C,17,NA,6352531,NA
2018-19,1610612751,BKN,202334,Ed Davis,C,17,NA,4449000,NA
2019-20,1610612762,UTA,202334,Ed Davis,C-F,17,NA,4767000,NA
2020-21,1610612750,MIN,202334,Ed Davis,C-F,17,NA,5005350,NA
2021-22,1610612739,CLE,202334,Ed Davis,C-F,21,NA,2641691,NA
2010-11,1610612745,HOU,202335,Patrick Patterson,F,54,NA,1823280,NA
2011-12,1610612745,HOU,202335,Patrick Patterson,F-C,54,NA,1959960,NA
2012-13,1610612758,SAC,202335,Patrick Patterson,F-C,9,NA,2096760,NA
2013-14,1610612761,TOR,202335,Patrick Patterson,F,54,NA,3105301,NA
2014-15,1610612761,TOR,202335,Patrick Patterson,F,54,NA,5831326,NA
2015-16,1610612761,TOR,202335,Patrick Patterson,F,54,NA,6268675,NA
2016-17,1610612761,TOR,202335,Patrick Patterson,F,54,NA,6050000,NA
2017-18,1610612760,OKC,202335,Patrick Patterson,F,54,NA,5192000,NA
2018-19,1610612760,OKC,202335,Patrick Patterson,F,54,NA,5451600,NA
2019-20,1610612746,LAC,202335,Patrick Patterson,F,54,NA,2331593,NA
2020-21,1610612746,LAC,202335,Patrick Patterson,F,54,NA,3814771,NA
2010-11,1610612749,MIL,202336,Larry Sanders,F-C,8,NA,1731960,NA
2011-12,1610612749,MIL,202336,Larry Sanders,F-C,8,NA,1861920,NA
2012-13,1610612749,MIL,202336,Larry Sanders,C,8,NA,1991760,NA
2013-14,1610612749,MIL,202336,Larry Sanders,C,8,NA,3053368,NA
2010-11,1610612757,POR,202337,Luke Babbitt,F,11,NA,1645440,NA
2011-12,1610612757,POR,202337,Luke Babbitt,F,8,NA,1768800,NA
2012-13,1610612757,POR,202337,Luke Babbitt,F,8,NA,1892280,NA
2013-14,1610612740,NOP,202337,Luke Babbitt,F,8,NA,387995,NA
2014-15,1610612740,NOP,202337,Luke Babbitt,F,8,NA,981084,NA
2015-16,1610612740,NOP,202337,Luke Babbitt,F,8,NA,1100602,NA
2016-17,1610612748,MIA,202337,Luke Babbitt,F,5,NA,1227286,NA
2017-18,1610612748,MIA,202337,Luke Babbitt,F,22,NA,1974159,NA
2010-11,1610612764,WAS,202338,Kevin Seraphin,F,13,NA,1563120,NA
2011-12,1610612764,WAS,202338,Kevin Seraphin,C,13,NA,1680360,NA
2012-13,1610612764,WAS,202338,Kevin Seraphin,C,13,NA,1797600,NA
2013-14,1610612764,WAS,202338,Kevin Seraphin,C,13,NA,2761113,NA
2014-15,1610612764,WAS,202338,Kevin Seraphin,C,13,NA,3898691,NA
2015-16,1610612752,NYK,202338,Kevin Seraphin,F-C,1,NA,2814000,NA
2016-17,1610612754,IND,202338,Kevin Seraphin,F-C,1,NA,1800000,NA
2010-11,1610612746,LAC,202339,Eric Bledsoe,G,12,NA,1485000,NA
2011-12,1610612746,LAC,202339,Eric Bledsoe,G,12,NA,1596360,NA
2012-13,1610612746,LAC,202339,Eric Bledsoe,G,12,NA,1707720,NA
2013-14,1610612756,PHX,202339,Eric Bledsoe,G,2,NA,2626473,NA
2014-15,1610612756,PHX,202339,Eric Bledsoe,G,2,NA,13000000,NA
2015-16,1610612756,PHX,202339,Eric Bledsoe,G,2,NA,13500000,NA
2016-17,1610612756,PHX,202339,Eric Bledsoe,G,2,NA,14000000,NA
2018-19,1610612749,MIL,202339,Eric Bledsoe,G,6,NA,15000000,NA
2019-20,1610612749,MIL,202339,Eric Bledsoe,G,6,NA,15625000,NA
2020-21,1610612740,NOP,202339,Eric Bledsoe,G,5,NA,16875000,NA
2021-22,1610612757,POR,202339,Eric Bledsoe,G,5,NA,18125000,NA
2010-11,1610612738,BOS,202340,Avery Bradley,G,0,NA,1418160,NA
2011-12,1610612738,BOS,202340,Avery Bradley,G,0,NA,1524480,NA
2012-13,1610612738,BOS,202340,Avery Bradley,G,0,NA,1630800,NA
2013-14,1610612738,BOS,202340,Avery Bradley,G,0,NA,2511432,NA
2014-15,1610612738,BOS,202340,Avery Bradley,G,0,NA,7191011,NA
2015-16,1610612738,BOS,202340,Avery Bradley,G,0,NA,7730337,NA
2016-17,1610612738,BOS,202340,Avery Bradley,G,0,NA,8269663,NA
2017-18,1610612746,LAC,202340,Avery Bradley,G,11,NA,8808989,NA
2018-19,1610612763,MEM,202340,Avery Bradley,G,0,NA,12000000,NA
2019-20,1610612747,LAL,202340,Avery Bradley,G,11,NA,4767000,NA
2020-21,1610612745,HOU,202340,Avery Bradley,G,9,NA,5635000,NA
2021-22,1610612747,LAL,202340,Avery Bradley,G,20,NA,2641691,NA
2010-11,1610612759,SAS,202341,James Anderson,G,25,NA,1361400,NA
2011-12,1610612759,SAS,202341,James Anderson,G,25,NA,1463520,NA
2012-13,1610612745,HOU,202341,James Anderson,G-F,5,NA,902002,NA
2013-14,1610612755,PHI,202341,James Anderson,G-F,9,NA,916099,NA
2015-16,1610612758,SAC,202341,James Anderson,G-F,5,NA,1015421,NA
2010-11,1610612755,PHI,202342,Craig Brackins,F,33,NA,1306920,NA
2011-12,1610612755,PHI,202342,Craig Brackins,F,33,NA,1404960,NA
2010-11,1610612757,POR,202343,Elliot Williams,G,9,NA,1254720,NA
2011-12,1610612757,POR,202343,Elliot Williams,G,9,NA,1348800,NA
2012-13,1610612757,POR,202343,Elliot Williams,G,9,NA,1442880,NA
2013-14,1610612755,PHI,202343,Elliot Williams,G,25,NA,797545,NA
2010-11,1610612764,WAS,202344,Trevor Booker,F,35,NA,1204560,NA
2011-12,1610612764,WAS,202344,Trevor Booker,F,35,NA,1294920,NA
2012-13,1610612764,WAS,202344,Trevor Booker,F,35,NA,1385280,NA
2013-14,1610612764,WAS,202344,Trevor Booker,F,35,NA,2350820,NA
2015-16,1610612762,UTA,202344,Trevor Booker,F,33,NA,4775000,NA
2016-17,1610612751,BKN,202344,Trevor Booker,F,35,NA,9250000,NA
2017-18,1610612754,IND,202344,Trevor Booker,F,20,NA,9571137,NA
2010-11,1610612751,BKN,202345,Damion James,F,10,NA,1156320,NA
2011-12,1610612751,BKN,202345,Damion James,F,10,NA,1243080,NA
2013-14,1610612759,SAS,202345,Damion James,F,7,NA,107776,NA
2010-11,1610612742,DAL,202346,Dominique Jones,G,20,NA,1110120,NA
2011-12,1610612742,DAL,202346,Dominique Jones,G,20,NA,1193280,NA
2010-11,1610612740,NOP,202347,Quincy Pondexter,F,20,NA,1073280,NA
2011-12,1610612763,MEM,202347,Quincy Pondexter,F,20,NA,1153800,NA
2012-13,1610612763,MEM,202347,Quincy Pondexter,F,20,NA,1234320,NA
2013-14,1610612763,MEM,202347,Quincy Pondexter,F,20,NA,2225478,NA
2014-15,1610612740,NOP,202347,Quincy Pondexter,F-G,20,NA,3146068,NA
2015-16,1610612740,NOP,202347,Quincy Pondexter,F-G,20,NA,3382023,NA
2016-17,1610612740,NOP,202347,Quincy Pondexter,G-F,20,NA,3617978,NA
2018-19,1610612759,SAS,202347,Quincy Pondexter,F,3,NA,2165481,NA
2010-11,1610612764,WAS,202348,Jordan Crawford,G,15,NA,1042320,NA
2011-12,1610612764,WAS,202348,Jordan Crawford,G,15,NA,1120440,NA
2012-13,1610612738,BOS,202348,Jordan Crawford,G,27,NA,1198680,NA
2013-14,1610612744,GSW,202348,Jordan Crawford,G,55,NA,2162418,NA
2016-17,1610612740,NOP,202348,Jordan Crawford,G,4,NA,234920,NA
2017-18,1610612740,NOP,202348,Jordan Crawford,G,27,NA,1709538,NA
2010-11,1610612763,MEM,202349,Greivis Vasquez,G,21,NA,1035960,NA
2011-12,1610612740,NOP,202349,Greivis Vasquez,G,21,NA,1113600,NA
2013-14,1610612761,TOR,202349,Greivis Vasquez,G,21,NA,2150188,NA
2014-15,1610612761,TOR,202349,Greivis Vasquez,G,21,NA,6400000,NA
2015-16,1610612749,MIL,202349,Greivis Vasquez,G,21,NA,6600000,NA
2010-11,1610612753,ORL,202350,Daniel Orton,C,21,NA,1028400,NA
2011-12,1610612753,ORL,202350,Daniel Orton,C,21,NA,1105560,NA
2012-13,1610612760,OKC,202350,Daniel Orton,C,33,NA,762195,NA
2015-16,1610612762,UTA,202353,Tibor Pleiss,C,21,NA,2700000,NA
2010-11,1610612748,MIA,202354,Dexter Pittman,C,45,NA,473604,NA
2011-12,1610612748,MIA,202354,Dexter Pittman,C,45,NA,762195,NA
2010-11,1610612758,SAC,202355,Hassan Whiteside,C,33,NA,730437,NA
2011-12,1610612758,SAC,202355,Hassan Whiteside,C,33,NA,762195,NA
2014-15,1610612748,MIA,202355,Hassan Whiteside,C,21,NA,775191,NA
2015-16,1610612748,MIA,202355,Hassan Whiteside,C,21,NA,981348,NA
2016-17,1610612748,MIA,202355,Hassan Whiteside,C,21,NA,22116750,NA
2017-18,1610612748,MIA,202355,Hassan Whiteside,C,21,NA,23775506,NA
2018-19,1610612748,MIA,202355,Hassan Whiteside,C,21,NA,24434262,NA
2019-20,1610612757,POR,202355,Hassan Whiteside,C,21,NA,27093018,NA
2020-21,1610612758,SAC,202355,Hassan Whiteside,C,20,NA,2320044,NA
2021-22,1610612762,UTA,202355,Hassan Whiteside,C,21,NA,2401537,NA
2010-11,1610612757,POR,202356,Armon Johnson,G,1,NA,473604,NA
2011-12,1610612751,BKN,202356,Armon Johnson,G,7,NA,762195,NA
2015-16,1610612750,MIN,202357,Nemanja Bjelica,F,88,NA,3950000,NA
2016-17,1610612750,MIN,202357,Nemanja Bjelica,F,88,NA,3800000,NA
2017-18,1610612750,MIN,202357,Nemanja Bjelica,F,8,NA,3950000,NA
2018-19,1610612758,SAC,202357,Nemanja Bjelica,F,88,NA,6500000,NA
2020-21,1610612748,MIA,202357,Nemanja Bjelica,F,70,NA,7150000,NA
2021-22,1610612744,GSW,202357,Nemanja Bjelica,F,8,NA,2089448,NA
2010-11,1610612765,DET,202358,Terrico White,G,23,NA,473604,NA
2010-11,1610612752,NYK,202360,Andy Rautins,G,11,NA,600000,NA
2010-11,1610612752,NYK,202361,Landry Fields,G,6,NA,473604,NA
2011-12,1610612752,NYK,202361,Landry Fields,G,2,NA,762195,NA
2012-13,1610612761,TOR,202361,Landry Fields,F,2,NA,5000000,NA
2013-14,1610612761,TOR,202361,Landry Fields,F,2,NA,5225000,NA
2014-15,1610612761,TOR,202361,Landry Fields,G-F,2,NA,8500000,NA
2010-11,1610612754,IND,202362,Lance Stephenson,G,6,NA,750000,NA
2011-12,1610612754,IND,202362,Lance Stephenson,G,6,NA,810000,NA
2012-13,1610612754,IND,202362,Lance Stephenson,G,1,NA,915243,NA
2013-14,1610612754,IND,202362,Lance Stephenson,G,1,NA,981349,NA
2014-15,1610612766,CHA,202362,Lance Stephenson,G,1,NA,9000000,NA
2015-16,1610612763,MEM,202362,Lance Stephenson,F-G,1,NA,9000000,NA
2016-17,1610612754,IND,202362,Lance Stephenson,G,6,NA,5371672,NA
2017-18,1610612754,IND,202362,Lance Stephenson,G,1,NA,4180000,NA
2018-19,1610612747,LAL,202362,Lance Stephenson,G,6,NA,4449000,NA
2021-22,1610612754,IND,202362,Lance Stephenson,F,6,NA,1614825,NA
2012-13,1610612748,MIA,202363,Jarvis Varnado,F-C,24,NA,314806,NA
2013-14,1610612755,PHI,202363,Jarvis Varnado,F-C,40,NA,310908,NA
2010-11,1610612759,SAS,202364,Da'Sean Butler,F,1,NA,473604,NA
2010-11,1610612747,LAL,202365,Devin Ebanks,F,3,NA,473604,NA
2011-12,1610612747,LAL,202365,Devin Ebanks,F,3,NA,762195,NA
2012-13,1610612747,LAL,202365,Devin Ebanks,F,3,NA,1040000,NA
2011-12,1610612752,NYK,202366,Jerome Jordan,C,44,NA,473604,NA
2014-15,1610612751,BKN,202366,Jerome Jordan,C,9,NA,816482,NA
2010-11,1610612756,PHX,202371,Gani Lawal,F,31,NA,473640,NA
2010-11,1610612761,TOR,202374,Solomon Alabi,C,50,NA,770000,NA
2011-12,1610612761,TOR,202374,Solomon Alabi,C,50,NA,830000,NA
2010-11,1610612737,ATL,202375,Magnum Rolle,F,25,NA,NA,NA
2010-11,1610612739,CLE,202376,Luke Harangody,F,44,NA,473604,NA
2011-12,1610612739,CLE,202376,Luke Harangody,F,44,NA,762195,NA
2010-11,1610612737,ATL,202377,Pape Sy,F-G,19,NA,473604,NA
2010-11,1610612746,LAC,202378,Willie Warren,G,13,NA,500000,NA
2010-11,1610612762,UTA,202379,Jeremy Evans,F,40,NA,473604,NA
2011-12,1610612762,UTA,202379,Jeremy Evans,F,40,NA,762195,NA
2012-13,1610612762,UTA,202379,Jeremy Evans,F,40,NA,1795000,NA
2013-14,1610612762,UTA,202379,Jeremy Evans,F,40,NA,1660000,NA
2015-16,1610612742,DAL,202379,Jeremy Evans,F,21,NA,1185784,NA
2017-18,1610612737,ATL,202379,Jeremy Evans,F,6,NA,154059,NA
2010-11,1610612764,WAS,202380,Hamady Ndiaye,C,55,NA,NA,NA
2010-11,1610612747,LAL,202382,Derrick Caracter,F,45,NA,473604,NA
2010-11,1610612751,BKN,202386,Ben Uzoh,G,18,NA,473604,NA
2011-12,1610612761,TOR,202386,Ben Uzoh,G,18,NA,61433,NA
2011-12,1610612739,CLE,202388,Donald Sloan,G,15,NA,198629,NA
2013-14,1610612754,IND,202388,Donald Sloan,G,15,NA,884293,NA
2014-15,1610612754,IND,202388,Donald Sloan,G,15,NA,948163,NA
2015-16,1610612751,BKN,202388,Donald Sloan,G,15,NA,1015421,NA
2010-11,1610612743,DEN,202389,Timofey Mozgov,C,25,NA,3567096,NA
2011-12,1610612743,DEN,202389,Timofey Mozgov,C,25,NA,3343896,NA
2012-13,1610612743,DEN,202389,Timofey Mozgov,C,25,NA,2794621,NA
2013-14,1610612743,DEN,202389,Timofey Mozgov,C,25,NA,4400000,NA
2014-15,1610612739,CLE,202389,Timofey Mozgov,C,20,NA,4650000,NA
2015-16,1610612739,CLE,202389,Timofey Mozgov,C,20,NA,4950000,NA
2016-17,1610612747,LAL,202389,Timofey Mozgov,C,20,NA,16000000,NA
2017-18,1610612751,BKN,202389,Timofey Mozgov,C,20,NA,15280000,NA
2018-19,1610612753,ORL,202389,Timofey Mozgov,C,21,NA,16000000,NA
2010-11,1610612759,SAS,202390,Gary Neal,G,14,NA,525000,NA
2011-12,1610612759,SAS,202390,Gary Neal,G,14,NA,762195,NA
2012-13,1610612759,SAS,202390,Gary Neal,G,14,NA,972000,NA
2013-14,1610612766,CHA,202390,Gary Neal,G,12,NA,3250000,NA
2014-15,1610612750,MIN,202390,Gary Neal,G,12,NA,3250000,NA
2010-11,1610612744,GSW,202391,Jeremy Lin,G,7,NA,473604,NA
2011-12,1610612752,NYK,202391,Jeremy Lin,G,17,NA,762195,NA
2012-13,1610612745,HOU,202391,Jeremy Lin,G,7,NA,5000000,NA
2013-14,1610612745,HOU,202391,Jeremy Lin,G,7,NA,5225000,NA
2014-15,1610612747,LAL,202391,Jeremy Lin,G,17,NA,14898938,NA
2015-16,1610612766,CHA,202391,Jeremy Lin,G,7,NA,2139000,NA
2016-17,1610612751,BKN,202391,Jeremy Lin,G,7,NA,11483254,NA
2017-18,1610612751,BKN,202391,Jeremy Lin,G,7,NA,12000000,NA
2018-19,1610612761,TOR,202391,Jeremy Lin,G,17,NA,12516746,NA
2010-11,1610612745,HOU,202392,Marqus Blakely,F,15,NA,NA,NA
2010-11,1610612739,CLE,202396,Samardo Samuels,F,24,NA,500000,NA
2011-12,1610612739,CLE,202396,Samardo Samuels,C,24,NA,762195,NA
2010-11,1610612763,MEM,202397,Ish Smith,G,5,NA,NA,NA
2011-12,1610612753,ORL,202397,Ish Smith,G,10,NA,NA,NA
2012-13,1610612749,MIL,202397,Ish Smith,G,15,NA,NA,NA
2013-14,1610612756,PHX,202397,Ish Smith,G,3,NA,NA,NA
2014-15,1610612755,PHI,202397,Ish Smith,G,5,NA,NA,NA
2015-16,1610612755,PHI,202397,Ish Smith,G,1,NA,NA,NA
2016-17,1610612765,DET,202397,Ish Smith,G,14,NA,NA,NA
2017-18,1610612765,DET,202397,Ish Smith,G,14,NA,NA,NA
2018-19,1610612765,DET,202397,Ish Smith,G,14,NA,NA,NA
2019-20,1610612764,WAS,202397,Ish Smith,G,14,NA,NA,NA
2020-21,1610612764,WAS,202397,Ish Smith,G,14,NA,NA,NA
2021-22,1610612764,WAS,202397,Ish Smith,G,4,NA,NA,NA
2022-23,1610612743,DEN,202397,Ish Smith,G,14,Traded from WAS on 07/06/22,NA,NA
2010-11,1610612744,GSW,202399,Jeff Adrien,F,4,NA,342666,NA
2012-13,1610612766,CHA,202399,Jeff Adrien,F,4,NA,653356,NA
2013-14,1610612749,MIL,202399,Jeff Adrien,F,12,NA,916099,NA
2011-12,1610612740,NOP,202406,Jerome Dyson,G,11,NA,NA,NA
2016-17,1610612756,PHX,202407,Elijah Millsap,G-F,22,NA,NA,NA
2010-11,1610612745,HOU,202408,Marcus Cousin,F,50,NA,NA,NA
2010-11,1610612739,CLE,202412,Manny Harris,G,6,NA,473604,NA
2011-12,1610612739,CLE,202412,Manny Harris,G,6,NA,122942,NA
2016-17,1610612742,DAL,202412,Manny Harris,G,6,NA,119493,NA
2010-11,1610612757,POR,202419,Chris Johnson,C,17,NA,164368,NA
2012-13,1610612750,MIN,202419,Chris Johnson,F,20,NA,508586,NA
2011-12,1610612740,NOP,202498,Lance Thomas,F,42,NA,328444,NA
2014-15,1610612752,NYK,202498,Lance Thomas,F,42,NA,937004,NA
2015-16,1610612752,NYK,202498,Lance Thomas,F,42,NA,1636842,NA
2016-17,1610612752,NYK,202498,Lance Thomas,F,42,NA,6191000,NA
2017-18,1610612752,NYK,202498,Lance Thomas,F,42,NA,6655325,NA
2018-19,1610612752,NYK,202498,Lance Thomas,F,42,NA,7119650,NA
2019-20,1610612751,BKN,202498,Lance Thomas,F,42,NA,NA,NA
2014-15,1610612750,MIN,202620,Arinze Onuaku,F-C,50,NA,48028,NA
2011-12,1610612745,HOU,202622,Courtney Fortson,G,9,NA,42009,NA
2011-12,1610612739,CLE,202681,Kyrie Irving,G,2,NA,5144280,NA
2012-13,1610612739,CLE,202681,Kyrie Irving,G,2,NA,5530080,NA
2013-14,1610612739,CLE,202681,Kyrie Irving,G,2,NA,5915880,NA
2014-15,1610612739,CLE,202681,Kyrie Irving,G,2,NA,7459924,NA
2015-16,1610612739,CLE,202681,Kyrie Irving,G,2,NA,16407500,NA
2016-17,1610612739,CLE,202681,Kyrie Irving,G,2,NA,17638063,NA
2017-18,1610612738,BOS,202681,Kyrie Irving,G,11,NA,18868626,NA
2018-19,1610612738,BOS,202681,Kyrie Irving,G,11,NA,20099189,NA
2019-20,1610612751,BKN,202681,Kyrie Irving,G,11,NA,31742000,NA
2020-21,1610612751,BKN,202681,Kyrie Irving,G,11,NA,33722850,NA
2021-22,1610612751,BKN,202681,Kyrie Irving,G,11,NA,35328700,NA
2022-23,1610612751,BKN,202681,Kyrie Irving,G,2,NA,38917057,NA
2022-23,1610612742,DAL,202681,Kyrie Irving,G,2,Traded from BKN on 02/06/23,38917057,2023-02-06
2023-24,1610612742,DAL,202681,Kyrie Irving,G,2,NA,38037037,NA
2024-25,1610612742,DAL,202681,Kyrie Irving,G,11,NA,40000000,NA
2011-12,1610612750,MIN,202682,Derrick Williams,F,7,NA,4602720,NA
2012-13,1610612750,MIN,202682,Derrick Williams,F,7,NA,4947840,NA
2013-14,1610612758,SAC,202682,Derrick Williams,F,13,NA,5293080,NA
2014-15,1610612758,SAC,202682,Derrick Williams,F,13,NA,6679866,NA
2015-16,1610612752,NYK,202682,Derrick Williams,F,23,NA,4400000,NA
2016-17,1610612739,CLE,202682,Derrick Williams,F,3,NA,5020145,NA
2011-12,1610612762,UTA,202683,Enes Freedom,C,0,NA,NA,NA
2012-13,1610612762,UTA,202683,Enes Freedom,C,0,NA,NA,NA
2013-14,1610612762,UTA,202683,Enes Freedom,C,0,NA,NA,NA
2014-15,1610612760,OKC,202683,Enes Freedom,C,34,NA,NA,NA
2015-16,1610612760,OKC,202683,Enes Freedom,C,11,NA,NA,NA
2016-17,1610612760,OKC,202683,Enes Freedom,C,11,NA,NA,NA
2017-18,1610612752,NYK,202683,Enes Freedom,C,0,NA,NA,NA
2018-19,1610612757,POR,202683,Enes Freedom,C,0,NA,NA,NA
2019-20,1610612738,BOS,202683,Enes Freedom,C,11,NA,NA,NA
2020-21,1610612757,POR,202683,Enes Freedom,C,11,NA,NA,NA
2011-12,1610612739,CLE,202684,Tristan Thompson,C,13,NA,3726600,NA
2012-13,1610612739,CLE,202684,Tristan Thompson,F,13,NA,4006080,NA
2013-14,1610612739,CLE,202684,Tristan Thompson,F,13,NA,4285560,NA
2014-15,1610612739,CLE,202684,Tristan Thompson,C-F,13,NA,5421233,NA
2015-16,1610612739,CLE,202684,Tristan Thompson,C-F,13,NA,14260000,NA
2016-17,1610612739,CLE,202684,Tristan Thompson,C,13,NA,15330435,NA
2017-18,1610612739,CLE,202684,Tristan Thompson,C-F,13,NA,16400000,NA
2018-19,1610612739,CLE,202684,Tristan Thompson,C-F,13,NA,17469565,NA
2019-20,1610612739,CLE,202684,Tristan Thompson,C-F,13,NA,18539130,NA
2020-21,1610612738,BOS,202684,Tristan Thompson,C-F,13,NA,9258000,NA
2021-22,1610612741,CHI,202684,Tristan Thompson,C-F,3,NA,9946611,NA
2022-23,1610612747,LAL,202684,Tristan Thompson,C-F,9,Signed on 04/09/23,16700,NA
2023-24,1610612739,CLE,202684,Tristan Thompson,C-F,12,Signed on 09/12/23,3196448,NA
2024-25,1610612739,CLE,202684,Tristan Thompson,C-F,13,NA,NA,NA
2012-13,1610612761,TOR,202685,Jonas Valančiūnas,C,17,NA,3374640,NA
2013-14,1610612761,TOR,202685,Jonas Valančiūnas,C,17,NA,3526440,NA
2014-15,1610612761,TOR,202685,Jonas Valančiūnas,C,17,NA,3678360,NA
2015-16,1610612761,TOR,202685,Jonas Valančiūnas,C,17,NA,4660482,NA
2016-17,1610612761,TOR,202685,Jonas Valančiūnas,C,17,NA,14382023,NA
2017-18,1610612761,TOR,202685,Jonas Valančiūnas,C,17,NA,15460675,NA
2018-19,1610612763,MEM,202685,Jonas Valančiūnas,C,17,NA,16539326,NA
2019-20,1610612763,MEM,202685,Jonas Valančiūnas,C,17,NA,16000000,NA
2020-21,1610612763,MEM,202685,Jonas Valančiūnas,C,17,NA,15000000,NA
2021-22,1610612740,NOP,202685,Jonas Valančiūnas,C,17,Traded from MEM on 08/07/21,14000000,NA
2022-23,1610612740,NOP,202685,Jonas Valančiūnas,C,17,NA,14700000,NA
2023-24,1610612740,NOP,202685,Jonas Valančiūnas,C,17,NA,15435000,NA
2024-25,1610612764,WAS,202685,Jonas Valančiūnas,C,17,Traded from NOP on 07/06/24,NA,NA
2024-25,1610612758,SAC,202685,Jonas Valančiūnas,C,17,Traded from WAS on 06/02/25,NA,2025-02-06
2011-12,1610612764,WAS,202686,Jan Vesely,F,24,NA,3065040,NA
2012-13,1610612764,WAS,202686,Jan Vesely,F,24,NA,3294960,NA
2013-14,1610612743,DEN,202686,Jan Vesely,F,24,NA,3524880,NA
2011-12,1610612766,CHA,202687,Bismack Biyombo,C,0,NA,2798040,NA
2012-13,1610612766,CHA,202687,Bismack Biyombo,C,0,NA,3007920,NA
2013-14,1610612766,CHA,202687,Bismack Biyombo,C-F,0,NA,3217680,NA
2014-15,1610612766,CHA,202687,Bismack Biyombo,C-F,8,NA,4086453,NA
2015-16,1610612761,TOR,202687,Bismack Biyombo,C-F,8,NA,2814000,NA
2016-17,1610612753,ORL,202687,Bismack Biyombo,C-F,11,NA,17000000,NA
2017-18,1610612753,ORL,202687,Bismack Biyombo,C,11,NA,17000000,NA
2018-19,1610612766,CHA,202687,Bismack Biyombo,C,8,NA,17000000,NA
2019-20,1610612766,CHA,202687,Bismack Biyombo,C,8,NA,17000000,NA
2020-21,1610612766,CHA,202687,Bismack Biyombo,C,8,NA,3500000,NA
2021-22,1610612756,PHX,202687,Bismack Biyombo,C,18,Signed on 01/01/22,1518213,NA
2022-23,1610612756,PHX,202687,Bismack Biyombo,C,18,NA,2905851,NA
2011-12,1610612765,DET,202688,Brandon Knight,G,7,NA,2563320,NA
2012-13,1610612765,DET,202688,Brandon Knight,G,7,NA,2755560,NA
2013-14,1610612749,MIL,202688,Brandon Knight,G,11,NA,2947800,NA
2014-15,1610612756,PHX,202688,Brandon Knight,G,3,NA,3553917,NA
2015-16,1610612756,PHX,202688,Brandon Knight,G,3,NA,13500000,NA
2016-17,1610612756,PHX,202688,Brandon Knight,G,11,NA,12606250,NA
2017-18,1610612756,PHX,202688,Brandon Knight,G,11,NA,13618750,NA
2018-19,1610612739,CLE,202688,Brandon Knight,G,20,NA,14631250,NA
2019-20,1610612765,DET,202688,Brandon Knight,G,20,NA,15643750,NA
2011-12,1610612766,CHA,202689,Kemba Walker,G,1,NA,2356320,NA
2012-13,1610612766,CHA,202689,Kemba Walker,G,15,NA,2532960,NA
2013-14,1610612766,CHA,202689,Kemba Walker,G,15,NA,2709720,NA
2014-15,1610612766,CHA,202689,Kemba Walker,G,15,NA,3452183,NA
2015-16,1610612766,CHA,202689,Kemba Walker,G,15,NA,12000000,NA
2016-17,1610612766,CHA,202689,Kemba Walker,G,15,NA,12000000,NA
2017-18,1610612766,CHA,202689,Kemba Walker,G,15,NA,12000000,NA
2018-19,1610612766,CHA,202689,Kemba Walker,G,15,NA,12000000,NA
2019-20,1610612738,BOS,202689,Kemba Walker,G,8,NA,32742000,NA
2020-21,1610612760,OKC,202689,Kemba Walker,G,8,NA,34379100,NA
2011-12,1610612758,SAC,202690,Jimmer Fredette,G,7,NA,2238360,NA
2012-13,1610612758,SAC,202690,Jimmer Fredette,G,7,NA,2406240,NA
2013-14,1610612741,CHI,202690,Jimmer Fredette,G,32,NA,2813399,NA
2014-15,1610612740,NOP,202690,Jimmer Fredette,G,32,NA,948163,NA
2018-19,1610612756,PHX,202690,Jimmer Fredette,G,32,NA,198579,NA
2011-12,1610612744,GSW,202691,Klay Thompson,G,11,+ACM-11 Pick in 2011 Draft,2126520,NA
2012-13,1610612744,GSW,202691,Klay Thompson,G,11,NA,2222160,NA
2013-14,1610612744,GSW,202691,Klay Thompson,G,11,NA,3245151,NA
2014-15,1610612744,GSW,202691,Klay Thompson,G,11,NA,3075880,NA
2015-16,1610612744,GSW,202691,Klay Thompson,G,11,NA,15501000,NA
2016-17,1610612744,GSW,202691,Klay Thompson,G,11,NA,16663575,NA
2017-18,1610612744,GSW,202691,Klay Thompson,G,11,NA,17826150,NA
2018-19,1610612744,GSW,202691,Klay Thompson,G,11,NA,18988725,NA
2019-20,1610612744,GSW,202691,Klay Thompson,G,11,NA,32742000,NA
2020-21,1610612744,GSW,202691,Klay Thompson,G,11,NA,35361360,NA
2021-22,1610612744,GSW,202691,Klay Thompson,G,11,NA,37980720,NA
2022-23,1610612744,GSW,202691,Klay Thompson,G,11,NA,40600080,NA
2023-24,1610612744,GSW,202691,Klay Thompson,G,11,NA,43219440,NA
2024-25,1610612742,DAL,202691,Klay Thompson,G,31,Traded from GSW on 07/06/24,15873016,NA
2011-12,1610612762,UTA,202692,Alec Burks,G,10,NA,2020200,NA
2012-13,1610612762,UTA,202692,Alec Burks,G,10,NA,2171640,NA
2013-14,1610612762,UTA,202692,Alec Burks,G,10,NA,2323200,NA
2015-16,1610612762,UTA,202692,Alec Burks,G,10,NA,9213484,NA
2016-17,1610612762,UTA,202692,Alec Burks,G,10,NA,9904495,NA
2017-18,1610612762,UTA,202692,Alec Burks,G,10,NA,10845506,NA
2018-19,1610612758,SAC,202692,Alec Burks,G,13,NA,11536515,NA
2019-20,1610612755,PHI,202692,Alec Burks,G,20,NA,2320044,NA
2020-21,1610612752,NYK,202692,Alec Burks,G,18,NA,6000000,NA
2022-23,1610612765,DET,202692,Alec Burks,G,5,Traded from NYK on 07/11/22,10012800,NA
2023-24,1610612765,DET,202692,Alec Burks,G,14,NA,10489600,NA
2024-25,1610612748,MIA,202692,Alec Burks,G,18,Signed on 07/04/24,3303771,NA
2011-12,1610612756,PHX,202693,Markieff Morris,F,11,NA,1919160,NA
2012-13,1610612756,PHX,202693,Markieff Morris,F,11,NA,2063040,NA
2013-14,1610612756,PHX,202693,Markieff Morris,F,11,NA,2207040,NA
2014-15,1610612756,PHX,202693,Markieff Morris,F,11,NA,3153860,NA
2015-16,1610612764,WAS,202693,Markieff Morris,F,5,NA,8000000,NA
2016-17,1610612764,WAS,202693,Markieff Morris,F,5,NA,7400000,NA
2017-18,1610612764,WAS,202693,Markieff Morris,F,5,NA,8000000,NA
2018-19,1610612760,OKC,202693,Markieff Morris,F,5,NA,9173294,NA
2019-20,1610612747,LAL,202693,Markieff Morris,F,88,NA,2259887,NA
2020-21,1610612747,LAL,202693,Markieff Morris,F,88,NA,2331593,NA
2021-22,1610612748,MIA,202693,Markieff Morris,F,8,NA,2641691,NA
2022-23,1610612751,BKN,202693,Markieff Morris,F,13,NA,2905851,NA
2022-23,1610612742,DAL,202693,Markieff Morris,F,13,Traded from BKN on 02/06/23,2905851,2023-02-06
2023-24,1610612742,DAL,202693,Markieff Morris,F,88,NA,3196448,NA
2024-25,1610612742,DAL,202693,Markieff Morris,F,88,NA,3303771,NA
2024-25,1610612747,LAL,202693,Markieff Morris,F,88,Traded from DAL on 04/02/25,3303771,2025-02-04
2011-12,1610612745,HOU,202694,Marcus Morris Sr.,F,2,NA,NA,NA
2012-13,1610612756,PHX,202694,Marcus Morris Sr.,F,15,NA,NA,NA
2013-14,1610612756,PHX,202694,Marcus Morris Sr.,F,15,NA,NA,NA
2014-15,1610612756,PHX,202694,Marcus Morris Sr.,F,15,NA,NA,NA
2015-16,1610612765,DET,202694,Marcus Morris Sr.,F,13,NA,NA,NA
2016-17,1610612765,DET,202694,Marcus Morris Sr.,F,13,NA,NA,NA
2017-18,1610612738,BOS,202694,Marcus Morris Sr.,F,13,NA,NA,NA
2018-19,1610612738,BOS,202694,Marcus Morris Sr.,F,13,NA,NA,NA
2019-20,1610612752,NYK,202694,Marcus Morris Sr.,F,31,NA,NA,NA
2019-20,1610612746,LAC,202694,Marcus Morris Sr.,F,31,Traded from NYK on 02/06/20,NA,2020-02-06
2020-21,1610612746,LAC,202694,Marcus Morris Sr.,F,8,NA,NA,NA
2021-22,1610612746,LAC,202694,Marcus Morris Sr.,F,8,NA,NA,NA
2022-23,1610612746,LAC,202694,Marcus Morris Sr.,F,8,NA,NA,NA
2023-24,1610612746,LAC,202694,Marcus Morris Sr.,F,8,NA,NA,NA
2011-12,1610612759,SAS,202695,Kawhi Leonard,F-G,2,NA,1731960,NA
2012-13,1610612759,SAS,202695,Kawhi Leonard,F-G,2,NA,1861920,NA
2013-14,1610612759,SAS,202695,Kawhi Leonard,F-G,2,NA,1991760,NA
2014-15,1610612759,SAS,202695,Kawhi Leonard,F,2,NA,3053368,NA
2015-16,1610612759,SAS,202695,Kawhi Leonard,F,2,NA,16407500,NA
2016-17,1610612759,SAS,202695,Kawhi Leonard,F,2,NA,17638063,NA
2017-18,1610612759,SAS,202695,Kawhi Leonard,F,2,NA,18868625,NA
2018-19,1610612761,TOR,202695,Kawhi Leonard,F,2,NA,23114066,NA
2019-20,1610612746,LAC,202695,Kawhi Leonard,F,2,Signed on 07/09/19,32742000,NA
2020-21,1610612746,LAC,202695,Kawhi Leonard,F,2,NA,34379100,NA
2021-22,1610612746,LAC,202695,Kawhi Leonard,F,2,NA,39344900,NA
2022-23,1610612746,LAC,202695,Kawhi Leonard,F,2,NA,42492492,NA
2023-24,1610612746,LAC,202695,Kawhi Leonard,F,2,NA,45640084,NA
2024-25,1610612746,LAC,202695,Kawhi Leonard,F,2,NA,49205800,NA
2011-12,1610612755,PHI,202696,Nikola Vučević,C-F,8,NA,1645400,NA
2012-13,1610612753,ORL,202696,Nikola Vučević,C,9,NA,1768800,NA
2013-14,1610612753,ORL,202696,Nikola Vučević,C,9,NA,1892280,NA
2014-15,1610612753,ORL,202696,Nikola Vučević,C,9,NA,2902757,NA
2016-17,1610612753,ORL,202696,Nikola Vučević,C,9,NA,11750000,NA
2017-18,1610612753,ORL,202696,Nikola Vučević,C,9,NA,12250000,NA
2018-19,1610612753,ORL,202696,Nikola Vučević,C,9,NA,12750000,NA
2019-20,1610612753,ORL,202696,Nikola Vučević,C,9,NA,28000000,NA
2020-21,1610612753,ORL,202696,Nikola Vučević,C,9,NA,26000000,NA
2020-21,1610612741,CHI,202696,Nikola Vučević,C,9,Traded from ORL on 03/25/21,26000000,2021-03-25
2021-22,1610612741,CHI,202696,Nikola Vučević,C,9,NA,24000000,NA
2022-23,1610612741,CHI,202696,Nikola Vučević,C,9,NA,22000000,NA
2023-24,1610612741,CHI,202696,Nikola Vučević,C,9,NA,18518519,NA
2024-25,1610612741,CHI,202696,Nikola Vučević,C,9,NA,NA,NA
2011-12,1610612752,NYK,202697,Iman Shumpert,G,21,NA,1563120,NA
2012-13,1610612752,NYK,202697,Iman Shumpert,F-G,21,NA,1680360,NA
2013-14,1610612752,NYK,202697,Iman Shumpert,G-F,21,NA,1797600,NA
2014-15,1610612739,CLE,202697,Iman Shumpert,G,4,NA,2761113,NA
2015-16,1610612739,CLE,202697,Iman Shumpert,G,4,NA,8988765,NA
2016-17,1610612739,CLE,202697,Iman Shumpert,G,4,NA,9662922,NA
2017-18,1610612758,SAC,202697,Iman Shumpert,G,9,NA,10337079,NA
2018-19,1610612745,HOU,202697,Iman Shumpert,G,1,NA,11011234,NA
2011-12,1610612764,WAS,202698,Chris Singleton,F,31,NA,1485000,NA
2012-13,1610612764,WAS,202698,Chris Singleton,F,31,NA,1596360,NA
2013-14,1610612764,WAS,202698,Chris Singleton,F,31,NA,1707720,NA
2011-12,1610612749,MIL,202699,Tobias Harris,F,15,NA,1418160,NA
2012-13,1610612753,ORL,202699,Tobias Harris,F,12,NA,1524480,NA
2013-14,1610612753,ORL,202699,Tobias Harris,F,12,NA,1630800,NA
2014-15,1610612753,ORL,202699,Tobias Harris,F,12,NA,2511432,NA
2015-16,1610612765,DET,202699,Tobias Harris,F,34,NA,16000000,NA
2016-17,1610612765,DET,202699,Tobias Harris,F,34,NA,17200000,NA
2017-18,1610612746,LAC,202699,Tobias Harris,F,34,NA,16000000,NA
2018-19,1610612746,LAC,202699,Tobias Harris,F,33,NA,14800000,NA
2018-19,1610612755,PHI,202699,Tobias Harris,F,33,Traded from LAC on 02/06/19,14800000,2019-02-06
2019-20,1610612755,PHI,202699,Tobias Harris,F,12,NA,32742000,NA
2020-21,1610612755,PHI,202699,Tobias Harris,F,12,NA,34358850,NA
2021-22,1610612755,PHI,202699,Tobias Harris,F,12,NA,35995950,NA
2022-23,1610612755,PHI,202699,Tobias Harris,F,12,NA,37633050,NA
2023-24,1610612755,PHI,202699,Tobias Harris,F,12,NA,39270150,NA
2024-25,1610612765,DET,202699,Tobias Harris,F,12,Signed on 07/08/24,25365854,NA
2012-13,1610612745,HOU,202700,Donatas Motiejunas,F-C,20,NA,1361400,NA
2013-14,1610612745,HOU,202700,Donatas Motiejunas,F-C,20,NA,1422720,NA
2014-15,1610612745,HOU,202700,Donatas Motiejunas,F-C,20,NA,1483920,NA
2015-16,1610612745,HOU,202700,Donatas Motiejunas,F-C,20,NA,NA,NA
2016-17,1610612740,NOP,202700,Donatas Motiejunas,F-C,12,NA,607491,NA
2018-19,1610612759,SAS,202700,Donatas Motiejunas,F-C,28,NA,99289,NA
2011-12,1610612757,POR,202701,Nolan Smith,G,4,NA,1306920,NA
2012-13,1610612757,POR,202701,Nolan Smith,G,4,NA,1404960,NA
2011-12,1610612743,DEN,202702,Kenneth Faried,F,35,NA,1254720,NA
2012-13,1610612743,DEN,202702,Kenneth Faried,F,35,NA,1348800,NA
2013-14,1610612743,DEN,202702,Kenneth Faried,F,35,NA,1442880,NA
2014-15,1610612743,DEN,202702,Kenneth Faried,F,35,NA,2373537,NA
2015-16,1610612743,DEN,202702,Kenneth Faried,F,35,NA,11235955,NA
2016-17,1610612743,DEN,202702,Kenneth Faried,F,35,NA,12078652,NA
2017-18,1610612743,DEN,202702,Kenneth Faried,F,35,NA,12921348,NA
2018-19,1610612745,HOU,202702,Kenneth Faried,F-C,35,NA,14242782,NA
2014-15,1610612741,CHI,202703,Nikola Mirotic,F,44,NA,5305000,NA
2015-16,1610612741,CHI,202703,Nikola Mirotic,F,44,NA,5543725,NA
2016-17,1610612741,CHI,202703,Nikola Mirotic,F,44,NA,5782450,NA
2017-18,1610612740,NOP,202703,Nikola Mirotic,F,3,NA,12500000,NA
2018-19,1610612749,MIL,202703,Nikola Mirotic,F,41,NA,12500000,NA
2012-13,1610612760,OKC,202704,Reggie Jackson,G,15,NA,1243080,NA
2013-14,1610612760,OKC,202704,Reggie Jackson,G,15,NA,1329720,NA
2014-15,1610612765,DET,202704,Reggie Jackson,G,1,NA,2325680,NA
2015-16,1610612765,DET,202704,Reggie Jackson,G,1,NA,13913044,NA
2016-17,1610612765,DET,202704,Reggie Jackson,G,1,NA,14956522,NA
2017-18,1610612765,DET,202704,Reggie Jackson,G,1,NA,16000000,NA
2018-19,1610612765,DET,202704,Reggie Jackson,G,1,NA,17043478,NA
2019-20,1610612746,LAC,202704,Reggie Jackson,G,1,NA,512721,NA
2020-21,1610612746,LAC,202704,Reggie Jackson,G,1,NA,2331593,NA
2021-22,1610612746,LAC,202704,Reggie Jackson,G,1,NA,10384500,NA
2022-23,1610612743,DEN,202704,Reggie Jackson,G,7,Signed on 02/14/23,11457217,NA
2023-24,1610612743,DEN,202704,Reggie Jackson,G,7,NA,5000000,NA
2024-25,1610612755,PHI,202704,Reggie Jackson,G,7,Signed on 07/30/24,5250000,NA
2011-12,1610612751,BKN,202705,MarShon Brooks,G-F,9,NA,1110120,NA
2012-13,1610612751,BKN,202705,MarShon Brooks,G,9,NA,1193280,NA
2013-14,1610612747,LAL,202705,MarShon Brooks,G,2,NA,1276560,NA
2017-18,1610612763,MEM,202705,MarShon Brooks,G-F,8,NA,86118,NA
2011-12,1610612743,DEN,202706,Jordan Hamilton,G-F,1,NA,1073286,NA
2012-13,1610612743,DEN,202706,Jordan Hamilton,F,1,NA,1153800,NA
2013-14,1610612745,HOU,202706,Jordan Hamilton,F-G,5,NA,1234320,NA
2014-15,1610612746,LAC,202706,Jordan Hamilton,G-F,1,NA,1232610,NA
2015-16,1610612740,NOP,202706,Jordan Hamilton,G-F,25,NA,119461,NA
2011-12,1610612738,BOS,202707,JaJuan Johnson,F,12,NA,1042320,NA
2011-12,1610612748,MIA,202708,Norris Cole,G,30,NA,1035960,NA
2012-13,1610612748,MIA,202708,Norris Cole,G,30,NA,1113600,NA
2013-14,1610612748,MIA,202708,Norris Cole,G,30,NA,1191240,NA
2014-15,1610612740,NOP,202708,Norris Cole,G,30,NA,2150188,NA
2015-16,1610612740,NOP,202708,Norris Cole,G,30,NA,3203780,NA
2016-17,1610612760,OKC,202708,Norris Cole,G,30,NA,288131,NA
2011-12,1610612759,SAS,202709,Cory Joseph,G,5,NA,1028400,NA
2012-13,1610612759,SAS,202709,Cory Joseph,G,5,NA,1105560,NA
2013-14,1610612759,SAS,202709,Cory Joseph,G,5,NA,1182600,NA
2014-15,1610612759,SAS,202709,Cory Joseph,G,5,NA,2134593,NA
2015-16,1610612761,TOR,202709,Cory Joseph,G,6,NA,7000000,NA
2016-17,1610612761,TOR,202709,Cory Joseph,G,6,NA,7315000,NA
2017-18,1610612754,IND,202709,Cory Joseph,G,6,NA,7630000,NA
2018-19,1610612754,IND,202709,Cory Joseph,G,6,NA,7945000,NA
2020-21,1610612765,DET,202709,Cory Joseph,G,18,NA,12600000,NA
2021-22,1610612765,DET,202709,Cory Joseph,G,18,NA,7310000,NA
2022-23,1610612765,DET,202709,Cory Joseph,G,18,NA,5155500,NA
2023-24,1610612744,GSW,202709,Cory Joseph,G,1,Signed on 07/06/23,3196448,NA
2024-25,1610612753,ORL,202709,Cory Joseph,G,10,Signed on 07/19/24,3303771,NA
2011-12,1610612741,CHI,202710,Jimmy Butler III,G-F,21,NA,1020960,NA
2012-13,1610612741,CHI,202710,Jimmy Butler III,G-F,21,NA,1097520,NA
2013-14,1610612741,CHI,202710,Jimmy Butler III,G-F,21,NA,1174080,NA
2014-15,1610612741,CHI,202710,Jimmy Butler III,G-F,21,NA,2119214,NA
2015-16,1610612741,CHI,202710,Jimmy Butler III,G-F,21,NA,16407500,NA
2016-17,1610612741,CHI,202710,Jimmy Butler III,F,21,NA,17552209,NA
2017-18,1610612750,MIN,202710,Jimmy Butler III,G,23,NA,18696918,NA
2018-19,1610612755,PHI,202710,Jimmy Butler III,G-F,23,NA,19841627,NA
2019-20,1610612748,MIA,202710,Jimmy Butler III,F,22,Traded from PHI on 07/06/19,32742000,NA
2020-21,1610612748,MIA,202710,Jimmy Butler III,F,22,NA,34379100,NA
2021-22,1610612748,MIA,202710,Jimmy Butler III,F,22,NA,36016200,NA
2022-23,1610612748,MIA,202710,Jimmy Butler III,F,22,NA,37653300,NA
2023-24,1610612748,MIA,202710,Jimmy Butler III,F,22,NA,45183960,NA
2024-25,1610612748,MIA,202710,Jimmy Butler III,F,22,NA,48798677,NA
2024-25,1610612744,GSW,202710,Jimmy Butler III,F,22,Traded from MIA on 08/02/25,48798677,2025-02-08
2014-15,1610612751,BKN,202711,Bojan Bogdanović,G-F,44,NA,3278000,NA
2015-16,1610612751,BKN,202711,Bojan Bogdanović,G-F,44,NA,3425510,NA
2016-17,1610612764,WAS,202711,Bojan Bogdanović,G,44,NA,3573020,NA
2017-18,1610612754,IND,202711,Bojan Bogdanović,F-G,44,NA,10500000,NA
2018-19,1610612754,IND,202711,Bojan Bogdanović,F,44,NA,10500000,NA
2019-20,1610612762,UTA,202711,Bojan Bogdanović,F,44,NA,17000000,NA
2020-21,1610612762,UTA,202711,Bojan Bogdanović,F,44,NA,17850000,NA
2021-22,1610612762,UTA,202711,Bojan Bogdanović,F,44,NA,18700000,NA
2022-23,1610612765,DET,202711,Bojan Bogdanović,F,44,Traded from UTA on 09/22/22,19550000,NA
2023-24,1610612765,DET,202711,Bojan Bogdanović,F,44,NA,20000000,NA
2024-25,1610612751,BKN,202711,Bojan Bogdanović,F,44,NA,NA,NA
2011-12,1610612753,ORL,202712,Justin Harper,F-C,32,NA,473604,NA
2012-13,1610612765,DET,202713,Kyle Singler,G,25,NA,1000000,NA
2013-14,1610612765,DET,202713,Kyle Singler,F,25,NA,1045000,NA
2014-15,1610612760,OKC,202713,Kyle Singler,F,5,NA,1090000,NA
2015-16,1610612760,OKC,202713,Kyle Singler,F,5,NA,4500000,NA
2016-17,1610612760,OKC,202713,Kyle Singler,F,15,NA,4837500,NA
2017-18,1610612760,OKC,202713,Kyle Singler,F,15,NA,4666500,NA
2011-12,1610612764,WAS,202714,Shelvin Mack,G,22,NA,473604,NA
2012-13,1610612737,ATL,202714,Shelvin Mack,G,8,NA,761800,NA
2013-14,1610612737,ATL,202714,Shelvin Mack,G,8,NA,884293,NA
2014-15,1610612737,ATL,202714,Shelvin Mack,G,8,NA,2433333,NA
2015-16,1610612762,UTA,202714,Shelvin Mack,G,8,NA,2433333,NA
2016-17,1610612762,UTA,202714,Shelvin Mack,G,8,NA,2433334,NA
2018-19,1610612766,CHA,202714,Shelvin Mack,G,6,NA,2512601,NA
2011-12,1610612758,SAC,202715,Tyler Honeycutt,F,3,NA,775000,NA
2011-12,1610612751,BKN,202716,Jordan Williams,C,20,NA,473604,NA
2011-12,1610612746,LAC,202717,Trey Thompkins,F,33,NA,473604,NA
2011-12,1610612745,HOU,202718,Chandler Parsons,F,25,NA,850000,NA
2012-13,1610612745,HOU,202718,Chandler Parsons,F,25,NA,888250,NA
2013-14,1610612745,HOU,202718,Chandler Parsons,F,25,NA,926500,NA
2014-15,1610612742,DAL,202718,Chandler Parsons,F,25,NA,14700000,NA
2015-16,1610612742,DAL,202718,Chandler Parsons,F,25,NA,15361500,NA
2016-17,1610612763,MEM,202718,Chandler Parsons,F,25,NA,22116750,NA
2017-18,1610612763,MEM,202718,Chandler Parsons,F,25,NA,23112004,NA
2018-19,1610612763,MEM,202718,Chandler Parsons,F,25,NA,24107258,NA
2011-12,1610612744,GSW,202719,Jeremy Tyler,C,3,NA,650000,NA
2013-14,1610612752,NYK,202719,Jeremy Tyler,F,4,NA,556584,NA
2011-12,1610612749,MIL,202720,Jon Leuer,F,30,NA,473604,NA
2012-13,1610612763,MEM,202720,Jon Leuer,F,30,NA,762195,NA
2013-14,1610612763,MEM,202720,Jon Leuer,F,30,NA,900000,NA
2014-15,1610612763,MEM,202720,Jon Leuer,F,30,NA,967500,NA
2015-16,1610612756,PHX,202720,Jon Leuer,F,30,NA,1035000,NA
2016-17,1610612765,DET,202720,Jon Leuer,F,30,NA,10991957,NA
2017-18,1610612765,DET,202720,Jon Leuer,F-C,30,NA,10497319,NA
2018-19,1610612765,DET,202720,Jon Leuer,F,30,NA,10002681,NA
2011-12,1610612747,LAL,202721,Darius Morris,G,1,NA,473604,NA
2012-13,1610612747,LAL,202721,Darius Morris,G,1,NA,937195,NA
2014-15,1610612751,BKN,202721,Darius Morris,G,14,NA,803149,NA
2016-17,1610612759,SAS,202722,Davis Bertans,F,42,NA,543471,NA
2017-18,1610612759,SAS,202722,Davis Bertans,C-F,42,NA,1312611,NA
2018-19,1610612759,SAS,202722,Davis Bertans,F,42,NA,7000000,NA
2019-20,1610612764,WAS,202722,Davis Bertans,F,42,NA,7000000,NA
2020-21,1610612764,WAS,202722,Davis Bertans,F,42,NA,15000000,NA
2021-22,1610612742,DAL,202722,Davis Bertans,F,44,NA,16000000,NA
2022-23,1610612742,DAL,202722,Davis Bertans,F,44,NA,16000000,NA
2023-24,1610612760,OKC,202722,Davis Bertans,F,NA,Traded from DAL on 07/06/23,17000000,NA
2011-12,1610612750,MIN,202723,Malcolm Lee,G,3,NA,500000,NA
2012-13,1610612750,MIN,202723,Malcolm Lee,G,8,NA,762195,NA
2011-12,1610612744,GSW,202724,Charles Jenkins,G,22,NA,473604,NA
2012-13,1610612755,PHI,202724,Charles Jenkins,G,31,NA,762195,NA
2011-12,1610612752,NYK,202725,Josh Harrellson,C,55,NA,473604,NA
2013-14,1610612765,DET,202725,Josh Harrellson,F-C,55,NA,884293,NA
2011-12,1610612747,LAL,202726,Andrew Goudelock,G,0,NA,473604,NA
2012-13,1610612747,LAL,202726,Andrew Goudelock,G,0,NA,44835,NA
2015-16,1610612745,HOU,202726,Andrew Goudelock,G,0,NA,200600,NA
2011-12,1610612746,LAC,202727,Travis Leslie,G,23,NA,473604,NA
2011-12,1610612763,MEM,202729,Josh Selby,G,2,NA,550000,NA
2011-12,1610612755,PHI,202730,Lavoy Allen,C-F,50,NA,473604,NA
2012-13,1610612755,PHI,202730,Lavoy Allen,C-F,50,NA,3000000,NA
2013-14,1610612754,IND,202730,Lavoy Allen,F-C,5,NA,3120000,NA
2014-15,1610612754,IND,202730,Lavoy Allen,F-C,5,NA,948163,NA
2015-16,1610612754,IND,202730,Lavoy Allen,F-C,5,NA,3550000,NA
2016-17,1610612754,IND,202730,Lavoy Allen,F-C,5,NA,3500000,NA
2011-12,1610612765,DET,202731,Vernon Macklin,F,20,NA,473604,NA
2011-12,1610612753,ORL,202732,DeAndre Liggins,G,34,NA,473604,NA
2012-13,1610612760,OKC,202732,DeAndre Liggins,G,25,NA,762195,NA
2016-17,1610612742,DAL,202732,DeAndre Liggins,G,14,NA,1015695,NA
2017-18,1610612740,NOP,202732,DeAndre Liggins,G,34,NA,1505942,NA
2011-12,1610612738,BOS,202734,E'Twaun Moore,G,55,NA,473604,NA
2012-13,1610612753,ORL,202734,E'Twaun Moore,G,55,NA,762195,NA
2013-14,1610612753,ORL,202734,E'Twaun Moore,G,55,NA,884293,NA
2014-15,1610612741,CHI,202734,E'Twaun Moore,G,55,NA,948163,NA
2015-16,1610612741,CHI,202734,E'Twaun Moore,G,55,NA,1015421,NA
2016-17,1610612740,NOP,202734,E'Twaun Moore,G,55,NA,8801363,NA
2017-18,1610612740,NOP,202734,E'Twaun Moore,F-G,55,NA,8445024,NA
2018-19,1610612740,NOP,202734,E'Twaun Moore,G,55,NA,8808685,NA
2019-20,1610612740,NOP,202734,E'Twaun Moore,G,55,NA,8664928,NA
2020-21,1610612756,PHX,202734,E'Twaun Moore,G,55,NA,2331593,NA
2011-12,1610612758,SAC,202738,Isaiah Thomas,G,22,NA,473604,NA
2012-13,1610612758,SAC,202738,Isaiah Thomas,G,22,NA,762195,NA
2013-14,1610612758,SAC,202738,Isaiah Thomas,G,22,NA,884293,NA
2014-15,1610612738,BOS,202738,Isaiah Thomas,G,4,NA,7238606,NA
2015-16,1610612738,BOS,202738,Isaiah Thomas,G,4,NA,6912869,NA
2016-17,1610612738,BOS,202738,Isaiah Thomas,G,4,NA,6587131,NA
2017-18,1610612747,LAL,202738,Isaiah Thomas,G,3,NA,6261394,NA
2018-19,1610612743,DEN,202738,Isaiah Thomas,G,0,NA,2029463,NA
2021-22,1610612766,CHA,202738,Isaiah Thomas,G,4,NA,910926,NA
2013-14,1610612761,TOR,202779,Dwight Buycks,G,13,NA,700000,NA
2017-18,1610612765,DET,202779,Dwight Buycks,G,20,NA,748160,NA
2011-12,1610612766,CHA,202809,Cory Higgins,G,11,NA,473604,NA
2011-12,1610612739,CLE,202810,D.J. Kennedy,G-F,12,NA,NA,NA
2011-12,1610612744,GSW,202874,Chris Wright,F,33,NA,473604,NA
2013-14,1610612749,MIL,202874,Chris Wright,F,15,NA,139212,NA
2011-12,1610612755,PHI,202918,Xavier Silas,G,25,NA,NA,NA
2017-18,1610612738,BOS,202918,Xavier Silas,G,9,NA,74158,NA
2011-12,1610612743,DEN,202933,Julyan Stone,G,10,NA,473604,NA
2012-13,1610612743,DEN,202933,Julyan Stone,G,10,NA,762195,NA
2013-14,1610612761,TOR,202933,Julyan Stone,G,77,NA,884293,NA
2017-18,1610612766,CHA,202933,Julyan Stone,G,32,NA,1524305,NA
2011-12,1610612763,MEM,202951,Jeremy Pargo,G,1,NA,1000000,NA
2012-13,1610612741,CHI,202952,Malcolm Thomas,F,3,NA,179340,NA
2013-14,1610612762,UTA,202952,Malcolm Thomas,F,22,NA,702233,NA
2018-19,1610612738,BOS,202954,Brad Wanamaker,G,9,NA,838464,NA
2019-20,1610612738,BOS,202954,Brad Wanamaker,G,9,NA,1445697,NA
2020-21,1610612766,CHA,202954,Brad Wanamaker,G,9,NA,2250000,NA
2011-12,1610612745,HOU,202962,Greg Smith,C-F,0,NA,301733,NA
2012-13,1610612745,HOU,202962,Greg Smith,C-F,4,NA,762195,NA
2013-14,1610612741,CHI,202962,Greg Smith,F-C,9,NA,884293,NA
2014-15,1610612742,DAL,202962,Greg Smith,C,4,NA,948163,NA
2015-16,1610612750,MIN,202962,Greg Smith,C,4,NA,197111,NA
2011-12,1610612740,NOP,202970,Gustavo Ayon,F-C,15,NA,1567500,NA
2012-13,1610612749,MIL,202970,Gustavo Ayon,F-C,19,NA,1500000,NA
2013-14,1610612737,ATL,202970,Gustavo Ayon,F-C,14,NA,1500000,NA
2012-13,1610612742,DAL,203006,Josh Akognon,G,10,NA,41788,NA
2013-14,1610612740,NOP,203076,Anthony Davis,F-C,23,NA,5375760,NA
2014-15,1610612740,NOP,203076,Anthony Davis,F-C,23,NA,5607240,NA
2015-16,1610612740,NOP,203076,Anthony Davis,F-C,23,NA,7070730,NA
2016-17,1610612740,NOP,203076,Anthony Davis,F-C,23,NA,22116750,NA
2017-18,1610612740,NOP,203076,Anthony Davis,F-C,23,NA,23775506,NA
2018-19,1610612740,NOP,203076,Anthony Davis,F-C,23,NA,25434263,NA
2019-20,1610612747,LAL,203076,Anthony Davis,F-C,3,Traded from NOP on 07/06/19,27093019,NA
2020-21,1610612747,LAL,203076,Anthony Davis,F-C,3,NA,32742000,NA
2021-22,1610612747,LAL,203076,Anthony Davis,F-C,3,NA,35361360,NA
2022-23,1610612747,LAL,203076,Anthony Davis,F-C,3,NA,37980720,NA
2023-24,1610612747,LAL,203076,Anthony Davis,F-C,3,NA,40600080,NA
2024-25,1610612747,LAL,203076,Anthony Davis,F-C,3,NA,43219440,NA
2024-25,1610612742,DAL,203076,Anthony Davis,F-C,3,Traded from LAL on 08/02/25,43219440,2025-02-08
2012-13,1610612766,CHA,203077,Michael Kidd-Gilchrist,F,14,NA,4602720,NA
2013-14,1610612766,CHA,203077,Michael Kidd-Gilchrist,F,14,NA,4809840,NA
2014-15,1610612766,CHA,203077,Michael Kidd-Gilchrist,F,14,NA,5016960,NA
2015-16,1610612766,CHA,203077,Michael Kidd-Gilchrist,F,14,NA,6331403,NA
2016-17,1610612766,CHA,203077,Michael Kidd-Gilchrist,F,14,NA,13000000,NA
2017-18,1610612766,CHA,203077,Michael Kidd-Gilchrist,F,14,NA,13000000,NA
2018-19,1610612766,CHA,203077,Michael Kidd-Gilchrist,F,14,NA,13000000,NA
2019-20,1610612742,DAL,203077,Michael Kidd-Gilchrist,F,9,NA,595122,NA
2012-13,1610612764,WAS,203078,Bradley Beal,G,3,NA,4133280,NA
2013-14,1610612764,WAS,203078,Bradley Beal,G,3,NA,4319280,NA
2014-15,1610612764,WAS,203078,Bradley Beal,G,3,NA,4505280,NA
2015-16,1610612764,WAS,203078,Bradley Beal,G,3,NA,5694673,NA
2016-17,1610612764,WAS,203078,Bradley Beal,G,3,NA,22116750,NA
2017-18,1610612764,WAS,203078,Bradley Beal,G,3,NA,23775506,NA
2018-19,1610612764,WAS,203078,Bradley Beal,G,3,NA,25434262,NA
2019-20,1610612764,WAS,203078,Bradley Beal,G,3,NA,27093018,NA
2020-21,1610612764,WAS,203078,Bradley Beal,G,3,NA,28751774,NA
2021-22,1610612764,WAS,203078,Bradley Beal,G,3,NA,33724200,NA
2022-23,1610612764,WAS,203078,Bradley Beal,G,3,NA,43279250,NA
2023-24,1610612756,PHX,203078,Bradley Beal,G,3,Traded from WAS on 06/23/23,46741590,NA
2024-25,1610612756,PHX,203078,Bradley Beal,G,3,NA,50203930,NA
2012-13,1610612739,CLE,203079,Dion Waiters,G,3,NA,3726600,NA
2013-14,1610612739,CLE,203079,Dion Waiters,G,3,NA,3894240,NA
2014-15,1610612760,OKC,203079,Dion Waiters,G,23,NA,4062000,NA
2015-16,1610612760,OKC,203079,Dion Waiters,G,3,NA,5138430,NA
2016-17,1610612748,MIA,203079,Dion Waiters,G,11,NA,2898000,NA
2017-18,1610612748,MIA,203079,Dion Waiters,G,11,NA,12100000,NA
2018-19,1610612748,MIA,203079,Dion Waiters,G,11,NA,12705000,NA
2019-20,1610612747,LAL,203079,Dion Waiters,G,18,NA,375385,NA
2012-13,1610612745,HOU,203080,Thomas Robinson,F,41,NA,3374640,NA
2013-14,1610612757,POR,203080,Thomas Robinson,F,41,NA,3526440,NA
2014-15,1610612755,PHI,203080,Thomas Robinson,F,41,NA,3678360,NA
2015-16,1610612751,BKN,203080,Thomas Robinson,F,41,NA,981348,NA
2016-17,1610612747,LAL,203080,Thomas Robinson,F,15,NA,1050961,NA
2012-13,1610612757,POR,203081,Damian Lillard,G,0,+ACM-6 Pick in 2012 Draft,3065040,NA
2013-14,1610612757,POR,203081,Damian Lillard,G,0,NA,3202920,NA
2014-15,1610612757,POR,203081,Damian Lillard,G,0,NA,3340920,NA
2015-16,1610612757,POR,203081,Damian Lillard,G,0,NA,4236286,NA
2016-17,1610612757,POR,203081,Damian Lillard,G,0,NA,24328425,NA
2017-18,1610612757,POR,203081,Damian Lillard,G,0,NA,26153057,NA
2018-19,1610612757,POR,203081,Damian Lillard,G,0,NA,27977689,NA
2019-20,1610612757,POR,203081,Damian Lillard,G,0,NA,29802321,NA
2020-21,1610612757,POR,203081,Damian Lillard,G,0,NA,31626953,NA
2021-22,1610612757,POR,203081,Damian Lillard,G,0,NA,39344900,NA
2022-23,1610612757,POR,203081,Damian Lillard,G,0,NA,42492492,NA
2023-24,1610612749,MIL,203081,Damian Lillard,G,0,Traded from POR on 09/27/23,45640084,NA
2024-25,1610612749,MIL,203081,Damian Lillard,G,0,NA,48787676,NA
2012-13,1610612761,TOR,203082,Terrence Ross,G,31,NA,2563320,NA
2013-14,1610612761,TOR,203082,Terrence Ross,F,31,NA,2678640,NA
2014-15,1610612761,TOR,203082,Terrence Ross,F-G,31,NA,2793960,NA
2015-16,1610612761,TOR,203082,Terrence Ross,F-G,31,NA,3553917,NA
2016-17,1610612753,ORL,203082,Terrence Ross,F,31,NA,10000000,NA
2017-18,1610612753,ORL,203082,Terrence Ross,G-F,31,NA,10500000,NA
2018-19,1610612753,ORL,203082,Terrence Ross,G-F,31,NA,10500000,NA
2019-20,1610612753,ORL,203082,Terrence Ross,G-F,31,NA,12500000,NA
2020-21,1610612753,ORL,203082,Terrence Ross,G-F,31,NA,13500000,NA
2021-22,1610612753,ORL,203082,Terrence Ross,G-F,31,NA,12500000,NA
2022-23,1610612756,PHX,203082,Terrence Ross,G-F,8,Signed on 02/14/23,11500000,NA
2012-13,1610612765,DET,203083,Andre Drummond,C,1,NA,2356320,NA
2013-14,1610612765,DET,203083,Andre Drummond,C,0,NA,2462400,NA
2014-15,1610612765,DET,203083,Andre Drummond,C,0,NA,2568360,NA
2015-16,1610612765,DET,203083,Andre Drummond,C,0,NA,3272090,NA
2016-17,1610612765,DET,203083,Andre Drummond,C,0,NA,22116750,NA
2017-18,1610612765,DET,203083,Andre Drummond,C,0,NA,23775506,NA
2018-19,1610612765,DET,203083,Andre Drummond,C,0,NA,25434262,NA
2019-20,1610612739,CLE,203083,Andre Drummond,C,3,NA,27093018,NA
2020-21,1610612747,LAL,203083,Andre Drummond,C,2,NA,28751774,NA
2021-22,1610612751,BKN,203083,Andre Drummond,C,0,NA,2401537,NA
2022-23,1610612741,CHI,203083,Andre Drummond,C,3,Signed on 07/06/22,3200000,NA
2023-24,1610612741,CHI,203083,Andre Drummond,C,3,NA,3360000,NA
2024-25,1610612755,PHI,203083,Andre Drummond,C,5,Signed on 07/07/24,5000000,NA
2012-13,1610612744,GSW,203084,Harrison Barnes,F,40,NA,2798040,NA
2013-14,1610612744,GSW,203084,Harrison Barnes,F,40,NA,2923920,NA
2014-15,1610612744,GSW,203084,Harrison Barnes,F,40,NA,3049920,NA
2015-16,1610612744,GSW,203084,Harrison Barnes,F,40,NA,3873398,NA
2016-17,1610612742,DAL,203084,Harrison Barnes,F,40,NA,22116750,NA
2017-18,1610612742,DAL,203084,Harrison Barnes,F,40,NA,23112004,NA
2018-19,1610612742,DAL,203084,Harrison Barnes,F,40,NA,24107258,NA
2018-19,1610612758,SAC,203084,Harrison Barnes,F,40,Traded from DAL on 02/07/19,24107258,2019-02-07
2020-21,1610612758,SAC,203084,Harrison Barnes,F,40,NA,22215909,NA
2021-22,1610612758,SAC,203084,Harrison Barnes,F,40,NA,20284091,NA
2023-24,1610612758,SAC,203084,Harrison Barnes,F,40,NA,17000000,NA
2024-25,1610612759,SAS,203084,Harrison Barnes,F,40,Traded from SAC on 07/08/24,18000000,NA
2013-14,1610612740,NOP,203085,Austin Rivers,G,25,NA,2339040,NA
2014-15,1610612746,LAC,203085,Austin Rivers,G,25,NA,2439840,NA
2015-16,1610612746,LAC,203085,Austin Rivers,G,25,NA,3110796,NA
2016-17,1610612746,LAC,203085,Austin Rivers,G,25,NA,11000000,NA
2017-18,1610612746,LAC,203085,Austin Rivers,G,25,NA,11825000,NA
2018-19,1610612745,HOU,203085,Austin Rivers,G,25,NA,13155324,NA
2019-20,1610612745,HOU,203085,Austin Rivers,G,25,NA,2174310,NA
2020-21,1610612743,DEN,203085,Austin Rivers,G,25,NA,3929049,NA
2021-22,1610612743,DEN,203085,Austin Rivers,G,25,NA,2401537,NA
2022-23,1610612750,MIN,203085,Austin Rivers,G,25,Signed on 07/19/22,2905851,NA
2012-13,1610612757,POR,203086,Meyers Leonard,C,11,NA,2126520,NA
2013-14,1610612757,POR,203086,Meyers Leonard,C,11,NA,2222160,NA
2014-15,1610612757,POR,203086,Meyers Leonard,C,11,NA,2317920,NA
2015-16,1610612757,POR,203086,Meyers Leonard,F-C,11,NA,3075879,NA
2016-17,1610612757,POR,203086,Meyers Leonard,F-C,11,NA,9213484,NA
2017-18,1610612757,POR,203086,Meyers Leonard,C,11,NA,9904495,NA
2018-19,1610612757,POR,203086,Meyers Leonard,F-C,11,NA,10595506,NA
2019-20,1610612748,MIA,203086,Meyers Leonard,F-C,0,NA,11286515,NA
2022-23,1610612749,MIL,203086,Meyers Leonard,F-C,3,Signed on 02/22/23,713558,NA
2012-13,1610612760,OKC,203087,Jeremy Lamb,G-F,11,NA,2020200,NA
2013-14,1610612760,OKC,203087,Jeremy Lamb,G,11,NA,2111160,NA
2014-15,1610612760,OKC,203087,Jeremy Lamb,G,11,NA,2202000,NA
2015-16,1610612766,CHA,203087,Jeremy Lamb,G,3,NA,3034356,NA
2016-17,1610612766,CHA,203087,Jeremy Lamb,G,3,NA,7000000,NA
2017-18,1610612766,CHA,203087,Jeremy Lamb,G,3,NA,7000000,NA
2018-19,1610612766,CHA,203087,Jeremy Lamb,G,3,NA,7000000,NA
2019-20,1610612754,IND,203087,Jeremy Lamb,G-F,26,NA,10500000,NA
2020-21,1610612754,IND,203087,Jeremy Lamb,G-F,26,NA,10500000,NA
2021-22,1610612758,SAC,203087,Jeremy Lamb,G-F,26,NA,10500000,NA
2012-13,1610612756,PHX,203088,Kendall Marshall,G,12,NA,1919160,NA
2013-14,1610612747,LAL,203088,Kendall Marshall,G,12,NA,547570,NA
2015-16,1610612755,PHI,203088,Kendall Marshall,G,5,NA,2144772,NA
2012-13,1610612749,MIL,203089,John Henson,F,31,NA,1823280,NA
2013-14,1610612749,MIL,203089,John Henson,C-F,31,NA,1905360,NA
2014-15,1610612749,MIL,203089,John Henson,C-F,31,NA,1987320,NA
2015-16,1610612749,MIL,203089,John Henson,F,31,NA,2943220,NA
2016-17,1610612749,MIL,203089,John Henson,C-F,31,NA,12267606,NA
2018-19,1610612739,CLE,203089,John Henson,F,31,NA,10577466,NA
2019-20,1610612765,DET,203089,John Henson,F-C,31,NA,9732396,NA
2012-13,1610612753,ORL,203090,Maurice Harkless,F,21,NA,NA,NA
2013-14,1610612753,ORL,203090,Maurice Harkless,F,21,NA,NA,NA
2014-15,1610612753,ORL,203090,Maurice Harkless,F,21,NA,NA,NA
2015-16,1610612757,POR,203090,Maurice Harkless,F,4,NA,NA,NA
2016-17,1610612757,POR,203090,Maurice Harkless,F,4,NA,NA,NA
2017-18,1610612757,POR,203090,Maurice Harkless,F,4,NA,NA,NA
2018-19,1610612757,POR,203090,Maurice Harkless,F,4,NA,NA,NA
2019-20,1610612752,NYK,203090,Maurice Harkless,F-G,3,NA,NA,NA
2020-21,1610612758,SAC,203090,Maurice Harkless,F-G,8,NA,NA,NA
2021-22,1610612758,SAC,203090,Maurice Harkless,F-G,8,NA,NA,NA
2012-13,1610612745,HOU,203091,Royce White,F,30,NA,1645440,NA
2012-13,1610612739,CLE,203092,Tyler Zeller,C-F,40,NA,1563120,NA
2013-14,1610612739,CLE,203092,Tyler Zeller,C-F,40,NA,1633440,NA
2014-15,1610612738,BOS,203092,Tyler Zeller,C-F,44,NA,1703760,NA
2015-16,1610612738,BOS,203092,Tyler Zeller,C-F,44,NA,2616975,NA
2016-17,1610612738,BOS,203092,Tyler Zeller,C,44,NA,8000000,NA
2018-19,1610612763,MEM,203092,Tyler Zeller,C,45,NA,213948,NA
2019-20,1610612759,SAS,203092,Tyler Zeller,F-C,40,NA,245686,NA
2012-13,1610612745,HOU,203093,Terrence Jones,F,6,NA,1485000,NA
2013-14,1610612745,HOU,203093,Terrence Jones,F,6,NA,1551840,NA
2014-15,1610612745,HOU,203093,Terrence Jones,F,6,NA,1618680,NA
2015-16,1610612745,HOU,203093,Terrence Jones,F,6,NA,2489529,NA
2012-13,1610612753,ORL,203094,Andrew Nicholson,F,44,NA,1418160,NA
2013-14,1610612753,ORL,203094,Andrew Nicholson,F,44,NA,1482000,NA
2014-15,1610612753,ORL,203094,Andrew Nicholson,F,44,NA,1545840,NA
2016-17,1610612751,BKN,203094,Andrew Nicholson,F,44,NA,6088993,NA
2012-13,1610612743,DEN,203095,Evan Fournier,G,94,NA,1361400,NA
2013-14,1610612743,DEN,203095,Evan Fournier,G,94,NA,1422720,NA
2014-15,1610612753,ORL,203095,Evan Fournier,G,10,NA,1483920,NA
2016-17,1610612753,ORL,203095,Evan Fournier,G,10,NA,17000000,NA
2017-18,1610612753,ORL,203095,Evan Fournier,G-F,10,NA,17000000,NA
2018-19,1610612753,ORL,203095,Evan Fournier,G-F,10,NA,17000000,NA
2019-20,1610612753,ORL,203095,Evan Fournier,G-F,10,NA,17150000,NA
2020-21,1610612738,BOS,203095,Evan Fournier,G-F,94,NA,17150000,NA
2022-23,1610612752,NYK,203095,Evan Fournier,G-F,13,Traded from BOS on 08/17/21,18000000,NA
2023-24,1610612752,NYK,203095,Evan Fournier,G-F,13,NA,18857143,NA
2012-13,1610612738,BOS,203096,Jared Sullinger,F,7,NA,1306920,NA
2013-14,1610612738,BOS,203096,Jared Sullinger,C-F,7,NA,1365720,NA
2014-15,1610612738,BOS,203096,Jared Sullinger,F,7,NA,1424520,NA
2015-16,1610612738,BOS,203096,Jared Sullinger,C-F,7,NA,2269260,NA
2012-13,1610612738,BOS,203097,Fab Melo,C,13,NA,1254720,NA
2012-13,1610612737,ATL,203098,John Jenkins,G,12,NA,1204560,NA
2013-14,1610612737,ATL,203098,John Jenkins,G,12,NA,1258800,NA
2014-15,1610612737,ATL,203098,John Jenkins,G,12,NA,1312920,NA
2015-16,1610612756,PHX,203098,John Jenkins,G,23,NA,981349,NA
2018-19,1610612752,NYK,203098,John Jenkins,G,30,NA,585809,NA
2012-13,1610612742,DAL,203099,Jared Cunningham,G,1,NA,1156320,NA
2013-14,1610612758,SAC,203099,Jared Cunningham,G,9,NA,1301208,NA
2012-13,1610612763,MEM,203100,Tony Wroten,G,1,NA,1110120,NA
2013-14,1610612755,PHI,203100,Tony Wroten,G,8,NA,1160040,NA
2014-15,1610612755,PHI,203100,Tony Wroten,G,8,NA,1210080,NA
2015-16,1610612752,NYK,203100,Tony Wroten,G,5,NA,2346760,NA
2012-13,1610612754,IND,203101,Miles Plumlee,F,13,NA,1073280,NA
2013-14,1610612756,PHX,203101,Miles Plumlee,C-F,22,NA,1121520,NA
2014-15,1610612749,MIL,203101,Miles Plumlee,C-F,21,NA,1169880,NA
2015-16,1610612749,MIL,203101,Miles Plumlee,C,18,NA,2109293,NA
2016-17,1610612766,CHA,203101,Miles Plumlee,C,18,NA,12400000,NA
2017-18,1610612737,ATL,203101,Miles Plumlee,C-F,18,NA,12400000,NA
2018-19,1610612737,ATL,203101,Miles Plumlee,C,18,NA,12400000,NA
2012-13,1610612755,PHI,203102,Arnett Moultrie,F,5,NA,1042320,NA
2013-14,1610612755,PHI,203102,Arnett Moultrie,F,5,NA,1089240,NA
2012-13,1610612760,OKC,203103,Perry Jones III,F,3,NA,NA,NA
2013-14,1610612760,OKC,203103,Perry Jones III,F,3,NA,NA,NA
2014-15,1610612760,OKC,203103,Perry Jones III,F,3,NA,NA,NA
2012-13,1610612741,CHI,203104,Marquis Teague,G,25,NA,857000,NA
2013-14,1610612751,BKN,203104,Marquis Teague,G,12,NA,1074720,NA
2017-18,1610612763,MEM,203104,Marquis Teague,G,20,NA,157944,NA
2012-13,1610612744,GSW,203105,Festus Ezeli,C,31,NA,1020960,NA
2013-14,1610612744,GSW,203105,Festus Ezeli,C,31,NA,1066920,NA
2014-15,1610612744,GSW,203105,Festus Ezeli,C,31,NA,1112880,NA
2015-16,1610612744,GSW,203105,Festus Ezeli,C,31,NA,2008748,NA
2016-17,1610612757,POR,203105,Festus Ezeli,C,31,NA,7400000,NA
2012-13,1610612766,CHA,203106,Jeffery Taylor,G-F,44,NA,550000,NA
2013-14,1610612766,CHA,203106,Jeffery Taylor,F,44,NA,788872,NA
2014-15,1610612766,CHA,203106,Jeffery Taylor,F,44,NA,915243,NA
2016-17,1610612764,WAS,203107,Tomas Satoransky,G-F,31,NA,2870813,NA
2017-18,1610612764,WAS,203107,Tomas Satoransky,G-F,31,NA,3000000,NA
2018-19,1610612764,WAS,203107,Tomas Satoransky,G-F,31,NA,3129187,NA
2019-20,1610612741,CHI,203107,Tomas Satoransky,G,31,NA,10000000,NA
2020-21,1610612741,CHI,203107,Tomas Satoransky,G,31,NA,10000000,NA
2021-22,1610612764,WAS,203107,Tomas Satoransky,G,31,NA,10000000,NA
2012-13,1610612742,DAL,203108,Bernard James,C,5,NA,473604,NA
2013-14,1610612742,DAL,203108,Bernard James,C,5,NA,788872,NA
2014-15,1610612742,DAL,203108,Bernard James,C,55,NA,1259775,NA
2012-13,1610612742,DAL,203109,Jae Crowder,F,9,NA,600491,NA
2013-14,1610612742,DAL,203109,Jae Crowder,F,9,NA,788872,NA
2014-15,1610612738,BOS,203109,Jae Crowder,F,99,NA,915243,NA
2015-16,1610612738,BOS,203109,Jae Crowder,F,99,NA,6796117,NA
2016-17,1610612738,BOS,203109,Jae Crowder,F,99,NA,6286408,NA
2017-18,1610612762,UTA,203109,Jae Crowder,F,99,NA,6796117,NA
2019-20,1610612748,MIA,203109,Jae Crowder,F,99,NA,7815533,NA
2020-21,1610612756,PHX,203109,Jae Crowder,F,99,NA,9258000,NA
2021-22,1610612756,PHX,203109,Jae Crowder,F,99,NA,9720900,NA
2022-23,1610612756,PHX,203109,Jae Crowder,F,99,NA,10183800,NA
2022-23,1610612749,MIL,203109,Jae Crowder,F,99,Traded from PHX on 02/09/23,10183800,2023-02-09
2023-24,1610612749,MIL,203109,Jae Crowder,F,99,NA,3196448,NA
2012-13,1610612744,GSW,203110,Draymond Green,F,23,+ACM-35 Pick in 2012 Draft,850000,NA
2013-14,1610612744,GSW,203110,Draymond Green,F,23,NA,875500,NA
2014-15,1610612744,GSW,203110,Draymond Green,F,23,NA,915243,NA
2015-16,1610612744,GSW,203110,Draymond Green,F,23,NA,14260870,NA
2016-17,1610612744,GSW,203110,Draymond Green,F,23,NA,15330435,NA
2017-18,1610612744,GSW,203110,Draymond Green,F,23,NA,16400000,NA
2018-19,1610612744,GSW,203110,Draymond Green,F,23,NA,17469565,NA
2019-20,1610612744,GSW,203110,Draymond Green,F,23,NA,18539130,NA
2020-21,1610612744,GSW,203110,Draymond Green,F,23,NA,22246956,NA
2021-22,1610612744,GSW,203110,Draymond Green,F,23,NA,24026712,NA
2022-23,1610612744,GSW,203110,Draymond Green,F,23,NA,25806468,NA
2023-24,1610612744,GSW,203110,Draymond Green,F,23,NA,22321429,NA
2024-25,1610612744,GSW,203110,Draymond Green,F,23,NA,24107143,NA
2012-13,1610612754,IND,203111,Orlando Johnson,G,11,NA,550000,NA
2012-13,1610612761,TOR,203112,Quincy Acy,F,4,NA,665000,NA
2013-14,1610612758,SAC,203112,Quincy Acy,F,5,NA,788872,NA
2014-15,1610612752,NYK,203112,Quincy Acy,F,4,NA,915243,NA
2015-16,1610612758,SAC,203112,Quincy Acy,F,13,NA,981348,NA
2016-17,1610612751,BKN,203112,Quincy Acy,F,13,NA,2965505,NA
2017-18,1610612751,BKN,203112,Quincy Acy,F,13,NA,1709538,NA
2012-13,1610612743,DEN,203113,Quincy Miller,F,30,NA,473604,NA
2013-14,1610612743,DEN,203113,Quincy Miller,F,30,NA,788872,NA
2014-15,1610612765,DET,203113,Quincy Miller,F,34,NA,398393,NA
2012-13,1610612765,DET,203114,Khris Middleton,F,32,NA,473604,NA
2013-14,1610612749,MIL,203114,Khris Middleton,F,22,Traded from DET on 07/31/13,788872,NA
2014-15,1610612749,MIL,203114,Khris Middleton,G-F,22,NA,915243,NA
2015-16,1610612749,MIL,203114,Khris Middleton,G-F,22,NA,14700000,NA
2016-17,1610612749,MIL,203114,Khris Middleton,G-F,22,NA,15200000,NA
2018-19,1610612749,MIL,203114,Khris Middleton,F,22,NA,13000000,NA
2019-20,1610612749,MIL,203114,Khris Middleton,F,22,NA,30603448,NA
2020-21,1610612749,MIL,203114,Khris Middleton,F,22,NA,33051724,NA
2021-22,1610612749,MIL,203114,Khris Middleton,F,22,NA,35500000,NA
2022-23,1610612749,MIL,203114,Khris Middleton,F,22,NA,37984276,NA
2023-24,1610612749,MIL,203114,Khris Middleton,F,22,NA,29320988,NA
2024-25,1610612749,MIL,203114,Khris Middleton,F,22,NA,31000000,NA
2024-25,1610612764,WAS,203114,Khris Middleton,F,22,Traded from MIL on 07/02/25,31000000,2025-02-07
2012-13,1610612757,POR,203115,Will Barton,G,5,NA,550000,NA
2013-14,1610612757,POR,203115,Will Barton,G,5,NA,788872,NA
2014-15,1610612743,DEN,203115,Will Barton,G,5,NA,915243,NA
2015-16,1610612743,DEN,203115,Will Barton,F-G,5,NA,3533333,NA
2016-17,1610612743,DEN,203115,Will Barton,G-F,5,NA,3533333,NA
2017-18,1610612743,DEN,203115,Will Barton,F-G,5,NA,3533333,NA
2018-19,1610612743,DEN,203115,Will Barton,G,5,NA,11830358,NA
2019-20,1610612743,DEN,203115,Will Barton,G,5,NA,12776786,NA
2020-21,1610612743,DEN,203115,Will Barton,G,5,NA,13723214,NA
2021-22,1610612743,DEN,203115,Will Barton,G,5,NA,15625000,NA
2022-23,1610612761,TOR,203115,Will Barton,G,1,Signed on 02/28/23,15059712,NA
2012-13,1610612751,BKN,203116,Tyshawn Taylor,G,41,NA,473604,NA
2012-13,1610612753,ORL,203117,Doron Lamb,G,1,NA,650000,NA
2013-14,1610612753,ORL,203117,Doron Lamb,G,1,NA,788872,NA
2012-13,1610612737,ATL,203118,Mike Scott,F,32,NA,473604,NA
2013-14,1610612737,ATL,203118,Mike Scott,F,32,NA,788872,NA
2014-15,1610612737,ATL,203118,Mike Scott,F,32,NA,3333333,NA
2015-16,1610612737,ATL,203118,Mike Scott,F,32,NA,3333333,NA
2017-18,1610612764,WAS,203118,Mike Scott,F,30,NA,1709538,NA
2018-19,1610612755,PHI,203118,Mike Scott,F,1,NA,4320500,NA
2019-20,1610612755,PHI,203118,Mike Scott,F,1,NA,4767000,NA
2020-21,1610612755,PHI,203118,Mike Scott,F,1,NA,5005350,NA
2012-13,1610612765,DET,203119,Kim English,G,24,NA,473604,NA
2013-14,1610612748,MIA,203120,Justin Hamilton,C,7,NA,126870,NA
2014-15,1610612750,MIN,203120,Justin Hamilton,C,41,NA,816482,NA
2016-17,1610612751,BKN,203120,Justin Hamilton,C,41,NA,3000000,NA
2013-14,1610612740,NOP,203121,Darius Miller,F,2,NA,788872,NA
2017-18,1610612740,NOP,203121,Darius Miller,F,21,NA,2100000,NA
2018-19,1610612740,NOP,203121,Darius Miller,F,21,NA,2205000,NA
2019-20,1610612740,NOP,203121,Darius Miller,F,21,NA,7250000,NA
2012-13,1610612762,UTA,203122,Kevin Murphy,G,55,NA,473604,NA
2014-15,1610612745,HOU,203123,Kostas Papanikolaou,F,16,NA,4797664,NA
2012-13,1610612753,ORL,203124,Kyle O'Quinn,F,2,NA,788872,NA
2013-14,1610612753,ORL,203124,Kyle O'Quinn,F,2,NA,788872,NA
2014-15,1610612753,ORL,203124,Kyle O'Quinn,F-C,2,NA,915243,NA
2015-16,1610612752,NYK,203124,Kyle O'Quinn,F-C,9,NA,3750000,NA
2016-17,1610612752,NYK,203124,Kyle O'Quinn,C-F,9,NA,3918750,NA
2017-18,1610612752,NYK,203124,Kyle O'Quinn,C-F,9,NA,4087500,NA
2018-19,1610612754,IND,203124,Kyle O'Quinn,C,10,NA,4449000,NA
2019-20,1610612755,PHI,203124,Kyle O'Quinn,C-F,9,NA,2174318,NA
2012-13,1610612751,BKN,203126,Kris Joseph,F,24,NA,225657,NA
2014-15,1610612755,PHI,203128,Furkan Aldemir,F-C,19,NA,2810305,NA
2012-13,1610612751,BKN,203129,Tornike Shengelia,F,20,NA,473604,NA
2013-14,1610612750,MIN,203133,Robbie Hummel,F,6,NA,490180,NA
2014-15,1610612750,MIN,203133,Robbie Hummel,F,4,NA,880000,NA
2012-13,1610612747,LAL,203135,Robert Sacre,C,50,NA,473604,NA
2013-14,1610612747,LAL,203135,Robert Sacre,C,50,NA,788873,NA
2014-15,1610612747,LAL,203135,Robert Sacre,C,50,NA,915243,NA
2015-16,1610612747,LAL,203135,Robert Sacre,C,50,NA,981358,NA
2013-14,1610612744,GSW,203136,Ognjen Kuzmic,C,1,NA,490180,NA
2014-15,1610612744,GSW,203136,Ognjen Kuzmic,C,1,NA,816482,NA
2013-14,1610612755,PHI,203138,Hollis Thompson,G-F,31,NA,490180,NA
2014-15,1610612755,PHI,203138,Hollis Thompson,G-F,31,NA,816482,NA
2015-16,1610612755,PHI,203138,Hollis Thompson,G-F,31,NA,947276,NA
2012-13,1610612765,DET,203139,Viacheslav Kravtsov,C,55,NA,NA,NA
2012-13,1610612751,BKN,203141,Mirza Teletovic,F,33,NA,3090000,NA
2013-14,1610612751,BKN,203141,Mirza Teletovic,F,33,NA,3229050,NA
2014-15,1610612751,BKN,203141,Mirza Teletovic,F,33,NA,3368100,NA
2015-16,1610612756,PHX,203141,Mirza Teletovic,F,35,NA,5500000,NA
2016-17,1610612749,MIL,203141,Mirza Teletovic,F,35,NA,10500000,NA
2012-13,1610612752,NYK,203142,Chris Copeland,F,14,NA,473604,NA
2013-14,1610612754,IND,203142,Chris Copeland,F,22,NA,3000000,NA
2014-15,1610612754,IND,203142,Chris Copeland,F,22,NA,3130000,NA
2012-13,1610612752,NYK,203143,Pablo Prigioni,G,9,NA,473604,NA
2013-14,1610612752,NYK,203143,Pablo Prigioni,G,9,NA,1591350,NA
2014-15,1610612745,HOU,203143,Pablo Prigioni,G,9,NA,1662961,NA
2015-16,1610612746,LAC,203143,Pablo Prigioni,G,9,NA,1421348,NA
2012-13,1610612750,MIN,203144,Alexey Shved,G,1,NA,3017943,NA
2013-14,1610612750,MIN,203144,Alexey Shved,G,1,NA,3066667,NA
2014-15,1610612752,NYK,203144,Alexey Shved,G,1,NA,3198723,NA
2012-13,1610612744,GSW,203145,Kent Bazemore,G,20,NA,473604,NA
2013-14,1610612747,LAL,203145,Kent Bazemore,G,6,NA,762195,NA
2014-15,1610612737,ATL,203145,Kent Bazemore,G,24,NA,2000000,NA
2015-16,1610612737,ATL,203145,Kent Bazemore,F-G,24,NA,2000000,NA
2016-17,1610612737,ATL,203145,Kent Bazemore,F-G,24,NA,15730337,NA
2017-18,1610612737,ATL,203145,Kent Bazemore,G,24,NA,16910112,NA
2018-19,1610612737,ATL,203145,Kent Bazemore,G,24,NA,18089888,NA
2020-21,1610612744,GSW,203145,Kent Bazemore,G-F,26,NA,2320044,NA
2021-22,1610612747,LAL,203145,Kent Bazemore,G-F,9,NA,2401537,NA
2012-13,1610612746,LAC,203146,Maalik Wayns,G,2,NA,334308,NA
2013-14,1610612740,NOP,203148,Brian Roberts,G,22,NA,788872,NA
2014-15,1610612766,CHA,203148,Brian Roberts,G,22,NA,2732000,NA
2015-16,1610612757,POR,203148,Brian Roberts,G,2,NA,2854940,NA
2016-17,1610612766,CHA,203148,Brian Roberts,G,22,NA,1050961,NA
2013-14,1610612755,PHI,203156,Henry Sims,C,35,NA,788872,NA
2014-15,1610612755,PHI,203156,Henry Sims,C,35,NA,915243,NA
2015-16,1610612751,BKN,203156,Henry Sims,C-F,14,NA,161633,NA
2012-13,1610612739,CLE,203158,Kevin Jones,F,5,NA,390000,NA
2012-13,1610612744,GSW,203159,Scott Machado,G,1,NA,225657,NA
2012-13,1610612754,IND,203162,Ben Hansbrough,G,23,NA,473604,NA
2012-13,1610612763,MEM,203186,Willie Reed,F-C,3,NA,NA,NA
2013-14,1610612758,SAC,203186,Willie Reed,F-C,58,NA,57668,NA
2015-16,1610612751,BKN,203186,Willie Reed,F-C,33,NA,525093,NA
2016-17,1610612748,MIA,203186,Willie Reed,F-C,35,NA,NA,NA
2013-14,1610612738,BOS,203187,Chris Johnson,F-G,12,NA,916099,NA
2015-16,1610612762,UTA,203187,Chris Johnson,F,23,NA,NA,NA
2012-13,1610612756,PHX,203197,Diante Garrett,G,10,NA,473604,NA
2013-14,1610612762,UTA,203197,Diante Garrett,G,8,NA,719266,NA
2012-13,1610612753,ORL,203199,DeQuan Jones,F,20,NA,473604,NA
2012-13,1610612755,PHI,203200,Justin Holiday,G-F,14,NA,76220,NA
2014-15,1610612744,GSW,203200,Justin Holiday,G,7,NA,816482,NA
2015-16,1610612741,CHI,203200,Justin Holiday,G,7,NA,947276,NA
2016-17,1610612752,NYK,203200,Justin Holiday,G,8,NA,1015696,NA
2017-18,1610612741,CHI,203200,Justin Holiday,G-F,7,NA,4500000,NA
2018-19,1610612763,MEM,203200,Justin Holiday,F-G,7,NA,4500000,NA
2019-20,1610612754,IND,203200,Justin Holiday,F-G,8,NA,4767000,NA
2020-21,1610612754,IND,203200,Justin Holiday,F-G,8,NA,5720400,NA
2021-22,1610612758,SAC,203200,Justin Holiday,F-G,9,NA,6006420,NA
2022-23,1610612742,DAL,203200,Justin Holiday,F-G,0,NA,5987975,NA
2023-24,1610612743,DEN,203200,Justin Holiday,F-G,0,Signed on 07/06/23,3196448,NA
2014-15,1610612763,MEM,203210,JaMychal Green,F,0,NA,244712,NA
2015-16,1610612763,MEM,203210,JaMychal Green,F,0,NA,845059,NA
2016-17,1610612763,MEM,203210,JaMychal Green,F,0,NA,980431,NA
2017-18,1610612763,MEM,203210,JaMychal Green,F,0,NA,8533333,NA
2018-19,1610612746,LAC,203210,JaMychal Green,F,4,NA,8066667,NA
2019-20,1610612746,LAC,203210,JaMychal Green,F-C,4,NA,4767000,NA
2020-21,1610612743,DEN,203210,JaMychal Green,F-C,0,NA,7199760,NA
2021-22,1610612743,DEN,203210,JaMychal Green,F-C,NA,NA,8200000,NA
2022-23,1610612744,GSW,203210,JaMychal Green,F-C,1,Signed on 08/01/22,8200000,NA
2020-21,1610612740,NOP,203263,James Nunnally,F,21,NA,107674,NA
2013-14,1610612751,BKN,203268,Jorge Gutierrez,G,13,NA,121103,NA
2014-15,1610612749,MIL,203268,Jorge Gutierrez,G,13,NA,960566,NA
2015-16,1610612766,CHA,203268,Jorge Gutierrez,G,12,NA,300899,NA
2013-14,1610612752,NYK,203315,Toure' Murry,G,23,NA,NA,NA
2012-13,1610612745,HOU,203317,Tim Ohlbrecht,C-F,14,NA,142081,NA
2013-14,1610612764,WAS,203318,Glen Rice,G-F,14,NA,NA,NA
2012-13,1610612759,SAS,203382,Aron Baynes,F-C,16,NA,239588,NA
2013-14,1610612759,SAS,203382,Aron Baynes,F-C,16,NA,788872,NA
2014-15,1610612759,SAS,203382,Aron Baynes,C-F,16,NA,2100000,NA
2015-16,1610612765,DET,203382,Aron Baynes,C-F,12,NA,6500000,NA
2016-17,1610612765,DET,203382,Aron Baynes,C-F,12,NA,6500000,NA
2017-18,1610612738,BOS,203382,Aron Baynes,C,46,NA,4300000,NA
2018-19,1610612738,BOS,203382,Aron Baynes,C-F,46,NA,5193600,NA
2019-20,1610612756,PHX,203382,Aron Baynes,C-F,46,NA,5453280,NA
2020-21,1610612761,TOR,203382,Aron Baynes,C-F,46,NA,7000000,NA
2013-14,1610612755,PHI,203457,Nerlens Noel,C,4,NA,3172320,NA
2014-15,1610612755,PHI,203457,Nerlens Noel,C-F,4,NA,3315120,NA
2015-16,1610612755,PHI,203457,Nerlens Noel,F-C,4,NA,3457800,NA
2016-17,1610612742,DAL,203457,Nerlens Noel,F-C,3,NA,4384490,NA
2017-18,1610612742,DAL,203457,Nerlens Noel,C,3,NA,4187599,NA
2018-19,1610612760,OKC,203457,Nerlens Noel,F-C,3,NA,1757429,NA
2019-20,1610612760,OKC,203457,Nerlens Noel,C-F,9,NA,1882867,NA
2020-21,1610612752,NYK,203457,Nerlens Noel,C-F,3,NA,5000000,NA
2013-14,1610612756,PHX,203458,Alex Len,C,21,NA,3492720,NA
2014-15,1610612756,PHX,203458,Alex Len,C,21,NA,3649920,NA
2015-16,1610612756,PHX,203458,Alex Len,C,21,NA,3807120,NA
2016-17,1610612756,PHX,203458,Alex Len,C,21,NA,4823621,NA
2017-18,1610612756,PHX,203458,Alex Len,C,21,NA,4187599,NA
2018-19,1610612737,ATL,203458,Alex Len,C,25,NA,4350000,NA
2020-21,1610612764,WAS,203458,Alex Len,C,27,NA,3970648,NA
2021-22,1610612758,SAC,203458,Alex Len,C,25,Signed on 08/13/21,3732000,NA
2023-24,1610612758,SAC,203458,Alex Len,C,25,NA,3196448,NA
2024-25,1610612758,SAC,203458,Alex Len,C,25,NA,4480977,NA
2024-25,1610612747,LAL,203458,Alex Len,C,25,Traded from SAC on 12/02/25,4480977,2025-02-12
2013-14,1610612757,POR,203459,Allen Crabbe,G,23,NA,825000,NA
2014-15,1610612757,POR,203459,Allen Crabbe,F,23,NA,862000,NA
2015-16,1610612757,POR,203459,Allen Crabbe,G,23,NA,947276,NA
2016-17,1610612757,POR,203459,Allen Crabbe,G,23,NA,18500000,NA
2017-18,1610612751,BKN,203459,Allen Crabbe,G-F,33,NA,18500000,NA
2018-19,1610612751,BKN,203459,Allen Crabbe,G-F,33,NA,19332500,NA
2013-14,1610612760,OKC,203460,Andre Roberson,G-F,21,NA,1110840,NA
2014-15,1610612760,OKC,203460,Andre Roberson,G,21,NA,1160880,NA
2015-16,1610612760,OKC,203460,Andre Roberson,G,21,NA,1210800,NA
2016-17,1610612760,OKC,203460,Andre Roberson,F,21,NA,2183072,NA
2017-18,1610612760,OKC,203460,Andre Roberson,G,21,NA,9259260,NA
2018-19,1610612760,OKC,203460,Andre Roberson,G-F,21,NA,10000000,NA
2019-20,1610612760,OKC,203460,Andre Roberson,G-F,21,NA,10740740,NA
2013-14,1610612739,CLE,203461,Anthony Bennett,F,15,NA,5324280,NA
2014-15,1610612750,MIN,203461,Anthony Bennett,F,24,NA,5563920,NA
2013-14,1610612756,PHX,203462,Archie Goodwin,G,20,NA,1064400,NA
2014-15,1610612756,PHX,203462,Archie Goodwin,G,20,NA,1112280,NA
2015-16,1610612756,PHX,203462,Archie Goodwin,G,20,NA,1160160,NA
2016-17,1610612751,BKN,203462,Archie Goodwin,G,10,NA,2350999,NA
2013-14,1610612758,SAC,203463,Ben McLemore,G,16,NA,2895960,NA
2014-15,1610612758,SAC,203463,Ben McLemore,G,23,NA,3026280,NA
2015-16,1610612758,SAC,203463,Ben McLemore,G,23,NA,3156600,NA
2016-17,1610612758,SAC,203463,Ben McLemore,G,23,NA,4008882,NA
2017-18,1610612763,MEM,203463,Ben McLemore,G,23,NA,5200000,NA
2019-20,1610612745,HOU,203463,Ben McLemore,G,16,NA,2028594,NA
2020-21,1610612747,LAL,203463,Ben McLemore,G,7,NA,2893630,NA
2021-22,1610612757,POR,203463,Ben McLemore,G,23,NA,2389641,NA
2017-18,1610612759,SAS,203464,Brandon Paul,G,3,NA,815615,NA
2013-14,1610612739,CLE,203467,Carrick Felix,G-F,30,NA,490180,NA
2013-14,1610612757,POR,203468,CJ McCollum,G,3,NA,2316720,NA
2014-15,1610612757,POR,203468,CJ McCollum,G,3,NA,2421000,NA
2015-16,1610612757,POR,203468,CJ McCollum,G,3,NA,2525160,NA
2016-17,1610612757,POR,203468,CJ McCollum,G,3,NA,3219579,NA
2017-18,1610612757,POR,203468,CJ McCollum,G,3,NA,23962573,NA
2018-19,1610612757,POR,203468,CJ McCollum,G,3,NA,25759766,NA
2019-20,1610612757,POR,203468,CJ McCollum,G,3,NA,27556959,NA
2020-21,1610612757,POR,203468,CJ McCollum,G,3,NA,29354152,NA
2021-22,1610612757,POR,203468,CJ McCollum,G,3,NA,30864198,NA
2021-22,1610612740,NOP,203468,CJ McCollum,G,3,Traded from POR on 02/08/22,30864198,2022-02-08
2022-23,1610612740,NOP,203468,CJ McCollum,G,3,NA,33333333,NA
2023-24,1610612740,NOP,203468,CJ McCollum,G,3,NA,35802469,NA
2024-25,1610612740,NOP,203468,CJ McCollum,G,3,NA,33333333,NA
2013-14,1610612766,CHA,203469,Cody Zeller,C-F,40,NA,3857040,NA
2014-15,1610612766,CHA,203469,Cody Zeller,F-C,40,NA,4030560,NA
2015-16,1610612766,CHA,203469,Cody Zeller,C-F,40,NA,4204200,NA
2016-17,1610612766,CHA,203469,Cody Zeller,C,40,NA,5318313,NA
2017-18,1610612766,CHA,203469,Cody Zeller,C-F,40,NA,12584270,NA
2018-19,1610612766,CHA,203469,Cody Zeller,C,40,NA,13528090,NA
2019-20,1610612766,CHA,203469,Cody Zeller,F-C,40,NA,14471910,NA
2020-21,1610612766,CHA,203469,Cody Zeller,F-C,40,NA,15415730,NA
2022-23,1610612748,MIA,203469,Cody Zeller,F-C,44,NA,743922,NA
2023-24,1610612740,NOP,203469,Cody Zeller,F-C,40,Signed on 07/06/23,3196448,NA
2024-25,1610612737,ATL,203469,Cody Zeller,F-C,40,Traded from NOP on 07/06/24,3500000,NA
2013-14,1610612737,ATL,203471,Dennis Schröder,G,17,NA,NA,NA
2014-15,1610612737,ATL,203471,Dennis Schröder,G,17,NA,NA,NA
2015-16,1610612737,ATL,203471,Dennis Schröder,G,17,NA,NA,NA
2016-17,1610612737,ATL,203471,Dennis Schröder,G,17,NA,NA,NA
2017-18,1610612737,ATL,203471,Dennis Schröder,G,17,NA,NA,NA
2018-19,1610612760,OKC,203471,Dennis Schröder,G,17,NA,NA,NA
2019-20,1610612760,OKC,203471,Dennis Schröder,G,17,NA,NA,NA
2020-21,1610612747,LAL,203471,Dennis Schröder,G,17,Signed on 09/16/22,NA,NA
2021-22,1610612745,HOU,203471,Dennis Schröder,G,17,NA,NA,NA
2022-23,1610612747,LAL,203471,Dennis Schröder,G,17,NA,NA,NA
2023-24,1610612761,TOR,203471,Dennis Schröder,G,17,Signed on 07/12/23,NA,NA
2024-25,1610612751,BKN,203471,Dennis Schröder,G,17,Traded from TOR on 02/08/24,NA,NA
2024-25,1610612744,GSW,203471,Dennis Schröder,G,17,Traded from BKN on 19/12/24,NA,2024-12-19
2024-25,1610612765,DET,203471,Dennis Schröder,G,17,Traded from GSW on 09/02/25,NA,2025-02-09
2013-14,1610612753,ORL,203473,Dewayne Dedmon,C,3,NA,256623,NA
2014-15,1610612753,ORL,203473,Dewayne Dedmon,C,3,NA,816482,NA
2016-17,1610612759,SAS,203473,Dewayne Dedmon,C,3,NA,2898000,NA
2017-18,1610612737,ATL,203473,Dewayne Dedmon,C,14,NA,6900000,NA
2018-19,1610612737,ATL,203473,Dewayne Dedmon,C,14,NA,6300000,NA
2019-20,1610612737,ATL,203473,Dewayne Dedmon,C,14,NA,13333334,NA
2020-21,1610612748,MIA,203473,Dewayne Dedmon,C,21,NA,3447478,NA
2021-22,1610612748,MIA,203473,Dewayne Dedmon,C,21,NA,5256308,NA
2022-23,1610612755,PHI,203473,Dewayne Dedmon,C,14,Signed on 02/14/23,8283688,NA
2014-15,1610612743,DEN,203475,Erick Green,G,11,NA,507336,NA
2013-14,1610612750,MIN,203476,Gorgui Dieng,C,5,NA,1352640,NA
2014-15,1610612750,MIN,203476,Gorgui Dieng,C,5,NA,1413480,NA
2015-16,1610612750,MIN,203476,Gorgui Dieng,C-F,5,NA,1474440,NA
2016-17,1610612750,MIN,203476,Gorgui Dieng,F-C,5,NA,2348782,NA
2017-18,1610612750,MIN,203476,Gorgui Dieng,C,5,NA,14112360,NA
2018-19,1610612750,MIN,203476,Gorgui Dieng,C,5,NA,15170787,NA
2019-20,1610612763,MEM,203476,Gorgui Dieng,C,14,NA,16229213,NA
2021-22,1610612737,ATL,203476,Gorgui Dieng,C,10,NA,4000000,NA
2022-23,1610612759,SAS,203476,Gorgui Dieng,C,41,Signed on 08/09/22,4105236,NA
2013-14,1610612745,HOU,203477,Isaiah Canaan,G,1,NA,570515,NA
2014-15,1610612755,PHI,203477,Isaiah Canaan,G,0,NA,816482,NA
2015-16,1610612755,PHI,203477,Isaiah Canaan,G,0,NA,947276,NA
2016-17,1610612741,CHI,203477,Isaiah Canaan,G,0,NA,1015696,NA
2013-14,1610612763,MEM,203479,Jamaal Franklin,G,22,NA,535000,NA
2014-15,1610612743,DEN,203479,Jamaal Franklin,G,22,NA,864510,NA
2013-14,1610612740,NOP,203480,James Southerland,F,31,NA,155704,NA
2013-14,1610612740,NOP,203481,Jeff Withey,C,5,NA,490180,NA
2014-15,1610612740,NOP,203481,Jeff Withey,C,5,NA,816482,NA
2015-16,1610612762,UTA,203481,Jeff Withey,C,24,NA,947276,NA
2016-17,1610612762,UTA,203481,Jeff Withey,C,24,NA,1015696,NA
2013-14,1610612738,BOS,203482,Kelly Olynyk,C-F,41,NA,1986360,NA
2014-15,1610612738,BOS,203482,Kelly Olynyk,C-F,41,NA,2075760,NA
2015-16,1610612738,BOS,203482,Kelly Olynyk,C-F,41,NA,2165160,NA
2016-17,1610612738,BOS,203482,Kelly Olynyk,C-F,41,NA,3094013,NA
2017-18,1610612748,MIA,203482,Kelly Olynyk,F-C,9,NA,12007169,NA
2018-19,1610612748,MIA,203482,Kelly Olynyk,F,9,NA,13537527,NA
2019-20,1610612748,MIA,203482,Kelly Olynyk,F-C,9,NA,12667885,NA
2020-21,1610612745,HOU,203482,Kelly Olynyk,F-C,41,NA,12819650,NA
2021-22,1610612765,DET,203482,Kelly Olynyk,F-C,13,NA,12195122,NA
2022-23,1610612762,UTA,203482,Kelly Olynyk,F-C,41,Traded from DET on 09/22/22,12804878,NA
2023-24,1610612762,UTA,203482,Kelly Olynyk,F-C,41,NA,12195122,NA
2024-25,1610612761,TOR,203482,Kelly Olynyk,F-C,41,Traded from UTA on 02/08/24,12804878,NA
2024-25,1610612740,NOP,203482,Kelly Olynyk,F-C,41,Traded from TOR on 12/02/25,12804878,2025-02-12
2013-14,1610612765,DET,203484,Kentavious Caldwell-Pope,G,5,NA,2653080,NA
2014-15,1610612765,DET,203484,Kentavious Caldwell-Pope,G,5,NA,2772480,NA
2015-16,1610612765,DET,203484,Kentavious Caldwell-Pope,G,5,NA,2891760,NA
2016-17,1610612765,DET,203484,Kentavious Caldwell-Pope,G,5,NA,3678319,NA
2017-18,1610612747,LAL,203484,Kentavious Caldwell-Pope,G,1,NA,17745894,NA
2018-19,1610612747,LAL,203484,Kentavious Caldwell-Pope,G,1,NA,12000000,NA
2019-20,1610612747,LAL,203484,Kentavious Caldwell-Pope,G,1,NA,8139282,NA
2020-21,1610612747,LAL,203484,Kentavious Caldwell-Pope,G,1,NA,12073020,NA
2021-22,1610612764,WAS,203484,Kentavious Caldwell-Pope,G,1,NA,13038862,NA
2022-23,1610612743,DEN,203484,Kentavious Caldwell-Pope,G,5,Traded from WAS on 07/06/22,14004703,NA
2023-24,1610612743,DEN,203484,Kentavious Caldwell-Pope,G,5,NA,14704938,NA
2024-25,1610612753,ORL,203484,Kentavious Caldwell-Pope,G,3,Signed on 07/06/24,22757000,NA
2014-15,1610612750,MIN,203485,Lorenzo Brown,G,7,NA,390082,NA
2015-16,1610612765,DET,203485,Lorenzo Brown,G,17,NA,222888,NA
2017-18,1610612761,TOR,203485,Lorenzo Brown,G,4,NA,77250,NA
2013-14,1610612751,BKN,203486,Mason Plumlee,F-C,1,NA,1298640,NA
2014-15,1610612751,BKN,203486,Mason Plumlee,C-F,1,NA,1357080,NA
2015-16,1610612757,POR,203486,Mason Plumlee,C-F,24,NA,1415520,NA
2016-17,1610612743,DEN,203486,Mason Plumlee,C,24,NA,2328530,NA
2017-18,1610612743,DEN,203486,Mason Plumlee,C-F,24,NA,14041096,NA
2018-19,1610612743,DEN,203486,Mason Plumlee,F-C,24,NA,12917808,NA
2019-20,1610612743,DEN,203486,Mason Plumlee,F-C,7,NA,14041096,NA
2020-21,1610612765,DET,203486,Mason Plumlee,F-C,24,NA,8000000,NA
2021-22,1610612766,CHA,203486,Mason Plumlee,F-C,24,NA,9248333,NA
2022-23,1610612766,CHA,203486,Mason Plumlee,F-C,44,NA,9080417,NA
2022-23,1610612746,LAC,203486,Mason Plumlee,F-C,44,Traded from CHA on 02/09/23,9080417,2023-02-09
2023-24,1610612746,LAC,203486,Mason Plumlee,F-C,44,NA,5000000,NA
2024-25,1610612756,PHX,203486,Mason Plumlee,F-C,44,Signed on 07/03/24,3303771,NA
2013-14,1610612755,PHI,203487,Michael Carter-Williams,G,1,NA,2200920,NA
2014-15,1610612749,MIL,203487,Michael Carter-Williams,G,5,NA,2300040,NA
2015-16,1610612749,MIL,203487,Michael Carter-Williams,G,5,NA,2399040,NA
2016-17,1610612741,CHI,203487,Michael Carter-Williams,G,7,NA,3183526,NA
2017-18,1610612766,CHA,203487,Michael Carter-Williams,G,10,NA,2700000,NA
2018-19,1610612753,ORL,203487,Michael Carter-Williams,G,7,Signed on 03/15/19,1468082,NA
2019-20,1610612753,ORL,203487,Michael Carter-Williams,G,7,NA,2028594,NA
2020-21,1610612753,ORL,203487,Michael Carter-Williams,G,7,NA,3300000,NA
2022-23,1610612753,ORL,203487,Michael Carter-Williams,G,11,NA,652829,NA
2013-14,1610612737,ATL,203488,Mike Muscala,C,31,NA,161471,NA
2014-15,1610612737,ATL,203488,Mike Muscala,F-C,31,NA,816482,NA
2015-16,1610612737,ATL,203488,Mike Muscala,F-C,31,NA,947276,NA
2016-17,1610612737,ATL,203488,Mike Muscala,F-C,31,NA,1015696,NA
2017-18,1610612737,ATL,203488,Mike Muscala,F-C,31,NA,5000000,NA
2018-19,1610612747,LAL,203488,Mike Muscala,F-C,31,NA,5000000,NA
2019-20,1610612760,OKC,203488,Mike Muscala,F-C,33,NA,2028594,NA
2020-21,1610612760,OKC,203488,Mike Muscala,F-C,33,NA,2283034,NA
2021-22,1610612760,OKC,203488,Mike Muscala,F-C,33,NA,3500000,NA
2022-23,1610612738,BOS,203488,Mike Muscala,F-C,57,NA,3500000,NA
2023-24,1610612764,WAS,203488,Mike Muscala,F-C,35,Traded from BOS on 06/23/23,4308297,NA
2013-14,1610612749,MIL,203489,Nate Wolters,G,6,NA,490180,NA
2013-14,1610612764,WAS,203490,Otto Porter Jr.,F,22,NA,NA,NA
2014-15,1610612764,WAS,203490,Otto Porter Jr.,F,22,NA,NA,NA
2015-16,1610612764,WAS,203490,Otto Porter Jr.,F,22,NA,NA,NA
2016-17,1610612764,WAS,203490,Otto Porter Jr.,F,22,NA,NA,NA
2017-18,1610612764,WAS,203490,Otto Porter Jr.,F,22,NA,NA,NA
2018-19,1610612741,CHI,203490,Otto Porter Jr.,F,22,NA,NA,NA
2019-20,1610612741,CHI,203490,Otto Porter Jr.,F,22,NA,NA,NA
2020-21,1610612753,ORL,203490,Otto Porter Jr.,F,22,NA,NA,NA
2021-22,1610612744,GSW,203490,Otto Porter Jr.,F,32,NA,NA,NA
2022-23,1610612761,TOR,203490,Otto Porter Jr.,F,32,Signed on 07/06/22,NA,NA
2023-24,1610612761,TOR,203490,Otto Porter Jr.,F,32,NA,NA,NA
2013-14,1610612765,DET,203491,Peyton Siva,G,34,NA,490180,NA
2013-14,1610612758,SAC,203492,Ray McCallum,G,3,NA,524616,NA
2014-15,1610612758,SAC,203492,Ray McCallum,G,3,NA,816482,NA
2013-14,1610612746,LAC,203493,Reggie Bullock,G,25,NA,1149000,NA
2014-15,1610612756,PHX,203493,Reggie Bullock,G,25,NA,1200720,NA
2015-16,1610612765,DET,203493,Reggie Bullock,F,25,NA,1252400,NA
2016-17,1610612765,DET,203493,Reggie Bullock,F,25,NA,2255644,NA
2017-18,1610612765,DET,203493,Reggie Bullock,G-F,25,NA,2500000,NA
2018-19,1610612747,LAL,203493,Reggie Bullock,G-F,35,NA,2500000,NA
2019-20,1610612752,NYK,203493,Reggie Bullock,G-F,25,NA,4000000,NA
2020-21,1610612752,NYK,203493,Reggie Bullock,G-F,25,NA,4200000,NA
2021-22,1610612742,DAL,203493,Reggie Bullock,G-F,25,Signed on 08/06/21,9536000,NA
2022-23,1610612742,DAL,203493,Reggie Bullock,G-F,25,NA,10012800,NA
2023-24,1610612745,HOU,203493,Reggie Bullock,G-F,25,Signed on 10/04/23,14210528,NA
2013-14,1610612742,DAL,203495,Ricky Ledo,G,7,NA,550000,NA
2014-15,1610612752,NYK,203495,Ricky Ledo,G,11,NA,960566,NA
2013-14,1610612745,HOU,203496,Robert Covington,F,33,NA,490180,NA
2014-15,1610612755,PHI,203496,Robert Covington,F,33,NA,1000000,NA
2015-16,1610612755,PHI,203496,Robert Covington,F,33,NA,1000000,NA
2016-17,1610612755,PHI,203496,Robert Covington,F,33,NA,1015696,NA
2017-18,1610612755,PHI,203496,Robert Covington,F,33,NA,16698103,NA
2018-19,1610612750,MIN,203496,Robert Covington,F,33,NA,10464092,NA
2019-20,1610612745,HOU,203496,Robert Covington,F,33,NA,11301219,NA
2020-21,1610612757,POR,203496,Robert Covington,F,23,NA,12138345,NA
2021-22,1610612757,POR,203496,Robert Covington,F,23,NA,12975471,NA
2021-22,1610612746,LAC,203496,Robert Covington,F,23,Traded from POR on 02/04/22,12975471,2022-02-04
2022-23,1610612746,LAC,203496,Robert Covington,F,23,NA,12307692,NA
2023-24,1610612746,LAC,203496,Robert Covington,F,23,NA,11692308,NA
2013-14,1610612762,UTA,203497,Rudy Gobert,C,27,NA,1078800,NA
2015-16,1610612762,UTA,203497,Rudy Gobert,C,27,NA,1175880,NA
2016-17,1610612762,UTA,203497,Rudy Gobert,C,27,NA,2121287,NA
2017-18,1610612762,UTA,203497,Rudy Gobert,C,27,NA,21224719,NA
2019-20,1610612762,UTA,203497,Rudy Gobert,C,27,NA,25258427,NA
2020-21,1610612762,UTA,203497,Rudy Gobert,C,27,NA,27525281,NA
2021-22,1610612762,UTA,203497,Rudy Gobert,C,27,NA,35344828,NA
2022-23,1610612750,MIN,203497,Rudy Gobert,C,27,Traded from UTA on 07/06/22,38172414,NA
2023-24,1610612750,MIN,203497,Rudy Gobert,C,27,NA,41000000,NA
2024-25,1610612750,MIN,203497,Rudy Gobert,C,27,NA,43827586,NA
2013-14,1610612750,MIN,203498,Shabazz Muhammad,F,15,NA,1887120,NA
2014-15,1610612750,MIN,203498,Shabazz Muhammad,F,15,NA,1971960,NA
2015-16,1610612750,MIN,203498,Shabazz Muhammad,F,15,NA,2056920,NA
2016-17,1610612750,MIN,203498,Shabazz Muhammad,F,15,NA,3046299,NA
2013-14,1610612752,NYK,203499,Shane Larkin,G,NA,NA,1536960,NA
2014-15,1610612752,NYK,203499,Shane Larkin,G,0,NA,1606080,NA
2015-16,1610612751,BKN,203499,Shane Larkin,G,0,NA,1500000,NA
2017-18,1610612738,BOS,203499,Shane Larkin,G,8,NA,1524305,NA
2013-14,1610612760,OKC,203500,Steven Adams,C,12,NA,2090880,NA
2014-15,1610612760,OKC,203500,Steven Adams,C,12,NA,2184960,NA
2015-16,1610612760,OKC,203500,Steven Adams,C,12,NA,2279040,NA
2016-17,1610612760,OKC,203500,Steven Adams,C,12,NA,3140517,NA
2017-18,1610612760,OKC,203500,Steven Adams,C,12,NA,22471911,NA
2018-19,1610612760,OKC,203500,Steven Adams,C,12,NA,24157304,NA
2019-20,1610612760,OKC,203500,Steven Adams,C,12,NA,25842697,NA
2020-21,1610612740,NOP,203500,Steven Adams,C,12,NA,29592695,NA
2021-22,1610612763,MEM,203500,Steven Adams,C,4,Traded from NOP on 08/07/21,17073171,NA
2022-23,1610612763,MEM,203500,Steven Adams,C,4,NA,17926829,NA
2023-24,1610612763,MEM,203500,Steven Adams,C,4,NA,12600000,NA
2024-25,1610612745,HOU,203500,Steven Adams,C,12,Traded from MEM on 02/01/24,12600000,NA
2013-14,1610612752,NYK,203501,Tim Hardaway Jr.,G,5,NA,NA,NA
2014-15,1610612752,NYK,203501,Tim Hardaway Jr.,G,5,NA,NA,NA
2015-16,1610612737,ATL,203501,Tim Hardaway Jr.,G,10,NA,NA,NA
2016-17,1610612737,ATL,203501,Tim Hardaway Jr.,G,10,NA,NA,NA
2017-18,1610612752,NYK,203501,Tim Hardaway Jr.,F-G,3,NA,NA,NA
2018-19,1610612752,NYK,203501,Tim Hardaway Jr.,G,11,NA,NA,NA
2018-19,1610612742,DAL,203501,Tim Hardaway Jr.,G,11,Traded from NYK on 01/31/19,NA,2019-01-31
2019-20,1610612742,DAL,203501,Tim Hardaway Jr.,G-F,11,NA,NA,NA
2020-21,1610612742,DAL,203501,Tim Hardaway Jr.,G-F,11,NA,NA,NA
2021-22,1610612742,DAL,203501,Tim Hardaway Jr.,G-F,11,NA,NA,NA
2022-23,1610612742,DAL,203501,Tim Hardaway Jr.,G-F,11,NA,NA,NA
2023-24,1610612742,DAL,203501,Tim Hardaway Jr.,G-F,11,NA,NA,NA
2024-25,1610612765,DET,203501,Tim Hardaway Jr.,G-F,8,Traded from DAL on 07/06/24,NA,NA
2013-14,1610612765,DET,203502,Tony Mitchell,F,9,NA,28834,NA
2013-14,1610612741,CHI,203503,Tony Snell,G,20,NA,1409040,NA
2014-15,1610612741,CHI,203503,Tony Snell,F,20,NA,1472400,NA
2015-16,1610612741,CHI,203503,Tony Snell,F,20,NA,1535880,NA
2016-17,1610612749,MIL,203503,Tony Snell,G-F,21,NA,2368327,NA
2018-19,1610612749,MIL,203503,Tony Snell,G,21,NA,10607143,NA
2019-20,1610612765,DET,203503,Tony Snell,G,17,NA,11392857,NA
2020-21,1610612737,ATL,203503,Tony Snell,G,19,NA,12178571,NA
2021-22,1610612740,NOP,203503,Tony Snell,G,21,NA,2389641,NA
2013-14,1610612762,UTA,203504,Trey Burke,G,3,NA,2438760,NA
2015-16,1610612762,UTA,203504,Trey Burke,G,3,NA,2658240,NA
2016-17,1610612764,WAS,203504,Trey Burke,G,33,NA,3386597,NA
2017-18,1610612752,NYK,203504,Trey Burke,G,23,NA,784160,NA
2018-19,1610612742,DAL,203504,Trey Burke,G,23,NA,1795015,NA
2019-20,1610612742,DAL,203504,Trey Burke,G,32,NA,229220,NA
2020-21,1610612742,DAL,203504,Trey Burke,G,3,NA,3000000,NA
2021-22,1610612742,DAL,203504,Trey Burke,G,3,NA,3150000,NA
2014-15,1610612747,LAL,203505,Vander Blue,G,12,NA,48028,NA
2013-14,1610612753,ORL,203506,Victor Oladipo,G,5,NA,4763760,NA
2014-15,1610612753,ORL,203506,Victor Oladipo,G,5,NA,4978200,NA
2016-17,1610612760,OKC,203506,Victor Oladipo,G,5,NA,6552960,NA
2017-18,1610612754,IND,203506,Victor Oladipo,G,4,NA,21000000,NA
2018-19,1610612754,IND,203506,Victor Oladipo,G,4,NA,21000000,NA
2019-20,1610612754,IND,203506,Victor Oladipo,G,4,NA,21000000,NA
2020-21,1610612748,MIA,203506,Victor Oladipo,G,4,NA,21000000,NA
2021-22,1610612748,MIA,203506,Victor Oladipo,G,4,NA,2389641,NA
2022-23,1610612748,MIA,203506,Victor Oladipo,G,4,NA,8750000,NA
2023-24,1610612760,OKC,203506,Victor Oladipo,G,NA,NA,9450000,NA
2013-14,1610612749,MIL,203507,Giannis Antetokounmpo,G-F,34,+ACM-15 Pick in 2013 Draft,1792560,NA
2014-15,1610612749,MIL,203507,Giannis Antetokounmpo,F,34,NA,1873200,NA
2015-16,1610612749,MIL,203507,Giannis Antetokounmpo,F,34,NA,1953960,NA
2016-17,1610612749,MIL,203507,Giannis Antetokounmpo,F-G,34,NA,2995420,NA
2018-19,1610612749,MIL,203507,Giannis Antetokounmpo,F,34,NA,24157304,NA
2019-20,1610612749,MIL,203507,Giannis Antetokounmpo,F,34,NA,25842697,NA
2020-21,1610612749,MIL,203507,Giannis Antetokounmpo,F,34,NA,27528088,NA
2021-22,1610612749,MIL,203507,Giannis Antetokounmpo,F,34,NA,39344900,NA
2022-23,1610612749,MIL,203507,Giannis Antetokounmpo,F,34,NA,42492492,NA
2023-24,1610612749,MIL,203507,Giannis Antetokounmpo,F,34,NA,45640084,NA
2024-25,1610612749,MIL,203507,Giannis Antetokounmpo,F,34,NA,48787676,NA
2013-14,1610612739,CLE,203508,Sergey Karasev,G,10,NA,1467840,NA
2014-15,1610612751,BKN,203508,Sergey Karasev,G-F,10,NA,1533840,NA
2015-16,1610612751,BKN,203508,Sergey Karasev,G-F,10,NA,1599840,NA
2013-14,1610612760,OKC,203511,Grant Jerrett,F,7,NA,NA,NA
2014-15,1610612761,TOR,203512,Lucas Nogueira,C,92,NA,1762680,NA
2015-16,1610612761,TOR,203512,Lucas Nogueira,C,92,NA,1842000,NA
2016-17,1610612761,TOR,203512,Lucas Nogueira,C,92,NA,1921320,NA
2017-18,1610612761,TOR,203512,Lucas Nogueira,C,92,NA,2947304,NA
2013-14,1610612762,UTA,203513,Erik Murphy,F,33,NA,455580,NA
2013-14,1610612738,BOS,203515,Phil Pressey,G,26,NA,490180,NA
2014-15,1610612738,BOS,203515,Phil Pressey,G,26,NA,816482,NA
2014-15,1610612748,MIA,203516,James Ennis III,F,32,NA,NA,NA
2015-16,1610612740,NOP,203516,James Ennis III,F,4,NA,NA,NA
2016-17,1610612763,MEM,203516,James Ennis III,F,8,NA,NA,NA
2017-18,1610612765,DET,203516,James Ennis III,F,33,NA,NA,NA
2018-19,1610612755,PHI,203516,James Ennis III,F,11,NA,NA,NA
2019-20,1610612753,ORL,203516,James Ennis III,F,11,NA,NA,NA
2020-21,1610612753,ORL,203516,James Ennis III,F,11,NA,NA,NA
2013-14,1610612744,GSW,203517,Nemanja Nedovic,G,8,NA,1056720,NA
2016-17,1610612760,OKC,203518,Alex Abrines,G-F,8,NA,5994764,NA
2017-18,1610612760,OKC,203518,Alex Abrines,G,8,NA,5725000,NA
2013-14,1610612755,PHI,203519,Adonis Thomas,G-F,7,NA,NA,NA
2013-14,1610612739,CLE,203521,Matthew Dellavedova,G,8,NA,490180,NA
2014-15,1610612739,CLE,203521,Matthew Dellavedova,G,8,NA,816482,NA
2015-16,1610612739,CLE,203521,Matthew Dellavedova,G,8,NA,1347276,NA
2016-17,1610612749,MIL,203521,Matthew Dellavedova,G,8,NA,9607500,NA
2018-19,1610612739,CLE,203521,Matthew Dellavedova,G,18,NA,9607500,NA
2019-20,1610612739,CLE,203521,Matthew Dellavedova,G,18,NA,9607500,NA
2020-21,1610612739,CLE,203521,Matthew Dellavedova,G,18,NA,2174318,NA
2013-14,1610612754,IND,203524,Solomon Hill,F,9,NA,1246680,NA
2014-15,1610612754,IND,203524,Solomon Hill,F,44,NA,1302840,NA
2015-16,1610612754,IND,203524,Solomon Hill,F,44,NA,1358880,NA
2016-17,1610612740,NOP,203524,Solomon Hill,F,44,NA,11709603,NA
2017-18,1610612740,NOP,203524,Solomon Hill,F,44,NA,12236535,NA
2018-19,1610612740,NOP,203524,Solomon Hill,F,44,NA,12763467,NA
2019-20,1610612748,MIA,203524,Solomon Hill,F,44,NA,13290395,NA
2020-21,1610612737,ATL,203524,Solomon Hill,F,18,NA,2174318,NA
2015-16,1610612762,UTA,203526,Raul Neto,G,25,NA,840000,NA
2016-17,1610612762,UTA,203526,Raul Neto,G,25,NA,877800,NA
2017-18,1610612762,UTA,203526,Raul Neto,G,25,NA,1471382,NA
2019-20,1610612755,PHI,203526,Raul Neto,G,19,NA,1737145,NA
2020-21,1610612764,WAS,203526,Raul Neto,G,19,NA,1882867,NA
2021-22,1610612764,WAS,203526,Raul Neto,G,19,NA,2089448,NA
2022-23,1610612739,CLE,203526,Raul Neto,G,19,Signed on 07/07/22,2463490,NA
2013-14,1610612747,LAL,203527,Ryan Kelly,F,4,NA,490180,NA
2014-15,1610612747,LAL,203527,Ryan Kelly,F,4,NA,1650000,NA
2015-16,1610612747,LAL,203527,Ryan Kelly,F,4,NA,1724250,NA
2016-17,1610612737,ATL,203527,Ryan Kelly,F,30,NA,713305,NA
2014-15,1610612743,DEN,203530,Joffrey Lauvergne,F-C,77,NA,1790281,NA
2015-16,1610612743,DEN,203530,Joffrey Lauvergne,C-F,77,NA,1709719,NA
2016-17,1610612741,CHI,203530,Joffrey Lauvergne,C-F,77,NA,1709719,NA
2017-18,1610612759,SAS,203530,Joffrey Lauvergne,C,77,NA,1524305,NA
2013-14,1610612742,DAL,203539,Gal Mekel,G,33,NA,490180,NA
2013-14,1610612765,DET,203540,Gigi Datome,F,13,NA,1750000,NA
2014-15,1610612738,BOS,203540,Gigi Datome,F,70,NA,1750000,NA
2013-14,1610612738,BOS,203543,Vitor Faverani,C,38,NA,2000000,NA
2013-14,1610612737,ATL,203544,Pero Antic,C,6,NA,1200000,NA
2014-15,1610612737,ATL,203544,Pero Antic,F-C,6,NA,1250000,NA
2013-14,1610612749,MIL,203545,Miroslav Raduljica,C,9,NA,490180,NA
2013-14,1610612762,UTA,203546,Ian Clark,G,21,NA,490180,NA
2014-15,1610612743,DEN,203546,Ian Clark,G,20,NA,816481,NA
2015-16,1610612744,GSW,203546,Ian Clark,G,21,NA,947276,NA
2016-17,1610612744,GSW,203546,Ian Clark,G,21,NA,1015696,NA
2017-18,1610612740,NOP,203546,Ian Clark,G,2,NA,1577230,NA
2018-19,1610612740,NOP,203546,Ian Clark,G,2,NA,1757429,NA
2015-16,1610612758,SAC,203552,Seth Curry,G,30,NA,947276,NA
2016-17,1610612742,DAL,203552,Seth Curry,G,30,NA,2898000,NA
2017-18,1610612742,DAL,203552,Seth Curry,G,30,NA,3028410,NA
2018-19,1610612757,POR,203552,Seth Curry,G,31,NA,2795000,NA
2019-20,1610612742,DAL,203552,Seth Curry,G,30,NA,7461380,NA
2020-21,1610612755,PHI,203552,Seth Curry,G,31,NA,7834449,NA
2021-22,1610612755,PHI,203552,Seth Curry,G,30,NA,8207518,NA
2021-22,1610612751,BKN,203552,Seth Curry,G,30,Traded from PHI on 02/10/22,8207518,2022-02-10
2022-23,1610612751,BKN,203552,Seth Curry,G,30,NA,8496653,NA
2023-24,1610612742,DAL,203552,Seth Curry,G,30,Signed on 07/14/23,4000000,NA
2024-25,1610612766,CHA,203552,Seth Curry,G,30,Traded from DAL on 02/08/24,3303771,NA
2013-14,1610612755,PHI,203561,Brandon Davies,F,20,NA,490180,NA
2018-19,1610612765,DET,203564,Kalin Lucas,G,24,NA,648008,NA
2013-14,1610612738,BOS,203569,Chris Babb,G,52,NA,138403,NA
2014-15,1610612738,BOS,203569,Chris Babb,G,52,NA,48028,NA
2017-18,1610612740,NOP,203580,Larry Drew II,G,1,NA,222474,NA
2013-14,1610612745,HOU,203584,Troy Daniels,G,30,NA,158587,NA
2014-15,1610612766,CHA,203584,Troy Daniels,G,30,NA,816482,NA
2015-16,1610612766,CHA,203584,Troy Daniels,G,30,NA,947276,NA
2016-17,1610612763,MEM,203584,Troy Daniels,G,30,NA,3332940,NA
2017-18,1610612756,PHX,203584,Troy Daniels,G,30,NA,3408520,NA
2018-19,1610612756,PHX,203584,Troy Daniels,G,30,NA,3258539,NA
2019-20,1610612743,DEN,203584,Troy Daniels,G,30,NA,458439,NA
2016-17,1610612748,MIA,203585,Rodney McGruder,G,17,NA,543471,NA
2017-18,1610612748,MIA,203585,Rodney McGruder,G-F,17,NA,1312611,NA
2018-19,1610612746,LAC,203585,Rodney McGruder,F-G,19,NA,1544951,NA
2019-20,1610612746,LAC,203585,Rodney McGruder,G,19,NA,4807693,NA
2020-21,1610612765,DET,203585,Rodney McGruder,G,17,NA,5192307,NA
2021-22,1610612765,DET,203585,Rodney McGruder,G,17,NA,1939350,NA
2022-23,1610612765,DET,203585,Rodney McGruder,G,17,NA,2298385,NA
2023-24,1610612744,GSW,203585,Rodney McGruder,G,19,Signed on 09/28/23,NA,NA
2015-16,1610612759,SAS,203613,Jonathon Simmons,G-F,17,NA,525093,NA
2016-17,1610612759,SAS,203613,Jonathon Simmons,G-F,17,NA,874636,NA
2017-18,1610612753,ORL,203613,Jonathon Simmons,F,17,NA,6300000,NA
2018-19,1610612755,PHI,203613,Jonathon Simmons,F,14,NA,6000000,NA
2019-20,1610612749,MIL,203648,Thanasis Antetokounmpo,F,43,Signed on 07/16/19,1445697,NA
2020-21,1610612749,MIL,203648,Thanasis Antetokounmpo,F,43,NA,1701593,NA
2021-22,1610612749,MIL,203648,Thanasis Antetokounmpo,F,43,NA,1729217,NA
2022-23,1610612749,MIL,203648,Thanasis Antetokounmpo,F,43,NA,1878720,NA
2023-24,1610612749,MIL,203648,Thanasis Antetokounmpo,F,43,NA,2346614,NA
2019-20,1610612755,PHI,203658,Norvel Pelle,F,14,NA,350189,NA
2020-21,1610612752,NYK,203658,Norvel Pelle,C,14,NA,1014905,NA
2017-18,1610612765,DET,203687,Reggie Hearn,G,38,NA,77250,NA
2017-18,1610612737,ATL,203705,Josh Magette,G,11,NA,77250,NA
2017-18,1610612746,LAC,203710,C.J. Williams,F-G,9,NA,NA,NA
2018-19,1610612750,MIN,203710,C.J. Williams,G,12,NA,NA,NA
2014-15,1610612766,CHA,203798,PJ Hairston,G-F,19,NA,1149720,NA
2015-16,1610612763,MEM,203798,PJ Hairston,F-G,19,NA,1201440,NA
2013-14,1610612755,PHI,203810,Casper Ware,G,17,NA,69201,NA
2013-14,1610612739,CLE,203816,Scotty Hopson,G,24,NA,1350000,NA
2014-15,1610612763,MEM,203893,Russ Smith,G,2,NA,507336,NA
2014-15,1610612748,MIA,203894,Shabazz Napier,G,13,NA,1238640,NA
2016-17,1610612757,POR,203894,Shabazz Napier,G,6,NA,1350120,NA
2017-18,1610612757,POR,203894,Shabazz Napier,G,6,NA,2361359,NA
2018-19,1610612751,BKN,203894,Shabazz Napier,G,13,NA,1942422,NA
2019-20,1610612764,WAS,203894,Shabazz Napier,G,5,NA,1845301,NA
2015-16,1610612739,CLE,203895,Jordan McRae,G,12,NA,172971,NA
2018-19,1610612764,WAS,203895,Jordan McRae,G,52,NA,77250,NA
2019-20,1610612765,DET,203895,Jordan McRae,G,52,NA,1254933,NA
2014-15,1610612750,MIN,203897,Zach LaVine,G,8,NA,2055840,NA
2015-16,1610612750,MIN,203897,Zach LaVine,G,8,NA,2148360,NA
2016-17,1610612750,MIN,203897,Zach LaVine,G,8,NA,2240880,NA
2017-18,1610612741,CHI,203897,Zach LaVine,G,8,Traded from MIN on 06/22/17,3202217,NA
2018-19,1610612741,CHI,203897,Zach LaVine,G,8,NA,19500000,NA
2019-20,1610612741,CHI,203897,Zach LaVine,G-F,8,NA,19500000,NA
2020-21,1610612741,CHI,203897,Zach LaVine,G-F,8,NA,19500000,NA
2021-22,1610612741,CHI,203897,Zach LaVine,G-F,8,NA,19500000,NA
2022-23,1610612741,CHI,203897,Zach LaVine,G,8,NA,37096500,NA
2023-24,1610612741,CHI,203897,Zach LaVine,G,8,NA,40064220,NA
2024-25,1610612741,CHI,203897,Zach LaVine,G,8,NA,44531940,NA
2024-25,1610612758,SAC,203897,Zach LaVine,G,8,Traded from CHI on 05/02/25,44531940,2025-02-05
2014-15,1610612749,MIL,203898,Tyler Ennis,G,11,NA,1590720,NA
2015-16,1610612749,MIL,203898,Tyler Ennis,G,11,NA,1662360,NA
2016-17,1610612747,LAL,203898,Tyler Ennis,G,11,NA,1733880,NA
2017-18,1610612747,LAL,203898,Tyler Ennis,G,10,NA,1524305,NA
2014-15,1610612751,BKN,203900,Markel Brown,G,22,NA,507336,NA
2015-16,1610612751,BKN,203900,Markel Brown,G,22,NA,845059,NA
2017-18,1610612745,HOU,203900,Markel Brown,G,26,NA,77250,NA
2014-15,1610612753,ORL,203901,Elfrid Payton,G,4,NA,2397840,NA
2016-17,1610612753,ORL,203901,Elfrid Payton,G,4,NA,2613600,NA
2017-18,1610612756,PHX,203901,Elfrid Payton,G,2,NA,3332340,NA
2018-19,1610612740,NOP,203901,Elfrid Payton,G,4,NA,3000000,NA
2019-20,1610612752,NYK,203901,Elfrid Payton,G,6,NA,8000000,NA
2020-21,1610612752,NYK,203901,Elfrid Payton,G,6,NA,4767000,NA
2021-22,1610612756,PHX,203901,Elfrid Payton,G,2,NA,2239544,NA
2016-17,1610612760,OKC,203902,Semaj Christon,G,6,NA,543471,NA
2014-15,1610612747,LAL,203903,Jordan Clarkson,G,6,NA,507336,NA
2015-16,1610612747,LAL,203903,Jordan Clarkson,G,6,NA,845059,NA
2016-17,1610612747,LAL,203903,Jordan Clarkson,G,6,NA,12500000,NA
2017-18,1610612739,CLE,203903,Jordan Clarkson,G,8,NA,11562500,NA
2018-19,1610612739,CLE,203903,Jordan Clarkson,G,8,NA,12500000,NA
2019-20,1610612739,CLE,203903,Jordan Clarkson,G,0,NA,13437500,NA
2019-20,1610612762,UTA,203903,Jordan Clarkson,G,0,Traded from CLE on 12/23/19,13437500,2019-12-23
2020-21,1610612762,UTA,203903,Jordan Clarkson,G,0,NA,11500000,NA
2021-22,1610612762,UTA,203903,Jordan Clarkson,G,0,NA,12420000,NA
2022-23,1610612762,UTA,203903,Jordan Clarkson,G,0,NA,13340000,NA
2023-24,1610612762,UTA,203903,Jordan Clarkson,G,0,NA,23487629,NA
2024-25,1610612762,UTA,203903,Jordan Clarkson,G,0,NA,14092577,NA
2014-15,1610612753,ORL,203906,Devyn Marble,F,11,NA,884879,NA
2014-15,1610612745,HOU,203909,KJ McDaniels,G-F,32,NA,507336,NA
2015-16,1610612745,HOU,203909,KJ McDaniels,G-F,32,NA,3189794,NA
2016-17,1610612751,BKN,203909,KJ McDaniels,G-F,14,NA,3333333,NA
2014-15,1610612745,HOU,203910,Nick Johnson,G,3,NA,507336,NA
2014-15,1610612746,LAC,203912,C.J. Wilcox,G,30,NA,NA,NA
2015-16,1610612746,LAC,203912,C.J. Wilcox,G,30,NA,NA,NA
2017-18,1610612757,POR,203912,C.J. Wilcox,G,23,NA,NA,NA
2014-15,1610612747,LAL,203913,Jabari Brown,G,15,NA,104450,NA
2014-15,1610612743,DEN,203914,Gary Harris,G,14,NA,1519200,NA
2015-16,1610612743,DEN,203914,Gary Harris,G,14,NA,1587480,NA
2016-17,1610612743,DEN,203914,Gary Harris,G,14,NA,1655880,NA
2017-18,1610612743,DEN,203914,Gary Harris,G,14,NA,2550055,NA
2018-19,1610612743,DEN,203914,Gary Harris,G,14,NA,16517857,NA
2019-20,1610612743,DEN,203914,Gary Harris,G,14,NA,18189286,NA
2020-21,1610612743,DEN,203914,Gary Harris,G,14,NA,19610714,NA
2020-21,1610612753,ORL,203914,Gary Harris,G,14,Traded from DEN on 03/25/21,19610714,2021-03-25
2021-22,1610612753,ORL,203914,Gary Harris,G,14,NA,20932143,NA
2022-23,1610612753,ORL,203914,Gary Harris,G,14,NA,13000000,NA
2023-24,1610612753,ORL,203914,Gary Harris,G,14,NA,13000000,NA
2024-25,1610612753,ORL,203914,Gary Harris,G,14,NA,7500000,NA
2014-15,1610612765,DET,203915,Spencer Dinwiddie,G,8,NA,700000,NA
2015-16,1610612765,DET,203915,Spencer Dinwiddie,G,8,NA,845059,NA
2016-17,1610612751,BKN,203915,Spencer Dinwiddie,G,8,NA,726672,NA
2017-18,1610612751,BKN,203915,Spencer Dinwiddie,G,8,NA,1524305,NA
2018-19,1610612751,BKN,203915,Spencer Dinwiddie,G,8,NA,1656092,NA
2019-20,1610612751,BKN,203915,Spencer Dinwiddie,G,26,NA,10605600,NA
2020-21,1610612751,BKN,203915,Spencer Dinwiddie,G,26,NA,11454048,NA
2022-23,1610612751,BKN,203915,Spencer Dinwiddie,G,26,NA,19500000,NA
2023-24,1610612751,BKN,203915,Spencer Dinwiddie,G,26,NA,20411797,NA
2024-25,1610612742,DAL,203915,Spencer Dinwiddie,G,26,Signed on 08/02/24,3303771,NA
2014-15,1610612758,SAC,203917,Nik Stauskas,G,10,NA,2745840,NA
2015-16,1610612755,PHI,203917,Nik Stauskas,G,11,NA,2869440,NA
2016-17,1610612755,PHI,203917,Nik Stauskas,G,11,NA,2993040,NA
2017-18,1610612751,BKN,203917,Nik Stauskas,G,2,NA,3807146,NA
2018-19,1610612739,CLE,203917,Nik Stauskas,G,1,NA,2161886,NA
2021-22,1610612738,BOS,203917,Nik Stauskas,G,13,NA,534993,NA
2015-16,1610612762,UTA,203918,Rodney Hood,G,5,NA,1348440,NA
2016-17,1610612762,UTA,203918,Rodney Hood,G,5,NA,1406520,NA
2017-18,1610612739,CLE,203918,Rodney Hood,G,1,NA,2386864,NA
2018-19,1610612757,POR,203918,Rodney Hood,G,5,NA,3472887,NA
2019-20,1610612757,POR,203918,Rodney Hood,G-F,5,NA,5718000,NA
2020-21,1610612761,TOR,203918,Rodney Hood,G-F,32,NA,10047450,NA
2021-22,1610612746,LAC,203918,Rodney Hood,G-F,22,NA,2239544,NA
2014-15,1610612763,MEM,203919,Jordan Adams,G,3,NA,1344120,NA
2015-16,1610612763,MEM,203919,Jordan Adams,G,3,NA,1404600,NA
2017-18,1610612753,ORL,203920,Khem Birch,C,24,NA,815615,NA
2018-19,1610612753,ORL,203920,Khem Birch,C,24,NA,1378242,NA
2019-20,1610612753,ORL,203920,Khem Birch,C,24,NA,3000000,NA
2020-21,1610612761,TOR,203920,Khem Birch,C,24,NA,3011499,NA
2021-22,1610612761,TOR,203920,Khem Birch,C,24,NA,6350000,NA
2022-23,1610612761,TOR,203920,Khem Birch,C,24,NA,6667500,NA
2022-23,1610612759,SAS,203920,Khem Birch,C,24,Traded from TOR on 02/09/23,6667500,2023-02-09
2023-24,1610612759,SAS,203920,Khem Birch,C,24,NA,6985000,NA
2014-15,1610612752,NYK,203921,Cleanthony Early,F,17,NA,507336,NA
2015-16,1610612752,NYK,203921,Cleanthony Early,F,11,NA,845059,NA
2014-15,1610612755,PHI,203922,Glenn Robinson III,G-F,1,NA,507336,NA
2015-16,1610612754,IND,203922,Glenn Robinson III,G-F,40,NA,1100000,NA
2016-17,1610612754,IND,203922,Glenn Robinson III,G-F,40,NA,1050500,NA
2017-18,1610612754,IND,203922,Glenn Robinson III,G-F,40,NA,1524305,NA
2018-19,1610612765,DET,203922,Glenn Robinson III,G-F,22,NA,4075000,NA
2019-20,1610612755,PHI,203922,Glenn Robinson III,F,40,NA,1882867,NA
2014-15,1610612738,BOS,203923,James Young,G-F,13,NA,1674480,NA
2015-16,1610612738,BOS,203923,James Young,G-F,13,NA,1749840,NA
2016-17,1610612738,BOS,203923,James Young,G-F,13,NA,1825200,NA
2014-15,1610612755,PHI,203924,Jerami Grant,F,39,NA,884879,NA
2015-16,1610612755,PHI,203924,Jerami Grant,F,39,NA,845059,NA
2016-17,1610612760,OKC,203924,Jerami Grant,F,9,NA,980431,NA
2017-18,1610612760,OKC,203924,Jerami Grant,F,9,NA,1524305,NA
2018-19,1610612760,OKC,203924,Jerami Grant,F,9,NA,8333333,NA
2019-20,1610612743,DEN,203924,Jerami Grant,F,9,NA,9346153,NA
2020-21,1610612765,DET,203924,Jerami Grant,F,9,NA,19050000,NA
2021-22,1610612765,DET,203924,Jerami Grant,F,9,NA,20002500,NA
2022-23,1610612757,POR,203924,Jerami Grant,F,9,Traded from DET on 07/06/22,20955000,NA
2023-24,1610612757,POR,203924,Jerami Grant,F,9,NA,27586207,NA
2024-25,1610612757,POR,203924,Jerami Grant,F,9,NA,29793104,NA
2014-15,1610612739,CLE,203925,Joe Harris,G,12,NA,884879,NA
2016-17,1610612751,BKN,203925,Joe Harris,F-G,12,NA,980431,NA
2017-18,1610612751,BKN,203925,Joe Harris,F-G,12,NA,1524305,NA
2018-19,1610612751,BKN,203925,Joe Harris,F-G,12,NA,8333333,NA
2019-20,1610612751,BKN,203925,Joe Harris,G-F,12,NA,7666667,NA
2020-21,1610612751,BKN,203925,Joe Harris,G-F,12,NA,16071429,NA
2021-22,1610612751,BKN,203925,Joe Harris,G-F,12,NA,17357143,NA
2022-23,1610612751,BKN,203925,Joe Harris,G-F,12,NA,18642857,NA
2023-24,1610612765,DET,203925,Joe Harris,G-F,31,Traded from BKN on 07/06/23,19928571,NA
2014-15,1610612741,CHI,203926,Doug McDermott,F,3,NA,2277960,NA
2015-16,1610612741,CHI,203926,Doug McDermott,F,3,NA,2380440,NA
2016-17,1610612760,OKC,203926,Doug McDermott,F,25,NA,2483040,NA
2017-18,1610612742,DAL,203926,Doug McDermott,F,20,NA,3294994,NA
2018-19,1610612754,IND,203926,Doug McDermott,F,20,NA,7333334,NA
2019-20,1610612754,IND,203926,Doug McDermott,F,20,NA,7333333,NA
2020-21,1610612754,IND,203926,Doug McDermott,F,20,NA,7333333,NA
2021-22,1610612759,SAS,203926,Doug McDermott,F,17,Traded from IND on 08/07/21,13750000,NA
2022-23,1610612759,SAS,203926,Doug McDermott,F,17,NA,13750000,NA
2023-24,1610612759,SAS,203926,Doug McDermott,F,17,NA,14000000,NA
2024-25,1610612758,SAC,203926,Doug McDermott,F,20,Signed on 10/16/24,3303771,NA
2014-15,1610612751,BKN,203928,Cory Jefferson,F,21,NA,507336,NA
2015-16,1610612751,BKN,203930,Sean Kilpatrick,G,6,NA,320594,NA
2016-17,1610612751,BKN,203930,Sean Kilpatrick,G,6,NA,980431,NA
2017-18,1610612741,CHI,203930,Sean Kilpatrick,G,0,NA,4774445,NA
2014-15,1610612753,ORL,203932,Aaron Gordon,F,0,NA,3992040,NA
2016-17,1610612753,ORL,203932,Aaron Gordon,F,0,NA,4351320,NA
2017-18,1610612753,ORL,203932,Aaron Gordon,F,0,NA,5504419,NA
2018-19,1610612753,ORL,203932,Aaron Gordon,F,0,NA,21590909,NA
2019-20,1610612753,ORL,203932,Aaron Gordon,F,0,NA,19863636,NA
2020-21,1610612753,ORL,203932,Aaron Gordon,F,50,NA,18136364,NA
2020-21,1610612743,DEN,203932,Aaron Gordon,F,50,Traded from ORL on 03/25/21,18136364,2021-03-25
2021-22,1610612743,DEN,203932,Aaron Gordon,F,50,NA,16409091,NA
2022-23,1610612743,DEN,203932,Aaron Gordon,F,50,NA,20690909,NA
2023-24,1610612743,DEN,203932,Aaron Gordon,F,50,NA,21266182,NA
2024-25,1610612743,DEN,203932,Aaron Gordon,F,32,NA,22841455,NA
2014-15,1610612756,PHX,203933,T.J. Warren,F,12,NA,NA,NA
2015-16,1610612756,PHX,203933,T.J. Warren,F,12,NA,NA,NA
2016-17,1610612756,PHX,203933,T.J. Warren,F,12,NA,NA,NA
2017-18,1610612756,PHX,203933,T.J. Warren,F,12,NA,NA,NA
2018-19,1610612756,PHX,203933,T.J. Warren,F,12,NA,NA,NA
2019-20,1610612754,IND,203933,T.J. Warren,F,1,NA,NA,NA
2020-21,1610612754,IND,203933,T.J. Warren,F,1,NA,NA,NA
2021-22,1610612754,IND,203933,T.J. Warren,F,1,NA,NA,NA
2022-23,1610612751,BKN,203933,T.J. Warren,F,21,NA,NA,NA
2022-23,1610612756,PHX,203933,T.J. Warren,F,21,NA,NA,2023-02-09
2024-25,1610612752,NYK,203933,T.J. Warren,F,24,Signed on 10/03/24,NA,NA
2015-16,1610612737,ATL,203934,Lamar Patterson,G-F,13,NA,525093,NA
2014-15,1610612738,BOS,203935,Marcus Smart,G,36,NA,3283320,NA
2015-16,1610612738,BOS,203935,Marcus Smart,G,36,NA,3431040,NA
2016-17,1610612738,BOS,203935,Marcus Smart,G,36,NA,3578880,NA
2017-18,1610612738,BOS,203935,Marcus Smart,G,36,NA,4538019,NA
2018-19,1610612738,BOS,203935,Marcus Smart,G,36,NA,11160716,NA
2019-20,1610612738,BOS,203935,Marcus Smart,G,36,NA,12553571,NA
2020-21,1610612738,BOS,203935,Marcus Smart,G,36,NA,12946428,NA
2021-22,1610612738,BOS,203935,Marcus Smart,G,36,NA,13839285,NA
2022-23,1610612738,BOS,203935,Marcus Smart,G,36,NA,17207142,NA
2023-24,1610612763,MEM,203935,Marcus Smart,G,36,Traded from BOS on 06/23/23,18583713,NA
2024-25,1610612763,MEM,203935,Marcus Smart,G,36,NA,20210285,NA
2024-25,1610612764,WAS,203935,Marcus Smart,G,36,Traded from MEM on 21/02/25,20210285,2025-02-21
2014-15,1610612759,SAS,203937,Kyle Anderson,F,1,NA,1093680,NA
2015-16,1610612759,SAS,203937,Kyle Anderson,F,1,NA,1142880,NA
2016-17,1610612759,SAS,203937,Kyle Anderson,G-F,1,NA,1192080,NA
2017-18,1610612759,SAS,203937,Kyle Anderson,F,1,NA,2151704,NA
2018-19,1610612763,MEM,203937,Kyle Anderson,F,1,NA,8641000,NA
2019-20,1610612763,MEM,203937,Kyle Anderson,F-G,1,NA,9073050,NA
2020-21,1610612763,MEM,203937,Kyle Anderson,F-G,1,NA,9505100,NA
2021-22,1610612763,MEM,203937,Kyle Anderson,F-G,1,NA,9937150,NA
2022-23,1610612750,MIN,203937,Kyle Anderson,F-G,5,Signed on 07/07/22,8780488,NA
2023-24,1610612750,MIN,203937,Kyle Anderson,F-G,5,NA,9219512,NA
2024-25,1610612744,GSW,203937,Kyle Anderson,F-G,1,Traded from MIN on 07/06/24,8780488,NA
2024-25,1610612748,MIA,203937,Kyle Anderson,F-G,1,Traded from GSW on 10/02/25,8780488,2025-02-10
2014-15,1610612738,BOS,203939,Dwight Powell,F,8,NA,507336,NA
2014-15,1610612742,DAL,203939,Dwight Powell,F,8,Traded from BOS on 12/18/14,507336,2014-12-18
2015-16,1610612742,DAL,203939,Dwight Powell,F-C,7,NA,845059,NA
2016-17,1610612742,DAL,203939,Dwight Powell,F-C,7,NA,8375000,NA
2017-18,1610612742,DAL,203939,Dwight Powell,C-F,7,NA,9003125,NA
2018-19,1610612742,DAL,203939,Dwight Powell,F-C,7,NA,9631250,NA
2019-20,1610612742,DAL,203939,Dwight Powell,F-C,7,NA,10259375,NA
2020-21,1610612742,DAL,203939,Dwight Powell,F-C,7,NA,11080125,NA
2021-22,1610612742,DAL,203939,Dwight Powell,F-C,7,NA,11080125,NA
2022-23,1610612742,DAL,203939,Dwight Powell,F-C,7,NA,11080125,NA
2023-24,1610612742,DAL,203939,Dwight Powell,F-C,7,NA,4000000,NA
2024-25,1610612742,DAL,203939,Dwight Powell,F-C,7,NA,4000000,NA
2014-15,1610612750,MIN,203940,Adreian Payne,F-C,3,NA,1855320,NA
2015-16,1610612750,MIN,203940,Adreian Payne,F,33,NA,1938840,NA
2016-17,1610612750,MIN,203940,Adreian Payne,F,33,NA,2022240,NA
2014-15,1610612766,CHA,203943,Noah Vonleh,F,11,NA,2524200,NA
2015-16,1610612757,POR,203943,Noah Vonleh,F,21,NA,2637720,NA
2016-17,1610612757,POR,203943,Noah Vonleh,F,21,NA,2751360,NA
2017-18,1610612741,CHI,203943,Noah Vonleh,F,30,NA,4031018,NA
2018-19,1610612752,NYK,203943,Noah Vonleh,F,32,NA,1621415,NA
2019-20,1610612743,DEN,203943,Noah Vonleh,F,32,NA,2000000,NA
2014-15,1610612747,LAL,203944,Julius Randle,F,30,NA,2997360,NA
2015-16,1610612747,LAL,203944,Julius Randle,F,30,NA,3132240,NA
2016-17,1610612747,LAL,203944,Julius Randle,F,30,NA,3267120,NA
2017-18,1610612747,LAL,203944,Julius Randle,F-C,30,NA,4149242,NA
2018-19,1610612740,NOP,203944,Julius Randle,C-F,30,NA,8641000,NA
2019-20,1610612752,NYK,203944,Julius Randle,F-C,30,Signed on 07/08/19,18000000,NA
2020-21,1610612752,NYK,203944,Julius Randle,F-C,30,NA,19845000,NA
2022-23,1610612752,NYK,203944,Julius Randle,F-C,30,NA,23760000,NA
2023-24,1610612752,NYK,203944,Julius Randle,F-C,30,NA,26943840,NA
2024-25,1610612750,MIN,203944,Julius Randle,F-C,30,Traded from NYK on 10/02/24,33073920,NA
2014-15,1610612741,CHI,203946,Cameron Bairstow,F-C,41,NA,507336,NA
2015-16,1610612741,CHI,203946,Cameron Bairstow,F-C,41,NA,845059,NA
2014-15,1610612749,MIL,203948,Johnny O'Bryant III,F,3,NA,NA,NA
2015-16,1610612749,MIL,203948,Johnny O'Bryant III,F-C,77,NA,NA,NA
2016-17,1610612766,CHA,203948,Johnny O'Bryant III,F-C,8,NA,NA,NA
2014-15,1610612744,GSW,203949,James Michael McAdoo,F,20,NA,259634,NA
2015-16,1610612744,GSW,203949,James Michael McAdoo,F,20,NA,845059,NA
2016-17,1610612744,GSW,203949,James Michael McAdoo,F,20,NA,980431,NA
2014-15,1610612763,MEM,203950,Jarnell Stokes,F-C,1,NA,507336,NA
2014-15,1610612750,MIN,203952,Andrew Wiggins,F-G,22,NA,5510640,NA
2015-16,1610612750,MIN,203952,Andrew Wiggins,G-F,22,NA,5758680,NA
2016-17,1610612750,MIN,203952,Andrew Wiggins,F,22,NA,6006600,NA
2017-18,1610612750,MIN,203952,Andrew Wiggins,F,22,NA,7574322,NA
2018-19,1610612750,MIN,203952,Andrew Wiggins,F-G,22,NA,25467250,NA
2019-20,1610612750,MIN,203952,Andrew Wiggins,F,22,NA,27504630,NA
2019-20,1610612744,GSW,203952,Andrew Wiggins,F,22,Traded from MIN on 02/06/20,27504630,2020-02-06
2020-21,1610612744,GSW,203952,Andrew Wiggins,F,22,NA,29542010,NA
2021-22,1610612744,GSW,203952,Andrew Wiggins,F,22,NA,31579390,NA
2022-23,1610612744,GSW,203952,Andrew Wiggins,F,22,NA,33616770,NA
2023-24,1610612744,GSW,203952,Andrew Wiggins,F,22,NA,24330357,NA
2024-25,1610612744,GSW,203952,Andrew Wiggins,F,22,NA,26276786,NA
2024-25,1610612748,MIA,203952,Andrew Wiggins,F,22,Traded from GSW on 10/02/25,26276786,2025-02-10
2014-15,1610612749,MIL,203953,Jabari Parker,F,12,NA,4930560,NA
2015-16,1610612749,MIL,203953,Jabari Parker,F,12,NA,5152440,NA
2016-17,1610612749,MIL,203953,Jabari Parker,F,12,NA,5374320,NA
2018-19,1610612764,WAS,203953,Jabari Parker,F,12,NA,20000000,NA
2020-21,1610612738,BOS,203953,Jabari Parker,F,20,NA,6930729,NA
2014-15,1610612755,PHI,203954,Joel Embiid,C,21,+ACM-3 Pick in 2014 Draft,4427640,NA
2015-16,1610612755,PHI,203954,Joel Embiid,C,21,NA,4626960,NA
2016-17,1610612755,PHI,203954,Joel Embiid,C,21,NA,4826160,NA
2017-18,1610612755,PHI,203954,Joel Embiid,C,21,NA,6100266,NA
2018-19,1610612755,PHI,203954,Joel Embiid,F-C,21,NA,25467250,NA
2019-20,1610612755,PHI,203954,Joel Embiid,C-F,21,NA,27504630,NA
2020-21,1610612755,PHI,203954,Joel Embiid,C-F,21,NA,29542010,NA
2021-22,1610612755,PHI,203954,Joel Embiid,C-F,21,NA,31579390,NA
2022-23,1610612755,PHI,203954,Joel Embiid,C-F,21,NA,33616770,NA
2023-24,1610612755,PHI,203954,Joel Embiid,C-F,21,NA,47607350,NA
2024-25,1610612755,PHI,203954,Joel Embiid,C-F,21,NA,51415938,NA
2015-16,1610612763,MEM,203955,Bryce Cotton,G,8,NA,99418,NA
2014-15,1610612760,OKC,203956,Mitch McGary,F,33,NA,1400040,NA
2015-16,1610612760,OKC,203956,Mitch McGary,F,33,NA,1463040,NA
2015-16,1610612762,UTA,203957,Danté Exum,G,11,NA,3777720,NA
2016-17,1610612762,UTA,203957,Danté Exum,G,11,NA,3940320,NA
2017-18,1610612762,UTA,203957,Danté Exum,G,11,NA,4992385,NA
2019-20,1610612739,CLE,203957,Danté Exum,G,1,NA,9600000,NA
2020-21,1610612745,HOU,203957,Danté Exum,G,5,NA,9600000,NA
2023-24,1610612742,DAL,203957,Danté Exum,G,0,Signed on 07/14/23,3000000,NA
2024-25,1610612742,DAL,203957,Danté Exum,G,0,NA,NA,NA
2014-15,1610612755,PHI,203960,JaKarr Sampson,G-F,9,NA,507336,NA
2015-16,1610612743,DEN,203960,JaKarr Sampson,G-F,9,NA,1103547,NA
2017-18,1610612758,SAC,203960,JaKarr Sampson,F,29,NA,77250,NA
2019-20,1610612754,IND,203960,JaKarr Sampson,F,14,NA,1737145,NA
2020-21,1610612754,IND,203960,JaKarr Sampson,F,14,NA,1882867,NA
2014-15,1610612758,SAC,203961,Eric Moreland,F,25,NA,507336,NA
2015-16,1610612758,SAC,203961,Eric Moreland,F-C,25,NA,845059,NA
2017-18,1610612765,DET,203961,Eric Moreland,F-C,24,NA,1740000,NA
2018-19,1610612761,TOR,203961,Eric Moreland,F-C,15,NA,309859,NA
2015-16,1610612760,OKC,203962,Josh Huestis,F,34,NA,1140240,NA
2016-17,1610612760,OKC,203962,Josh Huestis,F,34,NA,1191480,NA
2017-18,1610612760,OKC,203962,Josh Huestis,G,34,NA,1471382,NA
2014-15,1610612754,IND,203963,Shayne Whittington,F-C,42,NA,507336,NA
2015-16,1610612754,IND,203963,Shayne Whittington,F-C,42,NA,845059,NA
2016-17,1610612755,PHI,203967,Dario Šarić,F,9,NA,2318280,NA
2017-18,1610612755,PHI,203967,Dario Šarić,F,9,NA,2422560,NA
2018-19,1610612750,MIN,203967,Dario Šarić,F,36,NA,2526840,NA
2019-20,1610612756,PHX,203967,Dario Šarić,F,20,NA,3481985,NA
2020-21,1610612756,PHX,203967,Dario Šarić,F-C,20,NA,9250000,NA
2021-22,1610612756,PHX,203967,Dario Šarić,F-C,20,NA,8510000,NA
2022-23,1610612760,OKC,203967,Dario Šarić,F-C,9,NA,9240000,NA
2023-24,1610612744,GSW,203967,Dario Šarić,F-C,20,Signed on 07/12/23,2709849,NA
2024-25,1610612743,DEN,203967,Dario Šarić,F-C,9,Signed on 07/12/24,NA,NA
2014-15,1610612745,HOU,203991,Clint Capela,C,15,NA,1189200,NA
2015-16,1610612745,HOU,203991,Clint Capela,F-C,15,NA,1242720,NA
2016-17,1610612745,HOU,203991,Clint Capela,C,15,NA,1296240,NA
2017-18,1610612745,HOU,203991,Clint Capela,C,15,NA,2334528,NA
2018-19,1610612745,HOU,203991,Clint Capela,C,15,NA,15793104,NA
2019-20,1610612745,HOU,203991,Clint Capela,C,15,NA,16896552,NA
2019-20,1610612737,ATL,203991,Clint Capela,C,15,Traded from HOU on 02/05/20,16896552,2020-02-05
2020-21,1610612737,ATL,203991,Clint Capela,C,15,NA,18000000,NA
2021-22,1610612737,ATL,203991,Clint Capela,C,15,NA,17603448,NA
2022-23,1610612737,ATL,203991,Clint Capela,C,15,NA,18206896,NA
2023-24,1610612737,ATL,203991,Clint Capela,C,15,NA,20616000,NA
2024-25,1610612737,ATL,203991,Clint Capela,C,15,NA,22265280,NA
2017-18,1610612758,SAC,203992,Bogdan Bogdanović,G,8,NA,9470614,NA
2018-19,1610612758,SAC,203992,Bogdan Bogdanović,G,8,NA,9000000,NA
2020-21,1610612737,ATL,203992,Bogdan Bogdanović,G,13,Signed on 11/25/20,18000000,NA
2021-22,1610612737,ATL,203992,Bogdan Bogdanović,G,13,NA,18000000,NA
2022-23,1610612737,ATL,203992,Bogdan Bogdanović,G,13,NA,18000000,NA
2023-24,1610612737,ATL,203992,Bogdan Bogdanović,G,13,NA,18700000,NA
2024-25,1610612737,ATL,203992,Bogdan Bogdanović,G,13,NA,NA,NA
2024-25,1610612746,LAC,203992,Bogdan Bogdanović,G,13,Traded from ATL on 12/02/25,NA,2025-02-12
2014-15,1610612743,DEN,203994,Jusuf Nurkić,C,23,NA,1762680,NA
2015-16,1610612743,DEN,203994,Jusuf Nurkić,C,23,NA,1842000,NA
2016-17,1610612743,DEN,203994,Jusuf Nurkić,C,27,NA,1921320,NA
2016-17,1610612757,POR,203994,Jusuf Nurkić,C,27,Traded from DEN on 02/13/17,1921320,2017-02-13
2017-18,1610612757,POR,203994,Jusuf Nurkić,C,27,NA,2947304,NA
2018-19,1610612757,POR,203994,Jusuf Nurkić,C,27,NA,11111111,NA
2019-20,1610612757,POR,203994,Jusuf Nurkić,C,27,NA,12000000,NA
2020-21,1610612757,POR,203994,Jusuf Nurkić,C,27,NA,12888889,NA
2021-22,1610612757,POR,203994,Jusuf Nurkić,C,27,NA,12000000,NA
2022-23,1610612757,POR,203994,Jusuf Nurkić,C,27,NA,15625000,NA
2023-24,1610612756,PHX,203994,Jusuf Nurkić,C,27,Traded from POR on 09/27/23,16875000,NA
2024-25,1610612756,PHX,203994,Jusuf Nurkić,C,20,NA,NA,NA
2024-25,1610612766,CHA,203994,Jusuf Nurkić,C,20,Traded from PHX on 09/02/25,NA,2025-02-09
2023-24,1610612760,OKC,203995,Vasilije Micić,G,NA,NA,7723000,NA
2024-25,1610612766,CHA,203995,Vasilije Micić,G,22,Traded from OKC on 02/08/24,NA,NA
2024-25,1610612756,PHX,203995,Vasilije Micić,G,22,Traded from CHA on 12/02/25,NA,2025-02-12
2014-15,1610612749,MIL,203996,Damien Inglis,F,17,NA,820000,NA
2015-16,1610612749,MIL,203996,Damien Inglis,F,17,NA,855000,NA
2014-15,1610612761,TOR,203998,Bruno Caboclo,F,5,NA,1458360,NA
2015-16,1610612761,TOR,203998,Bruno Caboclo,F,20,NA,1524000,NA
2016-17,1610612761,TOR,203998,Bruno Caboclo,F,20,NA,1589640,NA
2017-18,1610612758,SAC,203998,Bruno Caboclo,F,22,NA,2451224,NA
2018-19,1610612763,MEM,203998,Bruno Caboclo,F,5,NA,705361,NA
2019-20,1610612745,HOU,203998,Bruno Caboclo,F,5,NA,1845301,NA
2015-16,1610612743,DEN,203999,Nikola Jokić,C,15,+ACM-41 Pick in 2014 Draft,1300000,NA
2016-17,1610612743,DEN,203999,Nikola Jokić,F-C,15,NA,1358500,NA
2017-18,1610612743,DEN,203999,Nikola Jokić,C,15,NA,1471382,NA
2018-19,1610612743,DEN,203999,Nikola Jokić,C,15,NA,25467250,NA
2019-20,1610612743,DEN,203999,Nikola Jokić,C,15,NA,27504630,NA
2020-21,1610612743,DEN,203999,Nikola Jokić,C,15,NA,29542010,NA
2021-22,1610612743,DEN,203999,Nikola Jokić,C,15,NA,31044906,NA
2022-23,1610612743,DEN,203999,Nikola Jokić,C,15,NA,33047803,NA
2023-24,1610612743,DEN,203999,Nikola Jokić,C,15,NA,47607350,NA
2024-25,1610612743,DEN,203999,Nikola Jokić,C,15,NA,NA,NA
2015-16,1610612752,NYK,204001,Kristaps Porziņģis,F-C,6,NA,4131720,NA
2016-17,1610612752,NYK,204001,Kristaps Porziņģis,F,6,NA,4317720,NA
2017-18,1610612752,NYK,204001,Kristaps Porziņģis,F-C,6,NA,4503600,NA
2018-19,1610612742,DAL,204001,Kristaps Porziņģis,F-C,6,NA,5697054,NA
2019-20,1610612742,DAL,204001,Kristaps Porziņģis,F-C,6,NA,27285000,NA
2020-21,1610612742,DAL,204001,Kristaps Porziņģis,F-C,6,NA,29467800,NA
2021-22,1610612764,WAS,204001,Kristaps Porziņģis,F-C,6,NA,31650600,NA
2022-23,1610612764,WAS,204001,Kristaps Porziņģis,F-C,6,NA,33833400,NA
2023-24,1610612738,BOS,204001,Kristaps Porziņģis,F-C,6,Traded from WAS on 06/23/23,36016200,NA
2024-25,1610612738,BOS,204001,Kristaps Porziņģis,F-C,8,NA,NA,NA
2015-16,1610612737,ATL,204002,Edy Tavares,C,22,NA,NA,NA
2016-17,1610612739,CLE,204002,Edy Tavares,C,40,NA,NA,NA
2014-15,1610612754,IND,204014,Damjan Rudez,F,9,NA,1100000,NA
2015-16,1610612750,MIN,204014,Damjan Rudez,F,10,NA,1149500,NA
2016-17,1610612753,ORL,204014,Damjan Rudez,F,3,NA,980431,NA
2014-15,1610612748,MIA,204020,Tyler Johnson,G,8,NA,280526,NA
2015-16,1610612748,MIA,204020,Tyler Johnson,G,8,NA,845059,NA
2016-17,1610612748,MIA,204020,Tyler Johnson,G,8,NA,5628000,NA
2017-18,1610612748,MIA,204020,Tyler Johnson,G,8,NA,5821260,NA
2018-19,1610612756,PHX,204020,Tyler Johnson,G,16,NA,19245370,NA
2019-20,1610612751,BKN,204020,Tyler Johnson,G,8,NA,183115,NA
2020-21,1610612751,BKN,204020,Tyler Johnson,G,10,NA,2028594,NA
2017-18,1610612758,SAC,204022,Jack Cooley,C-F,45,NA,77250,NA
2014-15,1610612757,POR,204025,Tim Frazier,G,10,NA,107435,NA
2015-16,1610612740,NOP,204025,Tim Frazier,G,2,NA,989216,NA
2016-17,1610612740,NOP,204025,Tim Frazier,G,2,NA,2090000,NA
2017-18,1610612764,WAS,204025,Tim Frazier,G,8,NA,2000000,NA
2018-19,1610612749,MIL,204025,Tim Frazier,G,12,NA,1832107,NA
2020-21,1610612763,MEM,204025,Tim Frazier,G,10,NA,597463,NA
2014-15,1610612747,LAL,204028,Tarik Black,C-F,28,NA,507336,NA
2015-16,1610612747,LAL,204028,Tarik Black,C-F,28,NA,845059,NA
2016-17,1610612747,LAL,204028,Tarik Black,C-F,28,NA,6191000,NA
2017-18,1610612745,HOU,204028,Tarik Black,F-C,28,NA,3290000,NA
2014-15,1610612752,NYK,204037,Travis Wear,F,6,NA,507336,NA
2017-18,1610612747,LAL,204037,Travis Wear,F,21,NA,304051,NA
2014-15,1610612752,NYK,204038,Langston Galloway,G,2,NA,295455,NA
2015-16,1610612752,NYK,204038,Langston Galloway,G,2,NA,845059,NA
2016-17,1610612758,SAC,204038,Langston Galloway,G,9,NA,5200000,NA
2017-18,1610612765,DET,204038,Langston Galloway,G,9,NA,6666667,NA
2018-19,1610612765,DET,204038,Langston Galloway,G,9,NA,7000000,NA
2019-20,1610612765,DET,204038,Langston Galloway,G,9,NA,7333333,NA
2020-21,1610612756,PHX,204038,Langston Galloway,G,2,NA,2028594,NA
2014-15,1610612748,MIA,204054,Zoran Dragic,G-F,12,NA,1756500,NA
2015-16,1610612762,UTA,204060,Joe Ingles,F,2,NA,2100000,NA
2016-17,1610612762,UTA,204060,Joe Ingles,F,2,NA,2100000,NA
2017-18,1610612762,UTA,204060,Joe Ingles,F,2,NA,13636364,NA
2019-20,1610612762,UTA,204060,Joe Ingles,F-G,2,NA,11454546,NA
2020-21,1610612762,UTA,204060,Joe Ingles,F-G,2,NA,10363637,NA
2021-22,1610612757,POR,204060,Joe Ingles,F-G,0,NA,13036364,NA
2022-23,1610612749,MIL,204060,Joe Ingles,F-G,7,NA,6479000,NA
2023-24,1610612753,ORL,204060,Joe Ingles,F-G,7,Signed on 07/07/23,11000000,NA
2024-25,1610612750,MIN,204060,Joe Ingles,F-G,7,Signed on 07/06/24,3303771,NA
2014-15,1610612758,SAC,204065,David Stockton,G,9,NA,59686,NA
2017-18,1610612762,UTA,204065,David Stockton,G,5,NA,192812,NA
2015-16,1610612738,BOS,204066,John Holland,G-F,30,NA,9266,NA
2015-16,1610612764,WAS,204067,Jarell Eddie,G-F,8,NA,349032,NA
2017-18,1610612741,CHI,204067,Jarell Eddie,G-F,31,NA,166256,NA
2015-16,1610612763,MEM,204098,Xavier Munford,G,14,NA,123548,NA
2015-16,1610612755,PHI,204456,T.J. McConnell,G,12,NA,NA,NA
2016-17,1610612755,PHI,204456,T.J. McConnell,G,1,NA,NA,NA
2017-18,1610612755,PHI,204456,T.J. McConnell,G,12,NA,NA,NA
2018-19,1610612755,PHI,204456,T.J. McConnell,G,12,NA,NA,NA
2019-20,1610612754,IND,204456,T.J. McConnell,G,9,Signed on 07/29/19,NA,NA
2020-21,1610612754,IND,204456,T.J. McConnell,G,9,NA,NA,NA
2021-22,1610612754,IND,204456,T.J. McConnell,G,9,NA,NA,NA
2022-23,1610612754,IND,204456,T.J. McConnell,G,9,NA,NA,NA
2023-24,1610612754,IND,204456,T.J. McConnell,G,9,NA,NA,NA
2024-25,1610612754,IND,204456,T.J. McConnell,G,9,NA,NA,NA
2015-16,1610612755,PHI,1626143,Jahlil Okafor,C,8,NA,4582680,NA
2016-17,1610612755,PHI,1626143,Jahlil Okafor,C,8,NA,4788840,NA
2017-18,1610612751,BKN,1626143,Jahlil Okafor,C,4,NA,4995120,NA
2018-19,1610612740,NOP,1626143,Jahlil Okafor,C,8,NA,1567007,NA
2019-20,1610612740,NOP,1626143,Jahlil Okafor,C-F,9,NA,1702486,NA
2020-21,1610612765,DET,1626143,Jahlil Okafor,C-F,13,NA,1882867,NA
2015-16,1610612743,DEN,1626144,Emmanuel Mudiay,G,0,NA,3102240,NA
2016-17,1610612743,DEN,1626144,Emmanuel Mudiay,G,0,NA,3241800,NA
2017-18,1610612752,NYK,1626144,Emmanuel Mudiay,G,1,NA,3381480,NA
2018-19,1610612752,NYK,1626144,Emmanuel Mudiay,G,1,NA,4294479,NA
2019-20,1610612762,UTA,1626144,Emmanuel Mudiay,G,15,NA,1737145,NA
2015-16,1610612750,MIN,1626145,Tyus Jones,G,1,NA,1282080,NA
2016-17,1610612750,MIN,1626145,Tyus Jones,G,1,NA,1339680,NA
2017-18,1610612750,MIN,1626145,Tyus Jones,G,1,NA,1471382,NA
2018-19,1610612750,MIN,1626145,Tyus Jones,G,1,NA,2444052,NA
2019-20,1610612763,MEM,1626145,Tyus Jones,G,21,NA,10116000,NA
2020-21,1610612763,MEM,1626145,Tyus Jones,G,21,NA,8817143,NA
2021-22,1610612763,MEM,1626145,Tyus Jones,G,21,NA,8376286,NA
2022-23,1610612763,MEM,1626145,Tyus Jones,G,21,NA,15000000,NA
2023-24,1610612764,WAS,1626145,Tyus Jones,G,5,Traded from MEM on 06/23/23,14000000,NA
2024-25,1610612756,PHX,1626145,Tyus Jones,G,5,Signed on 07/29/24,3003427,NA
2015-16,1610612757,POR,1626146,Cliff Alexander,F,34,NA,525093,NA
2015-16,1610612742,DAL,1626147,Justin Anderson,G-F,1,NA,1449000,NA
2016-17,1610612755,PHI,1626147,Justin Anderson,G-F,23,NA,1514160,NA
2017-18,1610612755,PHI,1626147,Justin Anderson,G-F,1,NA,1579440,NA
2018-19,1610612737,ATL,1626147,Justin Anderson,G-F,1,NA,2516047,NA
2019-20,1610612751,BKN,1626147,Justin Anderson,F-G,10,NA,NA,NA
2015-16,1610612747,LAL,1626148,Anthony Brown,F,3,NA,525093,NA
2017-18,1610612750,MIN,1626148,Anthony Brown,F-G,3,NA,77250,NA
2015-16,1610612745,HOU,1626149,Montrezl Harrell,F,35,NA,1000000,NA
2016-17,1610612745,HOU,1626149,Montrezl Harrell,F,5,NA,1045000,NA
2017-18,1610612746,LAC,1626149,Montrezl Harrell,F-C,5,NA,1471382,NA
2018-19,1610612746,LAC,1626149,Montrezl Harrell,F-C,5,NA,6000000,NA
2019-20,1610612746,LAC,1626149,Montrezl Harrell,F-C,5,NA,6000000,NA
2020-21,1610612747,LAL,1626149,Montrezl Harrell,F-C,15,NA,9258000,NA
2021-22,1610612766,CHA,1626149,Montrezl Harrell,F-C,8,NA,9720900,NA
2022-23,1610612755,PHI,1626149,Montrezl Harrell,F-C,5,Signed on 09/13/22,2463490,NA
2023-24,1610612755,PHI,1626149,Montrezl Harrell,F-C,5,NA,2019706,NA
2016-17,1610612763,MEM,1626150,Andrew Harrison,G,5,NA,945000,NA
2017-18,1610612763,MEM,1626150,Andrew Harrison,G,5,NA,1312611,NA
2015-16,1610612766,CHA,1626151,Aaron Harrison,G,9,NA,525093,NA
2017-18,1610612742,DAL,1626151,Aaron Harrison,G,9,NA,174570,NA
2015-16,1610612761,TOR,1626153,Delon Wright,G,55,NA,1509360,NA
2016-17,1610612761,TOR,1626153,Delon Wright,G,55,NA,1577280,NA
2017-18,1610612761,TOR,1626153,Delon Wright,G,55,NA,1645200,NA
2018-19,1610612763,MEM,1626153,Delon Wright,G,2,NA,2536898,NA
2019-20,1610612742,DAL,1626153,Delon Wright,G,55,NA,9473684,NA
2020-21,1610612758,SAC,1626153,Delon Wright,G,55,NA,9000000,NA
2021-22,1610612737,ATL,1626153,Delon Wright,G,0,NA,8526316,NA
2022-23,1610612764,WAS,1626153,Delon Wright,G,55,Signed on 07/06/22,7804878,NA
2023-24,1610612764,WAS,1626153,Delon Wright,G,55,NA,8195122,NA
2024-25,1610612749,MIL,1626153,Delon Wright,G,55,Signed on 07/06/24,3003427,NA
2024-25,1610612752,NYK,1626153,Delon Wright,G,55,Traded from MIL on 08/02/25,3003427,2025-02-08
2015-16,1610612738,BOS,1626154,RJ Hunter,G,28,NA,1148640,NA
2017-18,1610612745,HOU,1626154,RJ Hunter,G,2,NA,77250,NA
2018-19,1610612738,BOS,1626154,RJ Hunter,G,28,NA,77250,NA
2023-24,1610612766,CHA,1626154,RJ Hunter,G,28,Signed on 09/29/23,NA,NA
2015-16,1610612745,HOU,1626155,Sam Dekker,F,7,NA,1646400,NA
2016-17,1610612745,HOU,1626155,Sam Dekker,F,7,NA,1720560,NA
2017-18,1610612746,LAC,1626155,Sam Dekker,F,7,NA,1794600,NA
2018-19,1610612764,WAS,1626155,Sam Dekker,F,8,NA,2760094,NA
2015-16,1610612747,LAL,1626156,D'Angelo Russell,G,1,NA,5103120,NA
2016-17,1610612747,LAL,1626156,D'Angelo Russell,G,1,NA,5332800,NA
2017-18,1610612751,BKN,1626156,D'Angelo Russell,G,1,NA,5562360,NA
2018-19,1610612751,BKN,1626156,D'Angelo Russell,G,1,NA,7019698,NA
2019-20,1610612750,MIN,1626156,D'Angelo Russell,G,0,NA,27285000,NA
2020-21,1610612750,MIN,1626156,D'Angelo Russell,G,0,NA,28649250,NA
2021-22,1610612750,MIN,1626156,D'Angelo Russell,G,0,NA,30013500,NA
2022-23,1610612750,MIN,1626156,D'Angelo Russell,G,1,NA,31377750,NA
2022-23,1610612747,LAL,1626156,D'Angelo Russell,G,1,Traded from MIN on 02/09/23,31377750,2023-02-09
2023-24,1610612747,LAL,1626156,D'Angelo Russell,G,1,NA,17307693,NA
2024-25,1610612747,LAL,1626156,D'Angelo Russell,G,1,NA,18692307,NA
2024-25,1610612751,BKN,1626156,D'Angelo Russell,G,1,Traded from LAL on 01/01/25,18692307,2025-01-01
2015-16,1610612750,MIN,1626157,Karl-Anthony Towns,C-F,32,+ACM-1 Pick in 2015 Draft,5703600,NA
2016-17,1610612750,MIN,1626157,Karl-Anthony Towns,C,32,NA,5960160,NA
2017-18,1610612750,MIN,1626157,Karl-Anthony Towns,C,32,NA,6216840,NA
2018-19,1610612750,MIN,1626157,Karl-Anthony Towns,C,32,NA,7839435,NA
2019-20,1610612750,MIN,1626157,Karl-Anthony Towns,C-F,32,NA,27285000,NA
2020-21,1610612750,MIN,1626157,Karl-Anthony Towns,C-F,32,NA,29467800,NA
2021-22,1610612750,MIN,1626157,Karl-Anthony Towns,C-F,32,NA,31650600,NA
2022-23,1610612750,MIN,1626157,Karl-Anthony Towns,C-F,32,NA,33833400,NA
2023-24,1610612750,MIN,1626157,Karl-Anthony Towns,C-F,32,NA,36016200,NA
2024-25,1610612752,NYK,1626157,Karl-Anthony Towns,C-F,32,Traded from MIN on 10/02/24,49205800,NA
2015-16,1610612755,PHI,1626158,Richaun Holmes,F,22,NA,1075000,NA
2016-17,1610612755,PHI,1626158,Richaun Holmes,F,22,NA,1024000,NA
2017-18,1610612755,PHI,1626158,Richaun Holmes,F-C,22,NA,1471382,NA
2018-19,1610612756,PHX,1626158,Richaun Holmes,F-C,21,NA,1600520,NA
2020-21,1610612758,SAC,1626158,Richaun Holmes,F,22,NA,5005350,NA
2021-22,1610612758,SAC,1626158,Richaun Holmes,F,22,NA,10384500,NA
2023-24,1610612742,DAL,1626158,Richaun Holmes,F,20,Traded from SAC on 07/06/23,12046020,NA
2024-25,1610612764,WAS,1626158,Richaun Holmes,F,22,Traded from DAL on 02/08/24,12648321,NA
2015-16,1610612748,MIA,1626159,Justise Winslow,F,20,NA,2481720,NA
2016-17,1610612748,MIA,1626159,Justise Winslow,F,20,NA,2593440,NA
2017-18,1610612748,MIA,1626159,Justise Winslow,F-G,20,NA,2705040,NA
2018-19,1610612748,MIA,1626159,Justise Winslow,F-G,20,NA,3448926,NA
2019-20,1610612763,MEM,1626159,Justise Winslow,F-G,7,NA,13000000,NA
2020-21,1610612763,MEM,1626159,Justise Winslow,F-G,7,NA,13000000,NA
2021-22,1610612746,LAC,1626159,Justise Winslow,F-G,26,NA,3902439,NA
2021-22,1610612757,POR,1626159,Justise Winslow,F-G,26,Traded from LAC on 02/04/22,3902439,2022-02-04
2022-23,1610612757,POR,1626159,Justise Winslow,F-G,26,NA,4097561,NA
2015-16,1610612758,SAC,1626161,Willie Cauley-Stein,C,0,NA,3398280,NA
2016-17,1610612758,SAC,1626161,Willie Cauley-Stein,C,0,NA,3551160,NA
2017-18,1610612758,SAC,1626161,Willie Cauley-Stein,C,0,NA,3704160,NA
2018-19,1610612758,SAC,1626161,Willie Cauley-Stein,C,0,NA,4696874,NA
2019-20,1610612742,DAL,1626161,Willie Cauley-Stein,C,33,NA,2177483,NA
2020-21,1610612742,DAL,1626161,Willie Cauley-Stein,C,33,NA,4100000,NA
2022-23,1610612745,HOU,1626161,Willie Cauley-Stein,C,0,NA,155738,NA
2015-16,1610612764,WAS,1626162,Kelly Oubre Jr.,F,12,NA,NA,NA
2016-17,1610612764,WAS,1626162,Kelly Oubre Jr.,F,12,NA,NA,NA
2017-18,1610612764,WAS,1626162,Kelly Oubre Jr.,F,12,NA,NA,NA
2018-19,1610612756,PHX,1626162,Kelly Oubre Jr.,F,3,NA,NA,NA
2019-20,1610612756,PHX,1626162,Kelly Oubre Jr.,F-G,3,NA,NA,NA
2020-21,1610612744,GSW,1626162,Kelly Oubre Jr.,F-G,12,NA,NA,NA
2021-22,1610612766,CHA,1626162,Kelly Oubre Jr.,F-G,12,Signed on 08/07/21,NA,NA
2022-23,1610612766,CHA,1626162,Kelly Oubre Jr.,F-G,12,NA,NA,NA
2023-24,1610612755,PHI,1626162,Kelly Oubre Jr.,F-G,9,Signed on 09/26/23,NA,NA
2024-25,1610612755,PHI,1626162,Kelly Oubre Jr.,F-G,9,NA,NA,NA
2015-16,1610612766,CHA,1626163,Frank Kaminsky,C,44,NA,2612520,NA
2016-17,1610612766,CHA,1626163,Frank Kaminsky,C,44,NA,2730000,NA
2017-18,1610612766,CHA,1626163,Frank Kaminsky,F-C,44,NA,2847600,NA
2018-19,1610612766,CHA,1626163,Frank Kaminsky,F-C,44,NA,3627842,NA
2019-20,1610612756,PHX,1626163,Frank Kaminsky,F-C,8,NA,4767000,NA
2020-21,1610612756,PHX,1626163,Frank Kaminsky,F-C,8,NA,1737145,NA
2022-23,1610612745,HOU,1626163,Frank Kaminsky,F-C,33,NA,2463490,NA
2024-25,1610612756,PHX,1626163,Frank Kaminsky,F-C,33,Signed on 09/26/24,NA,NA
2015-16,1610612756,PHX,1626164,Devin Booker,G,1,+ACM-13 Pick in 2015 Draft,2055840,NA
2016-17,1610612756,PHX,1626164,Devin Booker,G,1,NA,2223600,NA
2017-18,1610612756,PHX,1626164,Devin Booker,G,1,NA,2319360,NA
2018-19,1610612756,PHX,1626164,Devin Booker,G,1,NA,3314365,NA
2019-20,1610612756,PHX,1626164,Devin Booker,G,1,NA,27285000,NA
2020-21,1610612756,PHX,1626164,Devin Booker,G,1,NA,29467800,NA
2021-22,1610612756,PHX,1626164,Devin Booker,G,1,NA,31650600,NA
2022-23,1610612756,PHX,1626164,Devin Booker,G,1,NA,33833400,NA
2023-24,1610612756,PHX,1626164,Devin Booker,G,1,NA,36016200,NA
2024-25,1610612756,PHX,1626164,Devin Booker,G,1,NA,49205800,NA
2015-16,1610612760,OKC,1626166,Cameron Payne,G,22,NA,2021520,NA
2016-17,1610612741,CHI,1626166,Cameron Payne,G,22,NA,2112480,NA
2017-18,1610612741,CHI,1626166,Cameron Payne,G,22,NA,2203440,NA
2019-20,1610612756,PHX,1626166,Cameron Payne,G,15,Signed on 06/30/20,196288,NA
2020-21,1610612756,PHX,1626166,Cameron Payne,G,15,NA,1977011,NA
2021-22,1610612756,PHX,1626166,Cameron Payne,G,15,NA,6500000,NA
2022-23,1610612756,PHX,1626166,Cameron Payne,G,15,NA,6000000,NA
2023-24,1610612749,MIL,1626166,Cameron Payne,G,15,Signed on 10/01/23,9391467,NA
2024-25,1610612752,NYK,1626166,Cameron Payne,G,22,Signed on 07/15/24,3003427,NA
2015-16,1610612754,IND,1626167,Myles Turner,F-C,33,+ACM-11 Pick in 2015 Draft,2277960,NA
2016-17,1610612754,IND,1626167,Myles Turner,C,33,NA,2380440,NA
2017-18,1610612754,IND,1626167,Myles Turner,C,33,NA,2483040,NA
2018-19,1610612754,IND,1626167,Myles Turner,C-F,33,NA,3294994,NA
2019-20,1610612754,IND,1626167,Myles Turner,C-F,33,NA,18000000,NA
2020-21,1610612754,IND,1626167,Myles Turner,C-F,33,NA,18000000,NA
2021-22,1610612754,IND,1626167,Myles Turner,C-F,33,NA,18000000,NA
2022-23,1610612754,IND,1626167,Myles Turner,C-F,33,NA,35096500,NA
2023-24,1610612754,IND,1626167,Myles Turner,C-F,33,NA,20975000,NA
2024-25,1610612754,IND,1626167,Myles Turner,C-F,33,NA,19928500,NA
2015-16,1610612762,UTA,1626168,Trey Lyles,F,41,NA,2239800,NA
2016-17,1610612762,UTA,1626168,Trey Lyles,F,41,NA,2340600,NA
2017-18,1610612743,DEN,1626168,Trey Lyles,F,7,NA,2441400,NA
2018-19,1610612743,DEN,1626168,Trey Lyles,F,7,NA,3364249,NA
2019-20,1610612759,SAS,1626168,Trey Lyles,F,41,NA,5500000,NA
2021-22,1610612765,DET,1626168,Trey Lyles,F,41,NA,2500000,NA
2021-22,1610612758,SAC,1626168,Trey Lyles,F,41,Traded from DET on 02/10/22,2500000,2022-02-10
2023-24,1610612758,SAC,1626168,Trey Lyles,F,41,NA,8000000,NA
2024-25,1610612758,SAC,1626168,Trey Lyles,F,41,NA,8000000,NA
2015-16,1610612765,DET,1626169,Stanley Johnson,F,7,NA,2841960,NA
2016-17,1610612765,DET,1626169,Stanley Johnson,F,7,NA,2969880,NA
2017-18,1610612765,DET,1626169,Stanley Johnson,F,7,NA,3097800,NA
2018-19,1610612740,NOP,1626169,Stanley Johnson,F,3,NA,3940401,NA
2019-20,1610612761,TOR,1626169,Stanley Johnson,F-G,5,NA,3623000,NA
2020-21,1610612761,TOR,1626169,Stanley Johnson,F-G,5,NA,3804150,NA
2021-22,1610612747,LAL,1626169,Stanley Johnson,F-G,14,NA,1368998,NA
2015-16,1610612752,NYK,1626170,Jerian Grant,G,13,NA,1572360,NA
2016-17,1610612741,CHI,1626170,Jerian Grant,G,2,NA,1643040,NA
2017-18,1610612741,CHI,1626170,Jerian Grant,G,2,NA,1713840,NA
2018-19,1610612753,ORL,1626170,Jerian Grant,G,22,NA,2639313,NA
2019-20,1610612764,WAS,1626170,Jerian Grant,G,22,NA,196288,NA
2015-16,1610612741,CHI,1626171,Bobby Portis,F,5,NA,1344120,NA
2016-17,1610612741,CHI,1626171,Bobby Portis,F,5,NA,1404600,NA
2017-18,1610612741,CHI,1626171,Bobby Portis,F,5,NA,1516320,NA
2018-19,1610612764,WAS,1626171,Bobby Portis,F,5,NA,2494346,NA
2019-20,1610612752,NYK,1626171,Bobby Portis,F,1,NA,15000000,NA
2020-21,1610612749,MIL,1626171,Bobby Portis,F,9,Signed on 11/24/20,3623000,NA
2021-22,1610612749,MIL,1626171,Bobby Portis,F,9,NA,4347600,NA
2022-23,1610612749,MIL,1626171,Bobby Portis,F,9,NA,10843350,NA
2023-24,1610612749,MIL,1626171,Bobby Portis,F,9,NA,11710818,NA
2024-25,1610612749,MIL,1626171,Bobby Portis,F,9,NA,12578286,NA
2015-16,1610612744,GSW,1626172,Kevon Looney,F,36,+ACM-30 Pick in 2015 Draft,1131960,NA
2016-17,1610612744,GSW,1626172,Kevon Looney,F,5,NA,1182840,NA
2017-18,1610612744,GSW,1626172,Kevon Looney,F,5,NA,1471382,NA
2018-19,1610612744,GSW,1626172,Kevon Looney,C-F,5,NA,1567007,NA
2019-20,1610612744,GSW,1626172,Kevon Looney,F,5,NA,4464286,NA
2020-21,1610612744,GSW,1626172,Kevon Looney,F,5,NA,4821429,NA
2021-22,1610612744,GSW,1626172,Kevon Looney,F,5,NA,5178572,NA
2022-23,1610612744,GSW,1626172,Kevon Looney,F,5,NA,8000000,NA
2023-24,1610612744,GSW,1626172,Kevon Looney,F,5,NA,7500000,NA
2024-25,1610612744,GSW,1626172,Kevon Looney,F,5,NA,NA,NA
2015-16,1610612749,MIL,1626173,Rashad Vaughn,G,20,NA,1733040,NA
2016-17,1610612749,MIL,1626173,Rashad Vaughn,G,20,NA,1811040,NA
2015-16,1610612755,PHI,1626174,Christian Wood,F,35,NA,339762,NA
2016-17,1610612766,CHA,1626174,Christian Wood,F,35,NA,874636,NA
2018-19,1610612740,NOP,1626174,Christian Wood,F,35,NA,1512601,NA
2019-20,1610612765,DET,1626174,Christian Wood,F,35,NA,1645357,NA
2020-21,1610612745,HOU,1626174,Christian Wood,F,35,NA,13015874,NA
2021-22,1610612745,HOU,1626174,Christian Wood,F,35,NA,13666667,NA
2022-23,1610612742,DAL,1626174,Christian Wood,F,35,Traded from HOU on 06/24/22,14317459,NA
2023-24,1610612747,LAL,1626174,Christian Wood,F,35,Signed on 09/06/23,2709849,NA
2024-25,1610612747,LAL,1626174,Christian Wood,F,35,NA,3036040,NA
2015-16,1610612738,BOS,1626175,Jordan Mickey,F,55,NA,1170960,NA
2016-17,1610612738,BOS,1626175,Jordan Mickey,F,55,NA,1223653,NA
2017-18,1610612748,MIA,1626175,Jordan Mickey,C-F,25,NA,1471382,NA
2015-16,1610612754,IND,1626176,Rakeem Christmas,F,25,NA,1007026,NA
2016-17,1610612754,IND,1626176,Rakeem Christmas,F,25,NA,1052342,NA
2017-18,1610612760,OKC,1626177,Dakari Johnson,C,44,NA,815615,NA
2015-16,1610612751,BKN,1626178,Rondae Hollis-Jefferson,G-F,24,NA,1335480,NA
2016-17,1610612751,BKN,1626178,Rondae Hollis-Jefferson,F,24,NA,1395600,NA
2017-18,1610612751,BKN,1626178,Rondae Hollis-Jefferson,F,24,NA,1455720,NA
2018-19,1610612751,BKN,1626178,Rondae Hollis-Jefferson,F,24,NA,2470356,NA
2019-20,1610612761,TOR,1626178,Rondae Hollis-Jefferson,F,4,NA,2500000,NA
2020-21,1610612757,POR,1626178,Rondae Hollis-Jefferson,F,2,NA,502957,NA
2015-16,1610612738,BOS,1626179,Terry Rozier,G,12,NA,1824360,NA
2016-17,1610612738,BOS,1626179,Terry Rozier,G,12,NA,1906440,NA
2017-18,1610612738,BOS,1626179,Terry Rozier,G,12,NA,1988520,NA
2018-19,1610612738,BOS,1626179,Terry Rozier,G,12,NA,3050389,NA
2019-20,1610612766,CHA,1626179,Terry Rozier,G,3,Traded from BOS on 07/06/19,19894737,NA
2020-21,1610612766,CHA,1626179,Terry Rozier,G,3,NA,18900000,NA
2021-22,1610612766,CHA,1626179,Terry Rozier,G,3,NA,17905263,NA
2022-23,1610612766,CHA,1626179,Terry Rozier,G,3,NA,21486316,NA
2023-24,1610612766,CHA,1626179,Terry Rozier,G,3,NA,23205221,NA
2024-25,1610612748,MIA,1626179,Terry Rozier,G,2,Traded from CHA on 01/23/24,24924126,NA
2015-16,1610612761,TOR,1626181,Norman Powell,G,24,NA,650000,NA
2016-17,1610612761,TOR,1626181,Norman Powell,G,24,NA,874636,NA
2017-18,1610612761,TOR,1626181,Norman Powell,F-G,24,NA,1471382,NA
2018-19,1610612761,TOR,1626181,Norman Powell,F-G,24,NA,9367200,NA
2019-20,1610612761,TOR,1626181,Norman Powell,G,24,NA,10116576,NA
2020-21,1610612757,POR,1626181,Norman Powell,G,24,NA,10865952,NA
2021-22,1610612757,POR,1626181,Norman Powell,G,24,NA,15517242,NA
2021-22,1610612746,LAC,1626181,Norman Powell,G,24,Traded from POR on 02/04/22,15517242,2022-02-04
2022-23,1610612746,LAC,1626181,Norman Powell,G,24,NA,16758621,NA
2023-24,1610612746,LAC,1626181,Norman Powell,G,24,NA,18000000,NA
2024-25,1610612746,LAC,1626181,Norman Powell,G,24,NA,19241379,NA
2015-16,1610612746,LAC,1626183,Branden Dawson,F,22,NA,525093,NA
2016-17,1610612752,NYK,1626184,Chasson Randle,G,4,NA,541170,NA
2018-19,1610612764,WAS,1626184,Chasson Randle,G,9,NA,975824,NA
2020-21,1610612753,ORL,1626184,Chasson Randle,G,25,NA,279927,NA
2015-16,1610612763,MEM,1626185,Jarell Martin,F,10,NA,1230840,NA
2016-17,1610612763,MEM,1626185,Jarell Martin,F,1,NA,1286160,NA
2017-18,1610612763,MEM,1626185,Jarell Martin,F,1,NA,1471382,NA
2018-19,1610612753,ORL,1626185,Jarell Martin,F,2,NA,2416221,NA
2018-19,1610612745,HOU,1626187,Michael Frazier II,G,21,NA,NA,NA
2019-20,1610612745,HOU,1626187,Michael Frazier II,G,21,NA,NA,NA
2016-17,1610612740,NOP,1626188,Quinn Cook,G,22,NA,95904,NA
2017-18,1610612744,GSW,1626188,Quinn Cook,G,4,NA,189832,NA
2018-19,1610612744,GSW,1626188,Quinn Cook,G,4,NA,1544951,NA
2019-20,1610612747,LAL,1626188,Quinn Cook,G,28,NA,3000000,NA
2015-16,1610612751,BKN,1626191,Chris McCullough,F,1,NA,1140240,NA
2016-17,1610612764,WAS,1626191,Chris McCullough,F,1,NA,1191480,NA
2017-18,1610612764,WAS,1626191,Chris McCullough,F,1,NA,1471382,NA
2015-16,1610612757,POR,1626192,Pat Connaughton,G,5,NA,625093,NA
2016-17,1610612757,POR,1626192,Pat Connaughton,G-F,5,NA,874636,NA
2017-18,1610612757,POR,1626192,Pat Connaughton,G-F,5,NA,1471382,NA
2018-19,1610612749,MIL,1626192,Pat Connaughton,G,24,Signed on 08/01/18,1641000,NA
2019-20,1610612749,MIL,1626192,Pat Connaughton,G,24,NA,1723050,NA
2020-21,1610612749,MIL,1626192,Pat Connaughton,G,24,NA,4938273,NA
2021-22,1610612749,MIL,1626192,Pat Connaughton,G,24,NA,5333334,NA
2022-23,1610612749,MIL,1626192,Pat Connaughton,G,24,NA,5728393,NA
2023-24,1610612749,MIL,1626192,Pat Connaughton,G,24,NA,9423869,NA
2024-25,1610612749,MIL,1626192,Pat Connaughton,G,24,NA,9423869,NA
2016-17,1610612752,NYK,1626195,Willy Hernangomez,C,14,NA,1375000,NA
2017-18,1610612766,CHA,1626195,Willy Hernangomez,C,41,NA,1435750,NA
2018-19,1610612766,CHA,1626195,Willy Hernangomez,C,41,NA,1496500,NA
2019-20,1610612766,CHA,1626195,Willy Hernangomez,C-F,9,NA,1676735,NA
2020-21,1610612740,NOP,1626195,Willy Hernangomez,C-F,9,Signed on 11/24/20,1737145,NA
2021-22,1610612740,NOP,1626195,Willy Hernangomez,C-F,9,NA,2327220,NA
2022-23,1610612740,NOP,1626195,Willy Hernangomez,C-F,9,NA,2443581,NA
2015-16,1610612748,MIA,1626196,Josh Richardson,G,0,NA,525093,NA
2016-17,1610612748,MIA,1626196,Josh Richardson,G,0,NA,874636,NA
2017-18,1610612748,MIA,1626196,Josh Richardson,F,0,NA,1471382,NA
2018-19,1610612748,MIA,1626196,Josh Richardson,G-F,0,NA,9367200,NA
2019-20,1610612755,PHI,1626196,Josh Richardson,G,0,NA,10116576,NA
2020-21,1610612742,DAL,1626196,Josh Richardson,G,0,NA,10865952,NA
2021-22,1610612759,SAS,1626196,Josh Richardson,G,7,NA,11615328,NA
2022-23,1610612740,NOP,1626196,Josh Richardson,G,2,NA,12196094,NA
2023-24,1610612748,MIA,1626196,Josh Richardson,G,0,NA,2891467,NA
2024-25,1610612748,MIA,1626196,Josh Richardson,G,0,NA,3051153,NA
2015-16,1610612765,DET,1626199,Darrun Hilliard,F,6,NA,600000,NA
2016-17,1610612765,DET,1626199,Darrun Hilliard,G-F,6,NA,874636,NA
2017-18,1610612759,SAS,1626199,Darrun Hilliard,G,24,NA,77250,NA
2015-16,1610612754,IND,1626202,Joe Young,G,1,NA,NA,NA
2016-17,1610612754,IND,1626202,Joe Young,G,3,NA,NA,NA
2017-18,1610612754,IND,1626202,Joe Young,G,3,NA,NA,NA
2016-17,1610612766,CHA,1626203,Treveon Graham,G-F,12,NA,543471,NA
2017-18,1610612766,CHA,1626203,Treveon Graham,G-F,21,NA,1312611,NA
2018-19,1610612751,BKN,1626203,Treveon Graham,F,21,NA,1512601,NA
2019-20,1610612737,ATL,1626203,Treveon Graham,G-F,2,NA,1645357,NA
2015-16,1610612747,LAL,1626204,Larry Nance Jr.,F,7,NA,NA,NA
2016-17,1610612747,LAL,1626204,Larry Nance Jr.,F,7,NA,NA,NA
2017-18,1610612739,CLE,1626204,Larry Nance Jr.,F,22,NA,NA,NA
2018-19,1610612739,CLE,1626204,Larry Nance Jr.,F,22,NA,NA,NA
2019-20,1610612739,CLE,1626204,Larry Nance Jr.,F-C,22,NA,NA,NA
2020-21,1610612739,CLE,1626204,Larry Nance Jr.,F-C,22,NA,NA,NA
2021-22,1610612757,POR,1626204,Larry Nance Jr.,F-C,22,NA,NA,NA
2021-22,1610612740,NOP,1626204,Larry Nance Jr.,F-C,22,Traded from POR on 02/08/22,NA,2022-02-08
2022-23,1610612740,NOP,1626204,Larry Nance Jr.,F-C,22,NA,NA,NA
2023-24,1610612740,NOP,1626204,Larry Nance Jr.,F-C,22,NA,NA,NA
2024-25,1610612737,ATL,1626204,Larry Nance Jr.,F-C,22,Traded from NOP on 07/06/24,NA,NA
2016-17,1610612753,ORL,1626209,Mario Hezonja,G-F,8,NA,3909840,NA
2017-18,1610612753,ORL,1626209,Mario Hezonja,F-G,8,NA,4078320,NA
2018-19,1610612752,NYK,1626209,Mario Hezonja,F,8,NA,6500000,NA
2019-20,1610612757,POR,1626209,Mario Hezonja,F-G,44,NA,1737145,NA
2015-16,1610612756,PHX,1626210,Alan Williams,C-F,15,NA,114284,NA
2016-17,1610612756,PHX,1626210,Alan Williams,F-C,15,NA,874636,NA
2017-18,1610612756,PHX,1626210,Alan Williams,F-C,15,NA,6000000,NA
2018-19,1610612751,BKN,1626210,Alan Williams,F-C,15,NA,77250,NA
2017-18,1610612762,UTA,1626220,Royce O'Neale,F,23,NA,815615,NA
2019-20,1610612762,UTA,1626220,Royce O'Neale,F,23,NA,1618520,NA
2020-21,1610612762,UTA,1626220,Royce O'Neale,F,23,NA,8500000,NA
2021-22,1610612762,UTA,1626220,Royce O'Neale,F,23,NA,8800000,NA
2022-23,1610612751,BKN,1626220,Royce O'Neale,F,0,Traded from UTA on 06/30/22,9200000,NA
2023-24,1610612751,BKN,1626220,Royce O'Neale,F,0,NA,9500000,NA
2024-25,1610612756,PHX,1626220,Royce O'Neale,F,0,Traded from BKN on 02/08/24,9375000,NA
2017-18,1610612739,CLE,1626224,Cedi Osman,F-G,16,NA,2642857,NA
2018-19,1610612739,CLE,1626224,Cedi Osman,F,16,NA,2775000,NA
2019-20,1610612739,CLE,1626224,Cedi Osman,F,16,NA,2907143,NA
2020-21,1610612739,CLE,1626224,Cedi Osman,F,16,NA,8840580,NA
2021-22,1610612739,CLE,1626224,Cedi Osman,F,16,NA,8133334,NA
2022-23,1610612739,CLE,1626224,Cedi Osman,F,16,NA,7426088,NA
2023-24,1610612759,SAS,1626224,Cedi Osman,F,16,Traded from CLE on 07/06/23,6718842,NA
2015-16,1610612757,POR,1626242,Luis Montero,G,44,NA,525093,NA
2015-16,1610612741,CHI,1626245,Cristiano Felicio,F-C,6,NA,525093,NA
2016-17,1610612741,CHI,1626245,Cristiano Felicio,F-C,6,NA,874636,NA
2017-18,1610612741,CHI,1626245,Cristiano Felicio,C-F,6,NA,7843500,NA
2018-19,1610612741,CHI,1626245,Cristiano Felicio,F-C,6,NA,8470980,NA
2019-20,1610612741,CHI,1626245,Cristiano Felicio,F-C,6,NA,8156500,NA
2020-21,1610612741,CHI,1626245,Cristiano Felicio,F-C,6,NA,7529020,NA
2015-16,1610612759,SAS,1626246,Boban Marjanovic,C,40,NA,1200000,NA
2016-17,1610612765,DET,1626246,Boban Marjanovic,C,51,NA,5628000,NA
2017-18,1610612746,LAC,1626246,Boban Marjanovic,C,51,NA,5881260,NA
2018-19,1610612755,PHI,1626246,Boban Marjanovic,C,51,NA,9490740,NA
2019-20,1610612742,DAL,1626246,Boban Marjanovic,C,51,NA,3500000,NA
2020-21,1610612742,DAL,1626246,Boban Marjanovic,C,51,NA,3500000,NA
2021-22,1610612742,DAL,1626246,Boban Marjanovic,C,51,NA,3500000,NA
2022-23,1610612745,HOU,1626246,Boban Marjanovic,C,51,Traded from DAL on 06/24/22,4101478,NA
2023-24,1610612745,HOU,1626246,Boban Marjanovic,C,51,NA,2891467,NA
2015-16,1610612758,SAC,1626251,Duje Dukan,F,26,NA,525093,NA
2015-16,1610612743,DEN,1626253,Axel Toupane,G-F,6,NA,61775,NA
2016-17,1610612740,NOP,1626253,Axel Toupane,G-F,10,NA,977534,NA
2020-21,1610612749,MIL,1626253,Axel Toupane,G-F,66,NA,196872,NA
2016-17,1610612752,NYK,1626254,Maurice Ndour,F,2,NA,543471,NA
2015-16,1610612742,DAL,1626257,Salah Mejri,C,50,NA,525093,NA
2016-17,1610612742,DAL,1626257,Salah Mejri,C,50,NA,874636,NA
2017-18,1610612742,DAL,1626257,Salah Mejri,C,50,NA,1471382,NA
2018-19,1610612742,DAL,1626257,Salah Mejri,C,50,NA,2098196,NA
2017-18,1610612761,TOR,1626259,Malcolm Miller,F,13,NA,77250,NA
2018-19,1610612761,TOR,1626259,Malcolm Miller,F,13,NA,457418,NA
2019-20,1610612761,TOR,1626259,Malcolm Miller,G-F,13,NA,1588231,NA
2015-16,1610612747,LAL,1626273,Marcelo Huertas,G,9,NA,525093,NA
2017-18,1610612738,BOS,1626780,Jonathan Gibson,G,60,NA,74158,NA
2018-19,1610612738,BOS,1626780,Jonathan Gibson,G,3,NA,76236,NA
2016-17,1610612737,ATL,1627098,Malcolm Delaney,G,5,NA,2500000,NA
2017-18,1610612737,ATL,1627098,Malcolm Delaney,G,5,NA,2500000,NA
2018-19,1610612741,CHI,1627215,Walt Lemon Jr.,G,25,NA,NA,NA
2015-16,1610612748,MIA,1627362,Briante Weber,G,12,NA,61774,NA
2016-17,1610612766,CHA,1627362,Briante Weber,G,0,NA,623447,NA
2017-18,1610612763,MEM,1627362,Briante Weber,G,3,NA,160378,NA
2018-19,1610612763,MEM,1627395,Julian Washburn,F-G,4,NA,77250,NA
2016-17,1610612755,PHI,1627732,Ben Simmons,F,25,NA,5903160,NA
2017-18,1610612755,PHI,1627732,Ben Simmons,G-F,25,NA,6168840,NA
2018-19,1610612755,PHI,1627732,Ben Simmons,G-F,25,NA,6434520,NA
2019-20,1610612755,PHI,1627732,Ben Simmons,G-F,25,NA,8113929,NA
2020-21,1610612755,PHI,1627732,Ben Simmons,G-F,25,NA,30559200,NA
2021-22,1610612755,PHI,1627732,Ben Simmons,G-F,10,NA,33003936,NA
2021-22,1610612751,BKN,1627732,Ben Simmons,G-F,10,Traded from PHI on 02/10/22,33003936,2022-02-10
2022-23,1610612751,BKN,1627732,Ben Simmons,G-F,10,NA,35448672,NA
2023-24,1610612751,BKN,1627732,Ben Simmons,G-F,10,NA,37893408,NA
2024-25,1610612751,BKN,1627732,Ben Simmons,G-F,10,NA,40338144,NA
2024-25,1610612746,LAC,1627732,Ben Simmons,G-F,10,Traded from BKN on 20/02/25,40338144,2025-02-20
2016-17,1610612756,PHX,1627733,Dragan Bender,F,35,NA,4276320,NA
2017-18,1610612756,PHX,1627733,Dragan Bender,F,35,NA,4468800,NA
2018-19,1610612756,PHX,1627733,Dragan Bender,F,35,NA,4661280,NA
2016-17,1610612760,OKC,1627734,Domantas Sabonis,F,3,NA,2440200,NA
2017-18,1610612754,IND,1627734,Domantas Sabonis,C-F,11,NA,2550000,NA
2018-19,1610612754,IND,1627734,Domantas Sabonis,F,11,NA,2659800,NA
2019-20,1610612754,IND,1627734,Domantas Sabonis,F-C,11,NA,3529554,NA
2020-21,1610612754,IND,1627734,Domantas Sabonis,F-C,11,NA,19800000,NA
2021-22,1610612754,IND,1627734,Domantas Sabonis,F-C,10,NA,18500000,NA
2021-22,1610612758,SAC,1627734,Domantas Sabonis,F-C,10,Traded from IND on 02/08/22,18500000,2022-02-08
2023-24,1610612758,SAC,1627734,Domantas Sabonis,F-C,10,NA,29300000,NA
2024-25,1610612758,SAC,1627734,Domantas Sabonis,F-C,11,NA,39200000,NA
2016-17,1610612763,MEM,1627735,Wade Baldwin IV,G,4,NA,NA,NA
2017-18,1610612757,POR,1627735,Wade Baldwin IV,G,2,NA,NA,NA
2016-17,1610612743,DEN,1627736,Malik Beasley,G,25,NA,1627320,NA
2017-18,1610612743,DEN,1627736,Malik Beasley,G,25,NA,1700640,NA
2018-19,1610612743,DEN,1627736,Malik Beasley,G,25,NA,1773840,NA
2019-20,1610612750,MIN,1627736,Malik Beasley,G,5,NA,2731713,NA
2020-21,1610612750,MIN,1627736,Malik Beasley,G,5,NA,13425895,NA
2021-22,1610612750,MIN,1627736,Malik Beasley,G,5,NA,14491964,NA
2022-23,1610612747,LAL,1627736,Malik Beasley,G,5,NA,15558035,NA
2023-24,1610612749,MIL,1627736,Malik Beasley,G,5,Signed on 07/06/23,2709849,NA
2024-25,1610612765,DET,1627736,Malik Beasley,G,5,Signed on 07/11/24,6000000,NA
2016-17,1610612756,PHX,1627737,Marquese Chriss,F,0,NA,2941440,NA
2017-18,1610612756,PHX,1627737,Marquese Chriss,F,0,NA,3073800,NA
2018-19,1610612739,CLE,1627737,Marquese Chriss,F,3,NA,3206160,NA
2019-20,1610612744,GSW,1627737,Marquese Chriss,F,32,NA,NA,NA
2021-22,1610612742,DAL,1627737,Marquese Chriss,F,35,NA,1292900,NA
2016-17,1610612763,MEM,1627738,Deyonta Davis,F,23,NA,1369229,NA
2017-18,1610612763,MEM,1627738,Deyonta Davis,C-F,21,NA,1312611,NA
2016-17,1610612750,MIN,1627739,Kris Dunn,G,3,NA,3872520,NA
2017-18,1610612741,CHI,1627739,Kris Dunn,G,32,NA,4046760,NA
2018-19,1610612741,CHI,1627739,Kris Dunn,G,32,NA,4221000,NA
2019-20,1610612741,CHI,1627739,Kris Dunn,G,32,NA,5348007,NA
2020-21,1610612737,ATL,1627739,Kris Dunn,G,32,NA,4767000,NA
2022-23,1610612762,UTA,1627739,Kris Dunn,G,11,Signed on 02/22/23,1000001,NA
2023-24,1610612762,UTA,1627739,Kris Dunn,G,11,NA,2586484,NA
2024-25,1610612746,LAC,1627739,Kris Dunn,G,8,Traded from UTA on 07/18/24,5168000,NA
2016-17,1610612765,DET,1627740,Henry Ellenson,F,8,NA,1704120,NA
2017-18,1610612765,DET,1627740,Henry Ellenson,F,8,NA,1780800,NA
2018-19,1610612752,NYK,1627740,Henry Ellenson,F,13,NA,2199311,NA
2016-17,1610612758,SAC,1627741,Buddy Hield,G,24,NA,3517200,NA
2017-18,1610612758,SAC,1627741,Buddy Hield,G,24,NA,3675480,NA
2018-19,1610612758,SAC,1627741,Buddy Hield,G,24,NA,3833760,NA
2020-21,1610612758,SAC,1627741,Buddy Hield,G,24,NA,24931817,NA
2021-22,1610612758,SAC,1627741,Buddy Hield,G,24,NA,23073234,NA
2021-22,1610612754,IND,1627741,Buddy Hield,G,24,Traded from SAC on 02/08/22,23073234,2022-02-08
2022-23,1610612754,IND,1627741,Buddy Hield,G,24,NA,21177750,NA
2023-24,1610612754,IND,1627741,Buddy Hield,G,7,NA,19321859,NA
2024-25,1610612744,GSW,1627741,Buddy Hield,G,7,NA,8780488,NA
2016-17,1610612747,LAL,1627742,Brandon Ingram,F,14,NA,5281680,NA
2017-18,1610612747,LAL,1627742,Brandon Ingram,F-G,14,NA,5519400,NA
2018-19,1610612747,LAL,1627742,Brandon Ingram,F,14,NA,5757120,NA
2019-20,1610612740,NOP,1627742,Brandon Ingram,F,14,Traded from LAL on 07/06/19,7265485,NA
2020-21,1610612740,NOP,1627742,Brandon Ingram,F,14,NA,27285000,NA
2021-22,1610612740,NOP,1627742,Brandon Ingram,F,14,NA,29467800,NA
2022-23,1610612740,NOP,1627742,Brandon Ingram,F,14,NA,31650600,NA
2023-24,1610612740,NOP,1627742,Brandon Ingram,F,14,NA,33833400,NA
2024-25,1610612740,NOP,1627742,Brandon Ingram,F,14,NA,36016200,NA
2024-25,1610612761,TOR,1627742,Brandon Ingram,F,14,Traded from NOP on 26/02/25,36016200,2025-02-26
2016-17,1610612738,BOS,1627743,Demetrius Jackson,G,9,NA,1450000,NA
2017-18,1610612755,PHI,1627743,Demetrius Jackson,G,11,NA,319266,NA
2016-17,1610612746,LAC,1627744,Brice Johnson,F,10,NA,1273920,NA
2016-17,1610612744,GSW,1627745,Damian Jones,C,15,NA,1171560,NA
2017-18,1610612744,GSW,1627745,Damian Jones,C,15,NA,1312611,NA
2018-19,1610612744,GSW,1627745,Damian Jones,C,15,NA,1544951,NA
2019-20,1610612737,ATL,1627745,Damian Jones,C,30,NA,2305057,NA
2020-21,1610612758,SAC,1627745,Damian Jones,C,15,NA,1487284,NA
2021-22,1610612758,SAC,1627745,Damian Jones,C,30,NA,1977011,NA
2022-23,1610612762,UTA,1627745,Damian Jones,C,15,NA,2298385,NA
2023-24,1610612739,CLE,1627745,Damian Jones,C,30,Traded from UTA on 07/08/23,2586665,NA
2016-17,1610612758,SAC,1627746,Skal Labissiere,F-C,3,NA,1188840,NA
2017-18,1610612758,SAC,1627746,Skal Labissiere,F-C,7,NA,1312611,NA
2018-19,1610612757,POR,1627746,Skal Labissiere,F,17,NA,1544951,NA
2019-20,1610612737,ATL,1627746,Skal Labissiere,F-C,7,NA,2338846,NA
2024-25,1610612758,SAC,1627746,Skal Labissiere,F-C,7,Signed on 09/08/23,128603,NA
2016-17,1610612751,BKN,1627747,Caris LeVert,G-F,22,NA,1562280,NA
2017-18,1610612751,BKN,1627747,Caris LeVert,G-F,22,NA,1632480,NA
2018-19,1610612751,BKN,1627747,Caris LeVert,G,22,NA,1702800,NA
2019-20,1610612751,BKN,1627747,Caris LeVert,G,22,NA,2625717,NA
2020-21,1610612754,IND,1627747,Caris LeVert,G,22,NA,16203704,NA
2021-22,1610612754,IND,1627747,Caris LeVert,G,3,NA,17500000,NA
2021-22,1610612739,CLE,1627747,Caris LeVert,G,3,Traded from IND on 02/07/22,17500000,2022-02-07
2022-23,1610612739,CLE,1627747,Caris LeVert,G,3,NA,18796296,NA
2023-24,1610612739,CLE,1627747,Caris LeVert,G,3,NA,15384616,NA
2024-25,1610612739,CLE,1627747,Caris LeVert,G,3,NA,16615384,NA
2024-25,1610612737,ATL,1627747,Caris LeVert,G,3,Traded from CLE on 08/02/25,16615384,2025-02-08
2016-17,1610612749,MIL,1627748,Thon Maker,F-C,7,NA,2568600,NA
2018-19,1610612765,DET,1627748,Thon Maker,F,7,NA,2799720,NA
2019-20,1610612765,DET,1627748,Thon Maker,F-C,7,NA,3569643,NA
2016-17,1610612759,SAS,1627749,Dejounte Murray,G,5,NA,1180080,NA
2017-18,1610612759,SAS,1627749,Dejounte Murray,G,5,NA,1312611,NA
2018-19,1610612759,SAS,1627749,Dejounte Murray,G,5,NA,1544951,NA
2019-20,1610612759,SAS,1627749,Dejounte Murray,G,5,NA,2321735,NA
2021-22,1610612759,SAS,1627749,Dejounte Murray,G,5,NA,15428880,NA
2022-23,1610612737,ATL,1627749,Dejounte Murray,G,5,Traded from SAS on 06/30/22,17071120,NA
2023-24,1610612737,ATL,1627749,Dejounte Murray,G,5,NA,18214000,NA
2024-25,1610612740,NOP,1627749,Dejounte Murray,G,5,Traded from ATL on 07/06/24,28817135,NA
2016-17,1610612743,DEN,1627750,Jamal Murray,G,27,+ACM-7 Pick in 2016 Draft,3210840,NA
2017-18,1610612743,DEN,1627750,Jamal Murray,G,27,NA,3355320,NA
2018-19,1610612743,DEN,1627750,Jamal Murray,G,27,NA,3499800,NA
2019-20,1610612743,DEN,1627750,Jamal Murray,G,27,NA,4444746,NA
2020-21,1610612743,DEN,1627750,Jamal Murray,G,27,NA,27285000,NA
2021-22,1610612743,DEN,1627750,Jamal Murray,G,27,NA,29467800,NA
2022-23,1610612743,DEN,1627750,Jamal Murray,G,27,NA,31650600,NA
2023-24,1610612743,DEN,1627750,Jamal Murray,G,27,NA,33833400,NA
2024-25,1610612743,DEN,1627750,Jamal Murray,G,27,NA,36016200,NA
2016-17,1610612761,TOR,1627751,Jakob Pöltl,C,42,NA,2703960,NA
2017-18,1610612761,TOR,1627751,Jakob Pöltl,C,42,NA,2825640,NA
2018-19,1610612759,SAS,1627751,Jakob Pöltl,C,25,NA,2947320,NA
2019-20,1610612759,SAS,1627751,Jakob Pöltl,C,25,NA,3754885,NA
2021-22,1610612759,SAS,1627751,Jakob Pöltl,C,25,NA,8750000,NA
2022-23,1610612761,TOR,1627751,Jakob Pöltl,C,19,Traded from SAS on 02/09/23,9398148,NA
2023-24,1610612761,TOR,1627751,Jakob Pöltl,C,19,NA,19500000,NA
2024-25,1610612761,TOR,1627751,Jakob Pöltl,C,19,NA,NA,NA
2016-17,1610612737,ATL,1627752,Taurean Prince,F,12,NA,2318280,NA
2017-18,1610612737,ATL,1627752,Taurean Prince,F,12,NA,2422560,NA
2018-19,1610612737,ATL,1627752,Taurean Prince,F,12,NA,2526840,NA
2019-20,1610612751,BKN,1627752,Taurean Prince,F,2,NA,3481985,NA
2020-21,1610612739,CLE,1627752,Taurean Prince,F,12,NA,12250000,NA
2021-22,1610612750,MIN,1627752,Taurean Prince,F,12,NA,13334375,NA
2022-23,1610612750,MIN,1627752,Taurean Prince,F,12,NA,7100000,NA
2023-24,1610612747,LAL,1627752,Taurean Prince,F,12,Signed on 07/06/23,4516000,NA
2024-25,1610612749,MIL,1627752,Taurean Prince,F,12,Signed on 07/09/24,2988550,NA
2017-18,1610612745,HOU,1627753,Zhou Qi,F-C,9,NA,815615,NA
2016-17,1610612746,LAC,1627754,Diamond Stone,C,0,NA,543471,NA
2016-17,1610612756,PHX,1627755,Tyler Ulis,G,8,NA,918369,NA
2017-18,1610612756,PHX,1627755,Tyler Ulis,G,8,NA,1312611,NA
2016-17,1610612741,CHI,1627756,Denzel Valentine,G,45,NA,2092200,NA
2017-18,1610612741,CHI,1627756,Denzel Valentine,F,45,NA,2186400,NA
2018-19,1610612741,CHI,1627756,Denzel Valentine,G,45,NA,2280600,NA
2019-20,1610612741,CHI,1627756,Denzel Valentine,G,45,NA,3377568,NA
2020-21,1610612741,CHI,1627756,Denzel Valentine,G,45,NA,4642800,NA
2016-17,1610612753,ORL,1627757,Stephen Zimmerman,C,33,NA,950000,NA
2016-17,1610612752,NYK,1627758,Ron Baker,G,31,NA,543471,NA
2017-18,1610612752,NYK,1627758,Ron Baker,G,31,NA,4328000,NA
2016-17,1610612738,BOS,1627759,Jaylen Brown,F,7,+ACM-3 Pick in 2016 Draft,4743000,NA
2017-18,1610612738,BOS,1627759,Jaylen Brown,G-F,7,NA,4956480,NA
2018-19,1610612738,BOS,1627759,Jaylen Brown,G,7,NA,5169960,NA
2019-20,1610612738,BOS,1627759,Jaylen Brown,G-F,7,NA,6534829,NA
2020-21,1610612738,BOS,1627759,Jaylen Brown,G-F,7,NA,25035118,NA
2021-22,1610612738,BOS,1627759,Jaylen Brown,G-F,7,NA,26758928,NA
2022-23,1610612738,BOS,1627759,Jaylen Brown,G-F,7,NA,29776785,NA
2023-24,1610612738,BOS,1627759,Jaylen Brown,G-F,7,NA,31830357,NA
2024-25,1610612738,BOS,1627759,Jaylen Brown,G-F,7,NA,49205800,NA
2016-17,1610612737,ATL,1627761,DeAndre' Bembry,F-G,95,NA,NA,NA
2017-18,1610612737,ATL,1627761,DeAndre' Bembry,F-G,95,NA,NA,NA
2018-19,1610612737,ATL,1627761,DeAndre' Bembry,F,95,NA,NA,NA
2019-20,1610612737,ATL,1627761,DeAndre' Bembry,G-F,95,NA,NA,NA
2020-21,1610612761,TOR,1627761,DeAndre' Bembry,G-F,95,NA,NA,NA
2016-17,1610612762,UTA,1627762,Joel Bolomboy,F,21,NA,600000,NA
2016-17,1610612749,MIL,1627763,Malcolm Brogdon,G,13,NA,875000,NA
2018-19,1610612749,MIL,1627763,Malcolm Brogdon,G,13,NA,1544951,NA
2019-20,1610612754,IND,1627763,Malcolm Brogdon,G,7,NA,20000000,NA
2020-21,1610612754,IND,1627763,Malcolm Brogdon,G,7,NA,20700000,NA
2021-22,1610612754,IND,1627763,Malcolm Brogdon,G,7,NA,21700000,NA
2022-23,1610612738,BOS,1627763,Malcolm Brogdon,G,13,Traded from IND on 07/09/22,22600000,NA
2023-24,1610612757,POR,1627763,Malcolm Brogdon,G,13,Traded from BOS on 10/01/23,22500000,NA
2024-25,1610612764,WAS,1627763,Malcolm Brogdon,G,11,Traded from POR on 07/06/24,22500000,NA
2016-17,1610612740,NOP,1627767,Cheick Diallo,F,13,NA,543471,NA
2017-18,1610612740,NOP,1627767,Cheick Diallo,F,13,NA,1312611,NA
2018-19,1610612740,NOP,1627767,Cheick Diallo,F,13,NA,1544951,NA
2019-20,1610612756,PHX,1627767,Cheick Diallo,F-C,14,NA,1678854,NA
2023-24,1610612748,MIA,1627767,Cheick Diallo,F-C,0,Signed on 09/27/23,NA,NA
2016-17,1610612739,CLE,1627770,Kay Felder,G,20,NA,543471,NA
2017-18,1610612765,DET,1627770,Kay Felder,G,22,NA,551866,NA
2016-17,1610612765,DET,1627771,Michael Gbinije,G-F,9,NA,650000,NA
2017-18,1610612760,OKC,1627772,Daniel Hamilton,G-F,25,NA,77250,NA
2016-17,1610612742,DAL,1627773,AJ Hammons,C,20,NA,650000,NA
2016-17,1610612757,POR,1627774,Jake Layman,F,10,NA,600000,NA
2017-18,1610612757,POR,1627774,Jake Layman,F,10,NA,1312611,NA
2018-19,1610612757,POR,1627774,Jake Layman,F,10,NA,1544951,NA
2019-20,1610612750,MIN,1627774,Jake Layman,F,10,NA,3581986,NA
2020-21,1610612750,MIN,1627774,Jake Layman,F,10,NA,3761085,NA
2021-22,1610612750,MIN,1627774,Jake Layman,F,10,NA,3940184,NA
2016-17,1610612744,GSW,1627775,Patrick McCaw,G,0,NA,543471,NA
2017-18,1610612744,GSW,1627775,Patrick McCaw,G,0,NA,1312611,NA
2018-19,1610612761,TOR,1627775,Patrick McCaw,G,1,NA,964104,NA
2019-20,1610612761,TOR,1627775,Patrick McCaw,G,22,NA,4000000,NA
2016-17,1610612754,IND,1627777,Georges Niang,F,32,NA,650000,NA
2017-18,1610612762,UTA,1627777,Georges Niang,F,31,NA,177250,NA
2019-20,1610612762,UTA,1627777,Georges Niang,F,31,NA,1645357,NA
2020-21,1610612762,UTA,1627777,Georges Niang,F,31,NA,1783557,NA
2021-22,1610612755,PHI,1627777,Georges Niang,F,20,NA,3300000,NA
2022-23,1610612755,PHI,1627777,Georges Niang,F,20,NA,3465000,NA
2023-24,1610612739,CLE,1627777,Georges Niang,F,20,Signed on 07/06/23,8800000,NA
2024-25,1610612739,CLE,1627777,Georges Niang,F,20,NA,8500000,NA
2024-25,1610612737,ATL,1627777,Georges Niang,F,20,Traded from CLE on 08/02/25,8500000,2025-02-08
2016-17,1610612745,HOU,1627778,Chinanu Onuaku,F-C,21,NA,543471,NA
2017-18,1610612745,HOU,1627778,Chinanu Onuaku,C,21,NA,1312611,NA
2017-18,1610612766,CHA,1627779,Marcus Paige,G,4,NA,77250,NA
2016-17,1610612749,MIL,1627780,Gary Payton II,G,0,NA,578636,NA
2017-18,1610612747,LAL,1627780,Gary Payton II,G,23,NA,154500,NA
2019-20,1610612764,WAS,1627780,Gary Payton II,G,20,NA,1052909,NA
2020-21,1610612744,GSW,1627780,Gary Payton II,G,0,NA,249864,NA
2021-22,1610612744,GSW,1627780,Gary Payton II,G,0,NA,1669178,NA
2022-23,1610612744,GSW,1627780,Gary Payton II,G,8,NA,8300000,NA
2023-24,1610612744,GSW,1627780,Gary Payton II,G,0,NA,8715000,NA
2024-25,1610612744,GSW,1627780,Gary Payton II,G,0,NA,9130000,NA
2016-17,1610612758,SAC,1627781,Malachi Richardson,G,5,NA,1439880,NA
2017-18,1610612761,TOR,1627781,Malachi Richardson,G,22,NA,1504560,NA
2016-17,1610612763,MEM,1627782,Wayne Selden,G,7,NA,115087,NA
2017-18,1610612763,MEM,1627782,Wayne Selden,G-F,7,NA,1312611,NA
2018-19,1610612741,CHI,1627782,Wayne Selden,G-F,14,NA,1544951,NA
2016-17,1610612761,TOR,1627783,Pascal Siakam,F,43,+ACM-27 Pick in 2016 Draft,1196040,NA
2017-18,1610612761,TOR,1627783,Pascal Siakam,F,43,NA,1312611,NA
2018-19,1610612761,TOR,1627783,Pascal Siakam,F,43,NA,1544951,NA
2019-20,1610612761,TOR,1627783,Pascal Siakam,F,43,NA,2351838,NA
2020-21,1610612761,TOR,1627783,Pascal Siakam,F,43,NA,30559200,NA
2021-22,1610612761,TOR,1627783,Pascal Siakam,F,43,NA,33003936,NA
2022-23,1610612761,TOR,1627783,Pascal Siakam,F,43,NA,35448672,NA
2023-24,1610612761,TOR,1627783,Pascal Siakam,F,43,NA,37893408,NA
2024-25,1610612754,IND,1627783,Pascal Siakam,F,43,Traded from TOR on 01/17/24,42176400,NA
2016-17,1610612742,DAL,1627784,Jarrod Uthoff,F,19,NA,129920,NA
2019-20,1610612764,WAS,1627784,Jarrod Uthoff,F,7,NA,NA,NA
2016-17,1610612751,BKN,1627785,Isaiah Whitehead,G,15,NA,1074145,NA
2017-18,1610612751,BKN,1627785,Isaiah Whitehead,G,15,NA,1312611,NA
2018-19,1610612765,DET,1627785,Isaiah Whitehead,G,12,NA,726390,NA
2016-17,1610612745,HOU,1627786,Troy Williams,F,14,NA,652165,NA
2017-18,1610612752,NYK,1627786,Troy Williams,F,0,NA,1842176,NA
2018-19,1610612758,SAC,1627786,Troy Williams,F,19,NA,77250,NA
2016-17,1610612745,HOU,1627787,Kyle Wiltjer,F,30,NA,543471,NA
2017-18,1610612755,PHI,1627788,Furkan Korkmaz,G-F,30,+ACM-26 Pick in 2016 Draft,1465920,NA
2018-19,1610612755,PHI,1627788,Furkan Korkmaz,G-F,30,NA,1740000,NA
2019-20,1610612755,PHI,1627788,Furkan Korkmaz,G-F,30,NA,1620564,NA
2020-21,1610612755,PHI,1627788,Furkan Korkmaz,G-F,30,NA,1762796,NA
2021-22,1610612755,PHI,1627788,Furkan Korkmaz,G-F,30,NA,4629630,NA
2022-23,1610612755,PHI,1627788,Furkan Korkmaz,G-F,30,NA,5000000,NA
2023-24,1610612755,PHI,1627788,Furkan Korkmaz,G-F,30,NA,5370370,NA
2016-17,1610612755,PHI,1627789,Timothe Luwawu-Cabarrot,G-F,20,NA,NA,NA
2017-18,1610612755,PHI,1627789,Timothe Luwawu-Cabarrot,G-F,7,NA,NA,NA
2018-19,1610612741,CHI,1627789,Timothe Luwawu-Cabarrot,G-F,7,NA,NA,NA
2019-20,1610612751,BKN,1627789,Timothe Luwawu-Cabarrot,G-F,9,NA,NA,NA
2020-21,1610612751,BKN,1627789,Timothe Luwawu-Cabarrot,G-F,9,NA,NA,NA
2021-22,1610612737,ATL,1627789,Timothe Luwawu-Cabarrot,G-F,7,NA,NA,NA
2017-18,1610612739,CLE,1627790,Ante Zizic,F-C,41,NA,1645200,NA
2018-19,1610612739,CLE,1627790,Ante Zizic,C,41,NA,1952760,NA
2019-20,1610612739,CLE,1627790,Ante Zizic,C,41,NA,2281800,NA
2016-17,1610612742,DAL,1627812,Yogi Ferrell,G,11,NA,409300,NA
2017-18,1610612742,DAL,1627812,Yogi Ferrell,G,11,NA,1312611,NA
2018-19,1610612758,SAC,1627812,Yogi Ferrell,G,3,NA,3000000,NA
2020-21,1610612746,LAC,1627812,Yogi Ferrell,G,11,NA,444149,NA
2017-18,1610612737,ATL,1627814,Damion Lee,G,8,NA,138239,NA
2018-19,1610612744,GSW,1627814,Damion Lee,G,1,NA,77250,NA
2019-20,1610612744,GSW,1627814,Damion Lee,G-F,1,NA,842327,NA
2020-21,1610612744,GSW,1627814,Damion Lee,G-F,1,NA,1762796,NA
2021-22,1610612744,GSW,1627814,Damion Lee,G-F,1,NA,1910860,NA
2022-23,1610612756,PHX,1627814,Damion Lee,G-F,10,Signed on 07/01/22,2133278,NA
2023-24,1610612756,PHX,1627814,Damion Lee,G-F,10,NA,2528233,NA
2024-25,1610612756,PHX,1627814,Damion Lee,G-F,10,NA,2800834,NA
2016-17,1610612764,WAS,1627815,Sheldon Mac,G-F,9,NA,543471,NA
2016-17,1610612755,PHI,1627816,Alex Poythress,F,5,NA,73743,NA
2017-18,1610612754,IND,1627816,Alex Poythress,F,0,NA,778668,NA
2018-19,1610612737,ATL,1627816,Alex Poythress,F,22,NA,77250,NA
2016-17,1610612757,POR,1627817,Tim Quarterman,G,55,NA,543471,NA
2016-17,1610612745,HOU,1627819,Isaiah Taylor,G,17,NA,305000,NA
2017-18,1610612737,ATL,1627819,Isaiah Taylor,G,22,NA,1312611,NA
2017-18,1610612746,LAC,1627820,Tyrone Wallace,G,12,NA,77250,NA
2018-19,1610612746,LAC,1627820,Tyrone Wallace,G,9,NA,1349383,NA
2017-18,1610612751,BKN,1627821,James Webb III,F,0,NA,NA,NA
2016-17,1610612743,DEN,1627823,Juancho Hernangomez,F,41,NA,NA,NA
2017-18,1610612743,DEN,1627823,Juancho Hernangomez,F,41,NA,NA,NA
2018-19,1610612743,DEN,1627823,Juancho Hernangomez,F,41,NA,NA,NA
2019-20,1610612750,MIN,1627823,Juancho Hernangomez,F,41,NA,NA,NA
2020-21,1610612750,MIN,1627823,Juancho Hernangomez,F,41,NA,NA,NA
2021-22,1610612762,UTA,1627823,Juancho Hernangomez,F,41,NA,NA,NA
2017-18,1610612738,BOS,1627824,Guerschon Yabusele,F,30,NA,2247480,NA
2018-19,1610612738,BOS,1627824,Guerschon Yabusele,F,30,NA,2667600,NA
2024-25,1610612755,PHI,NA,NA,F,30,1627824,NA,NA
2016-17,1610612747,LAL,1627826,Ivica Zubac,C,40,NA,1034865,NA
2017-18,1610612747,LAL,1627826,Ivica Zubac,C,40,NA,1312611,NA
2018-19,1610612747,LAL,1627826,Ivica Zubac,C,40,NA,1544951,NA
2018-19,1610612746,LAC,1627826,Ivica Zubac,C,40,Traded from LAL on 02/07/19,1544951,2019-02-07
2019-20,1610612746,LAC,1627826,Ivica Zubac,C,40,NA,6481482,NA
2020-21,1610612746,LAC,1627826,Ivica Zubac,C,40,NA,7000000,NA
2021-22,1610612746,LAC,1627826,Ivica Zubac,C,40,NA,7518518,NA
2022-23,1610612746,LAC,1627826,Ivica Zubac,C,40,NA,10123457,NA
2023-24,1610612746,LAC,1627826,Ivica Zubac,C,40,NA,10933333,NA
2024-25,1610612746,LAC,1627826,Ivica Zubac,C,40,NA,11743210,NA
2016-17,1610612742,DAL,1627827,Dorian Finney-Smith,F,10,NA,543471,NA
2017-18,1610612742,DAL,1627827,Dorian Finney-Smith,F,10,NA,1312611,NA
2018-19,1610612742,DAL,1627827,Dorian Finney-Smith,F,10,NA,1544951,NA
2019-20,1610612742,DAL,1627827,Dorian Finney-Smith,F,10,NA,4000000,NA
2020-21,1610612742,DAL,1627827,Dorian Finney-Smith,F,10,NA,4000000,NA
2021-22,1610612742,DAL,1627827,Dorian Finney-Smith,F,10,NA,4000000,NA
2022-23,1610612742,DAL,1627827,Dorian Finney-Smith,F,28,NA,12939848,NA
2022-23,1610612751,BKN,1627827,Dorian Finney-Smith,F,28,Traded from DAL on 02/06/23,12939848,2023-02-06
2023-24,1610612751,BKN,1627827,Dorian Finney-Smith,F,28,NA,13932008,NA
2024-25,1610612751,BKN,1627827,Dorian Finney-Smith,F,28,NA,14924167,NA
2024-25,1610612747,LAL,1627827,Dorian Finney-Smith,F,28,Traded from BKN on 31/12/24,14924167,2024-12-31
2016-17,1610612761,TOR,1627832,Fred VanVleet,G,23,NA,543471,NA
2017-18,1610612761,TOR,1627832,Fred VanVleet,G,23,NA,1312611,NA
2018-19,1610612761,TOR,1627832,Fred VanVleet,G,23,NA,8653847,NA
2019-20,1610612761,TOR,1627832,Fred VanVleet,G,23,NA,9346153,NA
2020-21,1610612761,TOR,1627832,Fred VanVleet,G,23,NA,21250000,NA
2021-22,1610612761,TOR,1627832,Fred VanVleet,G,23,NA,19675926,NA
2022-23,1610612761,TOR,1627832,Fred VanVleet,G,23,NA,21250000,NA
2023-24,1610612745,HOU,1627832,Fred VanVleet,G,23,Signed on 07/07/23,40806300,NA
2024-25,1610612745,HOU,1627832,Fred VanVleet,G,5,NA,42846615,NA
2016-17,1610612758,SAC,1627834,Georgios Papagiannis,C,13,NA,2202240,NA
2017-18,1610612757,POR,1627834,Georgios Papagiannis,C,19,NA,2486757,NA
2016-17,1610612741,CHI,1627835,Paul Zipser,F,16,NA,750000,NA
2017-18,1610612741,CHI,1627835,Paul Zipser,F,16,NA,1312611,NA
2017-18,1610612738,BOS,1627846,Abdel Nader,F,28,NA,1167333,NA
2018-19,1610612760,OKC,1627846,Abdel Nader,F,11,NA,1378242,NA
2019-20,1610612760,OKC,1627846,Abdel Nader,F,11,NA,1618520,NA
2020-21,1610612756,PHX,1627846,Abdel Nader,F,11,NA,1752950,NA
2016-17,1610612755,PHI,1627848,Shawn Long,F,36,NA,154512,NA
2016-17,1610612764,WAS,1627849,Daniel Ochefu,F,32,NA,543471,NA
2016-17,1610612752,NYK,1627850,Marshall Plumlee,C,40,NA,543471,NA
2016-17,1610612752,NYK,1627851,Mindaugas Kuzminskas,F,91,NA,2898000,NA
2016-17,1610612742,DAL,1627852,Nicolas Brussino,F,9,NA,543471,NA
2017-18,1610612741,CHI,1627853,Ryan Arcidiacono,G,15,NA,77250,NA
2018-19,1610612741,CHI,1627853,Ryan Arcidiacono,G,51,NA,1349383,NA
2019-20,1610612741,CHI,1627853,Ryan Arcidiacono,G,51,NA,3000000,NA
2020-21,1610612741,CHI,1627853,Ryan Arcidiacono,G,51,NA,3000000,NA
2023-24,1610612752,NYK,1627853,Ryan Arcidiacono,G,51,Signed on 09/15/23,2528233,NA
2016-17,1610612759,SAS,1627854,Bryn Forbes,G,11,NA,543471,NA
2017-18,1610612759,SAS,1627854,Bryn Forbes,G,11,NA,1312611,NA
2018-19,1610612759,SAS,1627854,Bryn Forbes,G,11,NA,3125000,NA
2019-20,1610612759,SAS,1627854,Bryn Forbes,G,11,NA,2875000,NA
2020-21,1610612749,MIL,1627854,Bryn Forbes,G,7,NA,2337145,NA
2021-22,1610612743,DEN,1627854,Bryn Forbes,G,6,NA,4500000,NA
2016-17,1610612748,MIA,1627855,Okaro White,F,15,NA,310995,NA
2017-18,1610612739,CLE,1627855,Okaro White,F,15,NA,1460927,NA
2017-18,1610612759,SAS,1627856,Matt Costello,F-C,10,NA,77250,NA
2017-18,1610612742,DAL,1627858,Kyle Collinsworth,G,8,NA,595702,NA
2017-18,1610612756,PHX,1627863,Danuel House Jr.,F-G,23,NA,NA,NA
2018-19,1610612745,HOU,1627863,Danuel House Jr.,F-G,4,NA,NA,NA
2019-20,1610612745,HOU,1627863,Danuel House Jr.,F-G,4,NA,NA,NA
2020-21,1610612745,HOU,1627863,Danuel House Jr.,F-G,4,NA,NA,NA
2021-22,1610612762,UTA,1627863,Danuel House Jr.,F-G,25,NA,NA,NA
2022-23,1610612755,PHI,1627863,Danuel House Jr.,F-G,25,Signed on 07/06/22,NA,NA
2023-24,1610612755,PHI,1627863,Danuel House Jr.,F-G,25,NA,NA,NA
2016-17,1610612753,ORL,1627868,Patricio Garino,G-F,29,NA,131968,NA
2016-17,1610612753,ORL,1627875,Marcus Georges-Hunt,G,13,NA,88936,NA
2017-18,1610612750,MIN,1627875,Marcus Georges-Hunt,G,13,NA,1312611,NA
2017-18,1610612742,DAL,1627883,Jalen Jones,F,21,NA,77250,NA
2016-17,1610612756,PHX,1627884,Derrick Jones Jr.,F,10,NA,NA,NA
2017-18,1610612748,MIA,1627884,Derrick Jones Jr.,F-G,5,NA,NA,NA
2018-19,1610612748,MIA,1627884,Derrick Jones Jr.,F-G,5,NA,NA,NA
2019-20,1610612748,MIA,1627884,Derrick Jones Jr.,F,5,NA,NA,NA
2020-21,1610612757,POR,1627884,Derrick Jones Jr.,F,5,NA,NA,NA
2021-22,1610612741,CHI,1627884,Derrick Jones Jr.,F,5,Traded from POR on 08/28/21,NA,NA
2022-23,1610612741,CHI,1627884,Derrick Jones Jr.,F,5,NA,NA,NA
2023-24,1610612742,DAL,1627884,Derrick Jones Jr.,F,55,Signed on 08/18/23,NA,NA
2024-25,1610612746,LAC,1627884,Derrick Jones Jr.,F,55,Signed on 07/09/24,NA,NA
2017-18,1610612756,PHX,1627885,Shaquille Harrison,G,10,NA,230399,NA
2018-19,1610612741,CHI,1627885,Shaquille Harrison,G,3,NA,1325531,NA
2019-20,1610612741,CHI,1627885,Shaquille Harrison,G,3,NA,1620564,NA
2020-21,1610612743,DEN,1627885,Shaquille Harrison,G,3,NA,915048,NA
2022-23,1610612747,LAL,1627885,Shaquille Harrison,G,0,NA,134862,NA
2023-24,1610612763,MEM,1627885,Shaquille Harrison,G,0,Signed on 08/31/23,145301,NA
2017-18,1610612747,LAL,1627936,Alex Caruso,G,4,NA,77250,NA
2018-19,1610612747,LAL,1627936,Alex Caruso,G,4,NA,77250,NA
2019-20,1610612747,LAL,1627936,Alex Caruso,G,4,NA,2750000,NA
2020-21,1610612747,LAL,1627936,Alex Caruso,G,4,NA,2750000,NA
2021-22,1610612741,CHI,1627936,Alex Caruso,G,6,Signed on 08/10/21,8600000,NA
2022-23,1610612741,CHI,1627936,Alex Caruso,G,6,NA,9030000,NA
2023-24,1610612741,CHI,1627936,Alex Caruso,G,6,NA,9460000,NA
2024-25,1610612760,OKC,1627936,Alex Caruso,G,9,Traded from CHI on 06/21/24,9890000,NA
2019-20,1610612740,NOP,1627982,Josh Gray,G,5,NA,79568,NA
2017-18,1610612763,MEM,1627988,Myke Henry,F,4,NA,77250,NA
2016-17,1610612747,LAL,1628021,David Nwaba,G,10,NA,73528,NA
2017-18,1610612741,CHI,1628021,David Nwaba,F,11,NA,1312611,NA
2018-19,1610612739,CLE,1628021,David Nwaba,G,12,NA,1512601,NA
2019-20,1610612745,HOU,1628021,David Nwaba,G-F,0,NA,903111,NA
2020-21,1610612745,HOU,1628021,David Nwaba,G-F,2,NA,1824003,NA
2021-22,1610612745,HOU,1628021,David Nwaba,G-F,2,NA,4650000,NA
2017-18,1610612761,TOR,1628035,Alfonzo McKinnie,F,34,NA,815615,NA
2018-19,1610612744,GSW,1628035,Alfonzo McKinnie,F,28,NA,1349383,NA
2019-20,1610612739,CLE,1628035,Alfonzo McKinnie,F,28,NA,2391985,NA
2020-21,1610612747,LAL,1628035,Alfonzo McKinnie,F,28,NA,1762796,NA
2018-19,1610612761,TOR,1628070,Jordan Loyd,G,8,NA,77250,NA
2021-22,1610612754,IND,1628221,Gabe York,G,NA,Signed on 04/07/22,NA,NA
2022-23,1610612754,IND,1628221,Gabe York,G,32,NA,32171,NA
2018-19,1610612750,MIN,1628249,Mitchell Creek,F-G,55,NA,47370,NA
2017-18,1610612755,PHI,1628365,Markelle Fultz,G,20,NA,7026240,NA
2018-19,1610612755,PHI,1628365,Markelle Fultz,G,20,NA,8339880,NA
2018-19,1610612753,ORL,1628365,Markelle Fultz,G,20,Traded from PHI on 02/07/19,8339880,2019-02-07
2019-20,1610612753,ORL,1628365,Markelle Fultz,G,20,NA,9745200,NA
2020-21,1610612753,ORL,1628365,Markelle Fultz,G,20,NA,12288697,NA
2021-22,1610612753,ORL,1628365,Markelle Fultz,G,20,NA,16500000,NA
2022-23,1610612753,ORL,1628365,Markelle Fultz,G,20,NA,16500000,NA
2023-24,1610612753,ORL,1628365,Markelle Fultz,G,20,NA,17000000,NA
2017-18,1610612747,LAL,1628366,Lonzo Ball,G,2,NA,6286560,NA
2018-19,1610612747,LAL,1628366,Lonzo Ball,G,2,NA,7461960,NA
2019-20,1610612740,NOP,1628366,Lonzo Ball,G,2,NA,8719320,NA
2020-21,1610612740,NOP,1628366,Lonzo Ball,G,2,NA,11003782,NA
2021-22,1610612741,CHI,1628366,Lonzo Ball,G,2,Traded from NOP on 08/08/21,18604651,NA
2022-23,1610612741,CHI,1628366,Lonzo Ball,G,2,NA,19534884,NA
2023-24,1610612741,CHI,1628366,Lonzo Ball,G,2,NA,20465117,NA
2024-25,1610612741,CHI,1628366,Lonzo Ball,G,2,NA,21395348,NA
2017-18,1610612756,PHX,1628367,Josh Jackson,G-F,20,NA,5090040,NA
2018-19,1610612756,PHX,1628367,Josh Jackson,F,20,NA,6041520,NA
2019-20,1610612763,MEM,1628367,Josh Jackson,G-F,20,NA,7059480,NA
2020-21,1610612765,DET,1628367,Josh Jackson,G-F,20,NA,4767000,NA
2021-22,1610612758,SAC,1628367,Josh Jackson,G-F,55,NA,5005350,NA
2017-18,1610612758,SAC,1628368,De'Aaron Fox,G,5,+ACM-5 Pick in 2017 Draft,4609200,NA
2018-19,1610612758,SAC,1628368,De'Aaron Fox,G,5,NA,5470920,NA
2020-21,1610612758,SAC,1628368,De'Aaron Fox,G,5,NA,8099627,NA
2021-22,1610612758,SAC,1628368,De'Aaron Fox,G,5,NA,28103500,NA
2023-24,1610612758,SAC,1628368,De'Aaron Fox,G,5,NA,32600060,NA
2024-25,1610612758,SAC,1628368,De'Aaron Fox,G,5,NA,34848340,NA
2024-25,1610612759,SAS,1628368,De'Aaron Fox,G,5,Traded from SAC on 05/02/25,34848340,2025-02-05
2017-18,1610612738,BOS,1628369,Jayson Tatum,F,0,+ACM-3 Pick in 2017 Draft,5645400,NA
2018-19,1610612738,BOS,1628369,Jayson Tatum,F,0,NA,6700800,NA
2019-20,1610612738,BOS,1628369,Jayson Tatum,F-G,0,NA,7830000,NA
2020-21,1610612738,BOS,1628369,Jayson Tatum,F-G,0,NA,9897120,NA
2021-22,1610612738,BOS,1628369,Jayson Tatum,F-G,0,NA,28103500,NA
2022-23,1610612738,BOS,1628369,Jayson Tatum,F-G,0,NA,30351780,NA
2023-24,1610612738,BOS,1628369,Jayson Tatum,F-G,0,NA,32600060,NA
2024-25,1610612738,BOS,1628369,Jayson Tatum,F-G,0,NA,34848340,NA
2017-18,1610612766,CHA,1628370,Malik Monk,G,1,NA,2904480,NA
2018-19,1610612766,CHA,1628370,Malik Monk,G,1,NA,3447480,NA
2019-20,1610612766,CHA,1628370,Malik Monk,G,1,NA,4028400,NA
2020-21,1610612766,CHA,1628370,Malik Monk,G,1,NA,5345687,NA
2021-22,1610612747,LAL,1628370,Malik Monk,G,11,NA,1789256,NA
2023-24,1610612758,SAC,1628370,Malik Monk,G,0,Signed on 07/06/22,9945830,NA
2024-25,1610612758,SAC,1628370,Malik Monk,G,0,NA,17405203,NA
2017-18,1610612753,ORL,1628371,Jonathan Isaac,F,1,+ACM-6 Pick in 2017 Draft,4186320,NA
2018-19,1610612753,ORL,1628371,Jonathan Isaac,F,1,NA,4969080,NA
2019-20,1610612753,ORL,1628371,Jonathan Isaac,F,1,NA,5806440,NA
2020-21,1610612753,ORL,1628371,Jonathan Isaac,F,1,NA,7362565,NA
2021-22,1610612753,ORL,1628371,Jonathan Isaac,F,1,NA,17400000,NA
2022-23,1610612753,ORL,1628371,Jonathan Isaac,F,1,NA,17400000,NA
2023-24,1610612753,ORL,1628371,Jonathan Isaac,F,1,NA,17400000,NA
2024-25,1610612753,ORL,1628371,Jonathan Isaac,F,1,NA,27600000,NA
2017-18,1610612742,DAL,1628372,Dennis Smith Jr.,G,1,NA,NA,NA
2018-19,1610612752,NYK,1628372,Dennis Smith Jr.,G,5,NA,NA,NA
2019-20,1610612752,NYK,1628372,Dennis Smith Jr.,G,5,NA,NA,NA
2020-21,1610612765,DET,1628372,Dennis Smith Jr.,G,0,NA,NA,NA
2022-23,1610612766,CHA,1628372,Dennis Smith Jr.,G,8,NA,NA,NA
2023-24,1610612751,BKN,1628372,Dennis Smith Jr.,G,4,Signed on 07/08/23,NA,NA
2017-18,1610612752,NYK,1628373,Frank Ntilikina,G,11,NA,3501120,NA
2018-19,1610612752,NYK,1628373,Frank Ntilikina,G,11,NA,4155720,NA
2019-20,1610612752,NYK,1628373,Frank Ntilikina,G,11,NA,4855800,NA
2020-21,1610612752,NYK,1628373,Frank Ntilikina,G,11,NA,6176578,NA
2021-22,1610612742,DAL,1628373,Frank Ntilikina,G,21,Signed on 09/16/21,1789256,NA
2022-23,1610612742,DAL,1628373,Frank Ntilikina,G,21,NA,2036318,NA
2023-24,1610612766,CHA,1628373,Frank Ntilikina,G,21,Signed on 08/05/23,2528233,NA
2017-18,1610612741,CHI,1628374,Lauri Markkanen,F,24,NA,3821640,NA
2018-19,1610612741,CHI,1628374,Lauri Markkanen,F,24,NA,4536120,NA
2019-20,1610612741,CHI,1628374,Lauri Markkanen,F-C,24,NA,5300400,NA
2020-21,1610612741,CHI,1628374,Lauri Markkanen,F-C,24,NA,6731508,NA
2021-22,1610612739,CLE,1628374,Lauri Markkanen,F-C,24,NA,15690909,NA
2022-23,1610612762,UTA,1628374,Lauri Markkanen,F-C,23,Traded from CLE on 09/03/22,16475454,NA
2023-24,1610612762,UTA,1628374,Lauri Markkanen,F-C,23,NA,17259999,NA
2024-25,1610612762,UTA,1628374,Lauri Markkanen,F-C,23,NA,42176400,NA
2017-18,1610612762,UTA,1628378,Donovan Mitchell,G,45,NA,2621280,NA
2019-20,1610612762,UTA,1628378,Donovan Mitchell,G,45,NA,3635760,NA
2020-21,1610612762,UTA,1628378,Donovan Mitchell,G,45,NA,5195501,NA
2021-22,1610612762,UTA,1628378,Donovan Mitchell,G,45,NA,28103500,NA
2022-23,1610612739,CLE,1628378,Donovan Mitchell,G,45,Traded from UTA on 09/03/22,30913750,NA
2023-24,1610612739,CLE,1628378,Donovan Mitchell,G,45,NA,33162030,NA
2024-25,1610612739,CLE,1628378,Donovan Mitchell,G,45,NA,35410310,NA
2017-18,1610612765,DET,1628379,Luke Kennard,G,5,NA,2759280,NA
2018-19,1610612765,DET,1628379,Luke Kennard,G,5,NA,3275280,NA
2019-20,1610612765,DET,1628379,Luke Kennard,G,5,NA,3827160,NA
2020-21,1610612746,LAC,1628379,Luke Kennard,G,5,NA,5273826,NA
2021-22,1610612746,LAC,1628379,Luke Kennard,G,5,NA,13347727,NA
2022-23,1610612746,LAC,1628379,Luke Kennard,G,10,NA,13745455,NA
2022-23,1610612763,MEM,1628379,Luke Kennard,G,10,Traded from LAC on 02/09/23,13745455,2023-02-09
2023-24,1610612763,MEM,1628379,Luke Kennard,G,10,NA,14763636,NA
2024-25,1610612763,MEM,1628379,Luke Kennard,G,10,NA,9250000,NA
2017-18,1610612757,POR,1628380,Zach Collins,C-F,33,NA,3057240,NA
2018-19,1610612757,POR,1628380,Zach Collins,F-C,33,NA,3628920,NA
2019-20,1610612757,POR,1628380,Zach Collins,F-C,33,NA,4240200,NA
2020-21,1610612757,POR,1628380,Zach Collins,F-C,33,NA,5406255,NA
2021-22,1610612759,SAS,1628380,Zach Collins,F-C,23,Signed on 08/11/21,7000000,NA
2022-23,1610612759,SAS,1628380,Zach Collins,F-C,23,NA,7350000,NA
2023-24,1610612759,SAS,1628380,Zach Collins,F-C,23,NA,7700000,NA
2024-25,1610612759,SAS,1628380,Zach Collins,F-C,23,NA,16741200,NA
2024-25,1610612741,CHI,1628380,Zach Collins,F-C,23,Traded from SAS on 08/02/25,16741200,2025-02-08
2017-18,1610612737,ATL,1628381,John Collins,F-C,20,NA,1936920,NA
2018-19,1610612737,ATL,1628381,John Collins,F-C,20,NA,2299080,NA
2019-20,1610612737,ATL,1628381,John Collins,F,20,NA,2686560,NA
2020-21,1610612737,ATL,1628381,John Collins,F-C,20,NA,4137302,NA
2021-22,1610612737,ATL,1628381,John Collins,F-C,20,NA,23000000,NA
2022-23,1610612737,ATL,1628381,John Collins,F-C,20,NA,23500000,NA
2023-24,1610612762,UTA,1628381,John Collins,F-C,20,Traded from ATL on 07/07/23,25340000,NA
2024-25,1610612762,UTA,1628381,John Collins,F-C,20,NA,26580000,NA
2017-18,1610612758,SAC,1628382,Justin Jackson,F,25,NA,2365560,NA
2018-19,1610612742,DAL,1628382,Justin Jackson,F,44,NA,2807880,NA
2019-20,1610612742,DAL,1628382,Justin Jackson,F,44,NA,3280920,NA
2020-21,1610612749,MIL,1628382,Justin Jackson,F,44,NA,5109637,NA
2017-18,1610612750,MIN,1628383,Justin Patton,C,24,NA,2247480,NA
2019-20,1610612765,DET,1628383,Justin Patton,C,12,NA,483115,NA
2017-18,1610612761,TOR,1628384,OG Anunoby,F,3,+ACM-23 Pick in 2017 Draft,NA,NA
2018-19,1610612761,TOR,1628384,OG Anunoby,F,3,NA,NA,NA
2019-20,1610612761,TOR,1628384,OG Anunoby,F,3,NA,NA,NA
2020-21,1610612761,TOR,1628384,OG Anunoby,F,3,NA,NA,NA
2021-22,1610612761,TOR,1628384,OG Anunoby,F,3,NA,NA,NA
2022-23,1610612761,TOR,1628384,OG Anunoby,F,3,NA,NA,NA
2023-24,1610612761,TOR,1628384,OG Anunoby,F,3,NA,NA,NA
2024-25,1610612752,NYK,1628384,OG Anunoby,F-G,8,Traded from TOR on 12/30/23,36637932,NA
2017-18,1610612758,SAC,1628385,Harry Giles III,F-C,20,NA,NA,NA
2018-19,1610612758,SAC,1628385,Harry Giles III,F-C,20,NA,NA,NA
2020-21,1610612757,POR,1628385,Harry Giles III,F-C,4,NA,NA,NA
2023-24,1610612751,BKN,1628385,Harry Giles III,F-C,14,Signed on 09/06/23,NA,NA
2024-25,1610612766,CHA,1628385,Harry Giles III,F-C,20,Signed on 09/25/24,NA,NA
2017-18,1610612751,BKN,1628386,Jarrett Allen,C,31,NA,1713720,NA
2018-19,1610612751,BKN,1628386,Jarrett Allen,C,31,NA,2034120,NA
2019-20,1610612751,BKN,1628386,Jarrett Allen,C,31,NA,2376840,NA
2020-21,1610612751,BKN,1628386,Jarrett Allen,C,31,NA,3909902,NA
2020-21,1610612739,CLE,1628386,Jarrett Allen,C,31,Traded from BKN on 01/16/21,3909902,2021-01-16
2021-22,1610612739,CLE,1628386,Jarrett Allen,C,31,NA,20000000,NA
2022-23,1610612739,CLE,1628386,Jarrett Allen,C,31,NA,20000000,NA
2023-24,1610612739,CLE,1628386,Jarrett Allen,C,31,NA,20000000,NA
2024-25,1610612739,CLE,1628386,Jarrett Allen,C,31,NA,20000000,NA
2017-18,1610612754,IND,1628387,Ike Anigbogu,C-F,13,NA,950000,NA
2017-18,1610612754,IND,1628388,T.J. Leaf,F,22,NA,NA,NA
2018-19,1610612754,IND,1628388,T.J. Leaf,F,22,NA,NA,NA
2019-20,1610612754,IND,1628388,T.J. Leaf,F,22,NA,NA,NA
2020-21,1610612757,POR,1628388,T.J. Leaf,F,18,NA,NA,NA
2017-18,1610612748,MIA,1628389,Bam Adebayo,C-F,13,+ACM-14 Pick in 2017 Draft,2490360,NA
2018-19,1610612748,MIA,1628389,Bam Adebayo,C-F,13,NA,2955840,NA
2019-20,1610612748,MIA,1628389,Bam Adebayo,C-F,13,NA,3454080,NA
2020-21,1610612748,MIA,1628389,Bam Adebayo,C-F,13,NA,5115492,NA
2021-22,1610612748,MIA,1628389,Bam Adebayo,C-F,13,NA,28103500,NA
2022-23,1610612748,MIA,1628389,Bam Adebayo,C-F,13,NA,30351780,NA
2023-24,1610612748,MIA,1628389,Bam Adebayo,C-F,13,NA,32600060,NA
2024-25,1610612748,MIA,1628389,Bam Adebayo,C-F,13,NA,34848340,NA
2017-18,1610612760,OKC,1628390,Terrance Ferguson,G,23,NA,1785000,NA
2018-19,1610612760,OKC,1628390,Terrance Ferguson,G,23,NA,2118840,NA
2019-20,1610612760,OKC,1628390,Terrance Ferguson,G,23,NA,2475840,NA
2018-19,1610612749,MIL,1628391,D.J. Wilson,F,5,NA,NA,NA
2019-20,1610612749,MIL,1628391,D.J. Wilson,F,5,NA,NA,NA
2020-21,1610612745,HOU,1628391,D.J. Wilson,F,0,NA,NA,NA
2023-24,1610612753,ORL,1628391,D.J. Wilson,F,23,Signed on 09/28/23,NA,NA
2018-19,1610612745,HOU,1628392,Isaiah Hartenstein,F-C,55,NA,838464,NA
2020-21,1610612739,CLE,1628392,Isaiah Hartenstein,C-F,55,NA,1620564,NA
2021-22,1610612746,LAC,1628392,Isaiah Hartenstein,C-F,55,NA,1729217,NA
2022-23,1610612752,NYK,1628392,Isaiah Hartenstein,C-F,55,Signed on 07/12/22,8854879,NA
2023-24,1610612752,NYK,1628392,Isaiah Hartenstein,C-F,55,NA,9245121,NA
2024-25,1610612760,OKC,1628392,Isaiah Hartenstein,C-F,55,Signed on 07/06/24,30000000,NA
2017-18,1610612746,LAC,1628393,Jawun Evans,G,1,NA,815615,NA
2018-19,1610612760,OKC,1628393,Jawun Evans,G,8,NA,1455492,NA
2019-20,1610612764,WAS,1628394,Anžejs Pasečņiks,C-F,18,NA,482144,NA
2024-25,1610612749,MIL,1628394,Anžejs Pasečņiks,C-F,18,Signed on 08/10/24,NA,NA
2017-18,1610612744,GSW,1628395,Jordan Bell,C-F,2,NA,815615,NA
2018-19,1610612744,GSW,1628395,Jordan Bell,F,2,NA,1378242,NA
2019-20,1610612739,CLE,1628395,Jordan Bell,F,5,NA,250000,NA
2020-21,1610612744,GSW,1628395,Jordan Bell,F,7,NA,592368,NA
2017-18,1610612762,UTA,1628396,Tony Bradley,C,13,NA,1414920,NA
2019-20,1610612762,UTA,1628396,Tony Bradley,C-F,13,NA,1962360,NA
2020-21,1610612760,OKC,1628396,Tony Bradley,C-F,13,NA,3542060,NA
2021-22,1610612741,CHI,1628396,Tony Bradley,C-F,13,NA,1789256,NA
2017-18,1610612763,MEM,1628397,Ivan Rabb,F,10,NA,950000,NA
2018-19,1610612763,MEM,1628397,Ivan Rabb,F,10,NA,1378242,NA
2017-18,1610612747,LAL,1628398,Kyle Kuzma,F,0,NA,1423560,NA
2018-19,1610612747,LAL,1628398,Kyle Kuzma,F,0,NA,1689840,NA
2019-20,1610612747,LAL,1628398,Kyle Kuzma,F,0,NA,1974600,NA
2020-21,1610612747,LAL,1628398,Kyle Kuzma,F,0,NA,3562178,NA
2021-22,1610612764,WAS,1628398,Kyle Kuzma,F,33,Traded from LAL on 08/06/21,13000000,NA
2022-23,1610612764,WAS,1628398,Kyle Kuzma,F,33,NA,13000000,NA
2023-24,1610612764,WAS,1628398,Kyle Kuzma,F,33,NA,25568182,NA
2024-25,1610612764,WAS,1628398,Kyle Kuzma,F,33,NA,24456060,NA
2024-25,1610612749,MIL,1628398,Kyle Kuzma,F,33,Traded from WAS on 07/02/25,24456060,2025-02-07
2017-18,1610612743,DEN,1628399,Tyler Lydon,F,20,NA,1579440,NA
2018-19,1610612743,DEN,1628399,Tyler Lydon,F,20,NA,1874640,NA
2017-18,1610612738,BOS,1628400,Semi Ojeleye,F,37,NA,1291892,NA
2018-19,1610612738,BOS,1628400,Semi Ojeleye,F,37,NA,1378242,NA
2019-20,1610612738,BOS,1628400,Semi Ojeleye,F,37,NA,1618520,NA
2020-21,1610612738,BOS,1628400,Semi Ojeleye,F,37,NA,1752950,NA
2017-18,1610612759,SAS,1628401,Derrick White,G,4,NA,1404600,NA
2018-19,1610612759,SAS,1628401,Derrick White,G,4,NA,1667160,NA
2019-20,1610612759,SAS,1628401,Derrick White,G,4,NA,1948080,NA
2021-22,1610612759,SAS,1628401,Derrick White,G,9,NA,15678571,NA
2021-22,1610612738,BOS,1628401,Derrick White,G,9,Traded from SAS on 02/10/22,15678571,2022-02-10
2022-23,1610612738,BOS,1628401,Derrick White,G,9,NA,17142857,NA
2023-24,1610612738,BOS,1628401,Derrick White,G,9,NA,18857143,NA
2024-25,1610612738,BOS,1628401,Derrick White,G,9,NA,19821429,NA
2017-18,1610612740,NOP,1628402,Frank Jackson,G,15,NA,815615,NA
2018-19,1610612740,NOP,1628402,Frank Jackson,G,15,NA,1378242,NA
2019-20,1610612740,NOP,1628402,Frank Jackson,G,15,NA,1618520,NA
2020-21,1610612765,DET,1628402,Frank Jackson,G,5,NA,699115,NA
2021-22,1610612765,DET,1628402,Frank Jackson,G,5,NA,3000000,NA
2017-18,1610612757,POR,1628403,Caleb Swanigan,F-C,50,NA,1465920,NA
2018-19,1610612758,SAC,1628403,Caleb Swanigan,F,50,NA,1740000,NA
2019-20,1610612757,POR,1628403,Caleb Swanigan,F,50,NA,2033160,NA
2017-18,1610612747,LAL,1628404,Josh Hart,G,5,NA,1394520,NA
2018-19,1610612747,LAL,1628404,Josh Hart,G,3,NA,1655160,NA
2019-20,1610612740,NOP,1628404,Josh Hart,G,3,NA,1934160,NA
2020-21,1610612740,NOP,1628404,Josh Hart,G,3,NA,3491159,NA
2021-22,1610612757,POR,1628404,Josh Hart,G,11,NA,12000000,NA
2022-23,1610612757,POR,1628404,Josh Hart,G,3,NA,12960000,NA
2022-23,1610612752,NYK,1628404,Josh Hart,G,3,Traded from POR on 02/09/23,12960000,2023-02-09
2023-24,1610612752,NYK,1628404,Josh Hart,G,3,NA,12960000,NA
2024-25,1610612752,NYK,1628404,Josh Hart,G,3,NA,18144000,NA
2017-18,1610612742,DAL,1628405,Johnathan Motley,F,6,NA,77250,NA
2018-19,1610612746,LAC,1628405,Johnathan Motley,F,15,NA,77250,NA
2019-20,1610612746,LAC,1628405,Johnathan Motley,F,15,NA,79568,NA
2017-18,1610612766,CHA,1628407,Dwayne Bacon,F,7,NA,815615,NA
2018-19,1610612766,CHA,1628407,Dwayne Bacon,G-F,7,NA,1378242,NA
2019-20,1610612766,CHA,1628407,Dwayne Bacon,G-F,7,NA,1618520,NA
2020-21,1610612753,ORL,1628407,Dwayne Bacon,G-F,8,NA,1678854,NA
2017-18,1610612760,OKC,1628408,PJ Dozier,G,35,NA,77250,NA
2018-19,1610612738,BOS,1628408,PJ Dozier,G-F,50,NA,77250,NA
2019-20,1610612743,DEN,1628408,PJ Dozier,G-F,35,NA,183115,NA
2020-21,1610612743,DEN,1628408,PJ Dozier,G-F,35,NA,1762796,NA
2024-25,1610612750,MIN,1628408,PJ Dozier,G-F,35,Signed on 07/15/24,1051255,NA
2017-18,1610612756,PHX,1628409,Alec Peters,F,25,NA,77250,NA
2017-18,1610612754,IND,1628410,Edmond Sumner,G,5,NA,77250,NA
2018-19,1610612754,IND,1628410,Edmond Sumner,G,5,NA,449794,NA
2019-20,1610612754,IND,1628410,Edmond Sumner,G,5,NA,2000000,NA
2020-21,1610612754,IND,1628410,Edmond Sumner,G,5,NA,2160000,NA
2022-23,1610612751,BKN,1628410,Edmond Sumner,G,4,Traded from IND on 10/06/21,1968175,NA
2023-24,1610612766,CHA,1628410,Edmond Sumner,G,4,Signed on 09/29/23,40459,NA
2017-18,1610612753,ORL,1628411,Wes Iwundu,F,25,NA,NA,NA
2018-19,1610612753,ORL,1628411,Wes Iwundu,F,25,NA,NA,NA
2019-20,1610612753,ORL,1628411,Wes Iwundu,F,25,NA,NA,NA
2020-21,1610612740,NOP,1628411,Wes Iwundu,F,4,NA,NA,NA
2017-18,1610612758,SAC,1628412,Frank Mason III,G,10,NA,NA,NA
2018-19,1610612758,SAC,1628412,Frank Mason III,G,10,NA,NA,NA
2019-20,1610612749,MIL,1628412,Frank Mason III,G,15,NA,NA,NA
2018-19,1610612755,PHI,1628413,Jonah Bolden,F,43,NA,1690000,NA
2017-18,1610612746,LAC,1628414,Sindarius Thornwell,G,0,NA,815615,NA
2018-19,1610612746,LAC,1628414,Sindarius Thornwell,G,0,NA,1378242,NA
2019-20,1610612740,NOP,1628414,Sindarius Thornwell,G,12,NA,183115,NA
2020-21,1610612753,ORL,1628414,Sindarius Thornwell,G,15,NA,1235889,NA
2017-18,1610612763,MEM,1628415,Dillon Brooks,F-G,24,NA,815615,NA
2018-19,1610612763,MEM,1628415,Dillon Brooks,G-F,24,NA,1378242,NA
2019-20,1610612763,MEM,1628415,Dillon Brooks,G-F,24,NA,1618520,NA
2020-21,1610612763,MEM,1628415,Dillon Brooks,G-F,24,NA,11400000,NA
2021-22,1610612763,MEM,1628415,Dillon Brooks,G-F,24,NA,12200000,NA
2022-23,1610612763,MEM,1628415,Dillon Brooks,G-F,24,NA,11400000,NA
2023-24,1610612745,HOU,1628415,Dillon Brooks,G-F,24,Traded from MEM on 07/08/23,22627671,NA
2024-25,1610612745,HOU,1628415,Dillon Brooks,G-F,9,NA,23255493,NA
2017-18,1610612737,ATL,1628416,Tyler Dorsey,G,2,NA,815615,NA
2018-19,1610612763,MEM,1628416,Tyler Dorsey,G,22,NA,1378242,NA
2018-19,1610612739,CLE,1628417,Jaron Blossomgame,F,4,NA,77250,NA
2017-18,1610612747,LAL,1628418,Thomas Bryant,C,31,NA,815615,NA
2018-19,1610612764,WAS,1628418,Thomas Bryant,C,13,NA,1378242,NA
2019-20,1610612764,WAS,1628418,Thomas Bryant,C-F,13,NA,8000000,NA
2020-21,1610612764,WAS,1628418,Thomas Bryant,C-F,13,NA,8333333,NA
2021-22,1610612764,WAS,1628418,Thomas Bryant,C-F,13,NA,8666667,NA
2022-23,1610612743,DEN,1628418,Thomas Bryant,C-F,13,NA,1968175,NA
2023-24,1610612748,MIA,1628418,Thomas Bryant,C-F,13,Signed on 07/02/23,2528233,NA
2024-25,1610612748,MIA,1628418,Thomas Bryant,C-F,31,NA,NA,NA
2024-25,1610612754,IND,1628418,Thomas Bryant,C-F,31,Traded from MIA on 15/12/24,NA,2024-12-15
2017-18,1610612743,DEN,1628420,Monté Morris,G,11,NA,77250,NA
2018-19,1610612743,DEN,1628420,Monté Morris,G,11,NA,1349383,NA
2019-20,1610612743,DEN,1628420,Monté Morris,G,11,NA,1588231,NA
2020-21,1610612743,DEN,1628420,Monté Morris,G,11,NA,1723707,NA
2021-22,1610612743,DEN,1628420,Monté Morris,G,11,NA,8449074,NA
2022-23,1610612764,WAS,1628420,Monté Morris,G,22,NA,9125000,NA
2023-24,1610612765,DET,1628420,Monté Morris,G,5,Traded from WAS on 07/06/23,9800926,NA
2024-25,1610612756,PHX,1628420,Monté Morris,G,23,Signed on 07/03/24,NA,NA
2017-18,1610612764,WAS,1628421,Devin Robinson,F,7,NA,77250,NA
2018-19,1610612764,WAS,1628421,Devin Robinson,F,7,NA,77250,NA
2017-18,1610612752,NYK,1628422,Damyean Dotson,G,21,NA,1100000,NA
2018-19,1610612752,NYK,1628422,Damyean Dotson,G,21,NA,1378242,NA
2019-20,1610612752,NYK,1628422,Damyean Dotson,G,21,NA,1618520,NA
2020-21,1610612739,CLE,1628422,Damyean Dotson,G,21,NA,2000000,NA
2017-18,1610612763,MEM,1628424,Kobi Simmons,G,2,NA,77250,NA
2019-20,1610612766,CHA,1628424,Kobi Simmons,G,23,Signed on 09/16/19,79568,NA
2022-23,1610612766,CHA,1628424,Kobi Simmons,G,23,NA,32795,NA
2018-19,1610612749,MIL,1628425,Sterling Brown,G,23,NA,1378242,NA
2019-20,1610612749,MIL,1628425,Sterling Brown,G-F,23,NA,1618520,NA
2020-21,1610612745,HOU,1628425,Sterling Brown,G-F,0,NA,1678854,NA
2021-22,1610612742,DAL,1628425,Sterling Brown,G-F,0,NA,3000000,NA
2023-24,1610612758,SAC,NA,NA,F,NA,1628426,NA,NA
2019-20,1610612743,DEN,1628427,Vlatko Čančar,F,31,+ACM-49 Pick in 2017 Draft,898310,NA
2020-21,1610612743,DEN,1628427,Vlatko Čančar,F,31,NA,1517981,NA
2021-22,1610612743,DEN,1628427,Vlatko Čančar,F,31,NA,1782621,NA
2022-23,1610612743,DEN,1628427,Vlatko Čančar,F,31,NA,2234359,NA
2023-24,1610612743,DEN,1628427,Vlatko Čančar,F,31,NA,2234359,NA
2024-25,1610612743,DEN,1628427,Vlatko Čančar,F,31,NA,NA,NA
2017-18,1610612740,NOP,1628429,Charles Cooke,G,4,NA,77250,NA
2019-20,1610612762,UTA,1628430,Nigel Williams-Goss,G,0,NA,1500000,NA
2017-18,1610612756,PHX,1628432,Davon Reed,G,32,NA,815615,NA
2018-19,1610612754,IND,1628432,Davon Reed,G,32,NA,752250,NA
2021-22,1610612743,DEN,1628432,Davon Reed,G,9,NA,532398,NA
2017-18,1610612752,NYK,1628436,Luke Kornet,F-C,2,NA,77250,NA
2018-19,1610612752,NYK,1628436,Luke Kornet,F-C,2,NA,1619260,NA
2019-20,1610612741,CHI,1628436,Luke Kornet,F-C,2,NA,2250000,NA
2020-21,1610612738,BOS,1628436,Luke Kornet,F-C,40,Signed on 02/11/22,2250000,NA
2021-22,1610612738,BOS,1628436,Luke Kornet,C-F,40,NA,812364,NA
2022-23,1610612738,BOS,1628436,Luke Kornet,C-F,40,NA,2133278,NA
2023-24,1610612738,BOS,1628436,Luke Kornet,C-F,40,NA,2413304,NA
2024-25,1610612738,BOS,1628436,Luke Kornet,C-F,40,NA,2800834,NA
2017-18,1610612752,NYK,1628439,Isaiah Hicks,F,4,NA,77250,NA
2018-19,1610612752,NYK,1628439,Isaiah Hicks,F,4,NA,77250,NA
2017-18,1610612738,BOS,1628443,Kadeem Allen,G,45,NA,77250,NA
2018-19,1610612752,NYK,1628443,Kadeem Allen,G,0,NA,77250,NA
2017-18,1610612738,BOS,1628444,Jabari Bird,G,26,NA,77250,NA
2018-19,1610612761,TOR,1628449,Chris Boucher,F,25,Signed on 07/20/18,457418,NA
2019-20,1610612761,TOR,1628449,Chris Boucher,F-C,25,NA,1588231,NA
2020-21,1610612761,TOR,1628449,Chris Boucher,F-C,25,NA,6500000,NA
2021-22,1610612761,TOR,1628449,Chris Boucher,F-C,25,NA,7020000,NA
2022-23,1610612761,TOR,1628449,Chris Boucher,F-C,25,NA,12690000,NA
2023-24,1610612761,TOR,1628449,Chris Boucher,F-C,25,NA,11750000,NA
2024-25,1610612761,TOR,1628449,Chris Boucher,F,25,NA,10810000,NA
2020-21,1610612751,BKN,1628455,Mike James,G,55,NA,237648,NA
2017-18,1610612746,LAC,1628462,Milos Teodosic,G,4,NA,6000000,NA
2017-18,1610612737,ATL,1628463,Tyler Cavanaugh,F,34,NA,77250,NA
2017-18,1610612738,BOS,1628464,Daniel Theis,F-C,27,NA,815615,NA
2018-19,1610612738,BOS,1628464,Daniel Theis,F,27,NA,1378242,NA
2019-20,1610612738,BOS,1628464,Daniel Theis,F-C,27,NA,5000000,NA
2020-21,1610612741,CHI,1628464,Daniel Theis,F-C,27,NA,5000000,NA
2021-22,1610612738,BOS,1628464,Daniel Theis,F-C,27,NA,8280351,NA
2022-23,1610612754,IND,1628464,Daniel Theis,F-C,27,Traded from BOS on 07/09/22,8694369,NA
2023-24,1610612754,IND,1628464,Daniel Theis,F-C,27,NA,9108387,NA
2024-25,1610612740,NOP,1628464,Daniel Theis,F-C,10,Signed on 07/09/24,2800834,NA
2017-18,1610612742,DAL,1628467,Maxi Kleber,F,42,Signed on 07/12/17,815615,NA
2018-19,1610612742,DAL,1628467,Maxi Kleber,F,42,NA,1378242,NA
2019-20,1610612742,DAL,1628467,Maxi Kleber,F,42,NA,8000000,NA
2020-21,1610612742,DAL,1628467,Maxi Kleber,F,42,NA,8475000,NA
2021-22,1610612742,DAL,1628467,Maxi Kleber,F,42,NA,8750000,NA
2022-23,1610612742,DAL,1628467,Maxi Kleber,F,42,NA,9000000,NA
2023-24,1610612742,DAL,1628467,Maxi Kleber,F,42,NA,11000000,NA
2024-25,1610612742,DAL,1628467,Maxi Kleber,F,42,NA,11000000,NA
2024-25,1610612747,LAL,1628467,Maxi Kleber,F,42,Traded from DAL on 30/04/25,11000000,2025-04-30
2017-18,1610612741,CHI,1628469,Antonio Blakeney,G,9,NA,77250,NA
2018-19,1610612741,CHI,1628469,Antonio Blakeney,G,9,NA,1349383,NA
2017-18,1610612743,DEN,1628470,Torrey Craig,G-F,3,NA,77250,NA
2018-19,1610612743,DEN,1628470,Torrey Craig,F,3,NA,2000000,NA
2019-20,1610612743,DEN,1628470,Torrey Craig,F,3,NA,2000000,NA
2020-21,1610612756,PHX,1628470,Torrey Craig,F,12,NA,1678854,NA
2021-22,1610612756,PHX,1628470,Torrey Craig,F,0,NA,4878049,NA
2022-23,1610612756,PHX,1628470,Torrey Craig,F,0,NA,5121951,NA
2023-24,1610612741,CHI,1628470,Torrey Craig,F,0,Signed on 07/15/23,2528233,NA
2024-25,1610612741,CHI,1628470,Torrey Craig,F,13,NA,3891631,NA
2024-25,1610612738,BOS,1628470,Torrey Craig,F,13,Traded from CHI on 12/02/25,3891631,2025-02-12
2017-18,1610612748,MIA,1628476,Derrick Walton Jr.,G,14,NA,NA,NA
2017-18,1610612766,CHA,1628493,Mangok Mathiang,F-C,9,NA,77250,NA
2017-18,1610612751,BKN,1628495,Milton Doyle,G,14,NA,127250,NA
2017-18,1610612737,ATL,1628499,Antonius Cleveland,G,0,NA,384116,NA
2019-20,1610612742,DAL,1628499,Antonius Cleveland,G,3,NA,79568,NA
2017-18,1610612754,IND,1628500,Ben Moore,F,26,NA,77250,NA
2018-19,1610612759,SAS,1628500,Ben Moore,F,26,NA,222099,NA
2017-18,1610612758,SAC,1628502,Nigel Hayes,F,40,NA,193532,NA
2017-18,1610612753,ORL,1628503,Jamel Artis,G,0,NA,77250,NA
2018-19,1610612753,ORL,1628505,Troy Caupain,G,3,NA,77250,NA
2017-18,1610612737,ATL,1628510,Andrew White III,F,4,NA,NA,NA
2019-20,1610612754,IND,1628513,Naz Mitrou-Long,G,15,NA,NA,NA
2017-18,1610612750,MIN,1628518,Amile Jefferson,F,10,NA,77250,NA
2018-19,1610612753,ORL,1628518,Amile Jefferson,F,11,NA,77250,NA
2017-18,1610612737,ATL,1628537,Jaylen Morris,G,3,NA,198143,NA
2019-20,1610612744,GSW,1628539,Mychal Mulder,G,12,NA,187782,NA
2020-21,1610612744,GSW,1628539,Mychal Mulder,G,15,NA,1517981,NA
2021-22,1610612748,MIA,1628539,Mychal Mulder,G,12,NA,257902,NA
2023-24,1610612763,MEM,1628539,Mychal Mulder,G,15,Signed on 09/30/23,NA,NA
2017-18,1610612762,UTA,1628571,Erik McCree,F,21,NA,77250,NA
2020-21,1610612754,IND,1628578,Amida Brimah,C,37,NA,123056,NA
2018-19,1610612752,NYK,1628656,Billy Garrett,G-F,3,NA,67370,NA
2017-18,1610612753,ORL,1628681,Rodney Purvis,G,15,NA,165887,NA
2019-20,1610612761,TOR,1628778,Paul Watson,G,1,NA,79568,NA
2020-21,1610612761,TOR,1628778,Paul Watson,G,1,NA,1445697,NA
2017-18,1610612745,HOU,1628935,Aaron Jackson,G,5,NA,46079,NA
2018-19,1610612741,CHI,1628959,Rawle Alkins,G,20,NA,77250,NA
2019-20,1610612763,MEM,1628960,Grayson Allen,G,3,NA,2429400,NA
2020-21,1610612763,MEM,1628960,Grayson Allen,G,3,NA,2545320,NA
2021-22,1610612749,MIL,1628960,Grayson Allen,G,7,Traded from MEM on 08/07/21,4054695,NA
2022-23,1610612749,MIL,1628960,Grayson Allen,G,12,NA,8925000,NA
2023-24,1610612756,PHX,1628960,Grayson Allen,G,8,Traded from MIL on 09/27/23,8925000,NA
2024-25,1610612756,PHX,1628960,Grayson Allen,G,8,NA,15625000,NA
2018-19,1610612742,DAL,1628961,Kostas Antetokounmpo,F,37,NA,77250,NA
2019-20,1610612747,LAL,1628961,Kostas Antetokounmpo,F,37,NA,79568,NA
2020-21,1610612747,LAL,1628961,Kostas Antetokounmpo,F,37,NA,449115,NA
2020-21,1610612762,UTA,1628962,Udoka Azubuike,C-F,20,NA,1977000,NA
2021-22,1610612762,UTA,1628962,Udoka Azubuike,C-F,20,NA,2075880,NA
2022-23,1610612762,UTA,1628962,Udoka Azubuike,C-F,20,NA,2174880,NA
2023-24,1610612756,PHX,1628962,Udoka Azubuike,C-F,20,Signed on 08/08/23,559782,NA
2018-19,1610612758,SAC,1628963,Marvin Bagley III,F,35,NA,NA,NA
2020-21,1610612758,SAC,1628963,Marvin Bagley III,F,35,NA,NA,NA
2021-22,1610612758,SAC,1628963,Marvin Bagley III,F,35,NA,NA,NA
2021-22,1610612765,DET,1628963,Marvin Bagley III,F,35,Traded from SAC on 02/10/22,NA,2022-02-10
2022-23,1610612765,DET,1628963,Marvin Bagley III,F,35,NA,NA,NA
2023-24,1610612765,DET,1628963,Marvin Bagley III,F,35,NA,NA,NA
2024-25,1610612764,WAS,1628963,Marvin Bagley III,F,35,Traded from DET on 01/14/24,NA,NA
2024-25,1610612763,MEM,1628963,Marvin Bagley III,F,35,Traded from WAS on 20/02/25,NA,2025-02-20
2018-19,1610612753,ORL,1628964,Mo Bamba,C,5,NA,4871280,NA
2019-20,1610612753,ORL,1628964,Mo Bamba,C,5,NA,5697600,NA
2020-21,1610612753,ORL,1628964,Mo Bamba,C,5,NA,5969040,NA
2021-22,1610612753,ORL,1628964,Mo Bamba,C,5,NA,7568743,NA
2022-23,1610612747,LAL,1628964,Mo Bamba,C,12,NA,10300000,NA
2023-24,1610612755,PHI,1628964,Mo Bamba,C,7,Signed on 07/09/23,2346614,NA
2024-25,1610612746,LAC,1628964,Mo Bamba,C,4,Signed on 07/03/24,NA,NA
2024-25,1610612740,NOP,1628964,Mo Bamba,C,4,Traded from LAC on 11/03/25,NA,2025-03-11
2018-19,1610612750,MIN,1628966,Keita Bates-Diop,F,31,NA,838464,NA
2019-20,1610612743,DEN,1628966,Keita Bates-Diop,F,6,NA,1416852,NA
2021-22,1610612759,SAS,1628966,Keita Bates-Diop,F,31,NA,1729217,NA
2022-23,1610612759,SAS,1628966,Keita Bates-Diop,F,31,NA,1878720,NA
2023-24,1610612756,PHX,1628966,Keita Bates-Diop,F,21,Signed on 07/02/23,2346614,NA
2024-25,1610612750,MIN,1628966,Keita Bates-Diop,F,31,NA,2654644,NA
2019-20,1610612754,IND,1628968,Brian Bowen II,F-G,10,NA,NA,NA
2018-19,1610612756,PHX,1628969,Mikal Bridges,F,25,NA,3557400,NA
2019-20,1610612756,PHX,1628969,Mikal Bridges,F,25,NA,4161000,NA
2020-21,1610612756,PHX,1628969,Mikal Bridges,F,25,NA,4359000,NA
2021-22,1610612756,PHX,1628969,Mikal Bridges,F,25,NA,5557725,NA
2022-23,1610612756,PHX,1628969,Mikal Bridges,G-F,1,NA,20100000,NA
2022-23,1610612751,BKN,1628969,Mikal Bridges,G-F,1,Traded from PHX on 02/09/23,20100000,NA
2023-24,1610612751,BKN,1628969,Mikal Bridges,G-F,1,NA,21700000,NA
2024-25,1610612752,NYK,1628969,Mikal Bridges,G-F,25,Traded from BKN on 07/06/24,23300000,NA
2018-19,1610612766,CHA,1628970,Miles Bridges,F,0,Draft Rights Traded from LAC on 06/21/18,3206640,NA
2019-20,1610612766,CHA,1628970,Miles Bridges,F,0,NA,3755400,NA
2020-21,1610612766,CHA,1628970,Miles Bridges,F,0,NA,3934320,NA
2021-22,1610612766,CHA,1628970,Miles Bridges,F,0,NA,5421493,NA
2023-24,1610612766,CHA,1628970,Miles Bridges,F,0,NA,7921300,NA
2024-25,1610612766,CHA,1628970,Miles Bridges,F,0,NA,27173913,NA
2018-19,1610612765,DET,1628971,Bruce Brown,G,6,NA,838464,NA
2019-20,1610612765,DET,1628971,Bruce Brown,G-F,6,NA,1416852,NA
2020-21,1610612751,BKN,1628971,Bruce Brown,G-F,1,NA,1663861,NA
2021-22,1610612751,BKN,1628971,Bruce Brown,G-F,1,NA,4736102,NA
2022-23,1610612743,DEN,1628971,Bruce Brown,G-F,11,NA,6479000,NA
2023-24,1610612754,IND,1628971,Bruce Brown,G-F,11,Signed on 07/06/23,22000000,NA
2024-25,1610612761,TOR,1628971,Bruce Brown,G-F,11,Traded from IND on 01/17/24,23000000,NA
2024-25,1610612740,NOP,1628971,Bruce Brown,G-F,11,Traded from TOR on 12/02/25,23000000,2025-02-12
2018-19,1610612764,WAS,1628972,Troy Brown Jr.,F,6,NA,NA,NA
2019-20,1610612764,WAS,1628972,Troy Brown Jr.,G-F,6,NA,NA,NA
2020-21,1610612741,CHI,1628972,Troy Brown Jr.,G-F,7,NA,NA,NA
2021-22,1610612741,CHI,1628972,Troy Brown Jr.,G-F,7,NA,NA,NA
2022-23,1610612747,LAL,1628972,Troy Brown Jr.,G-F,7,NA,NA,NA
2023-24,1610612750,MIN,1628972,Troy Brown Jr.,G-F,7,Signed on 07/08/23,NA,NA
2018-19,1610612742,DAL,1628973,Jalen Brunson,G,13,NA,1230000,NA
2019-20,1610612742,DAL,1628973,Jalen Brunson,G,13,NA,1416852,NA
2020-21,1610612742,DAL,1628973,Jalen Brunson,G,13,NA,1663861,NA
2021-22,1610612742,DAL,1628973,Jalen Brunson,G,13,NA,1802057,NA
2022-23,1610612752,NYK,1628973,Jalen Brunson,G,11,Signed on 07/12/22,27733332,NA
2023-24,1610612752,NYK,1628973,Jalen Brunson,G,11,NA,26346666,NA
2024-25,1610612752,NYK,1628973,Jalen Brunson,G,11,NA,24960001,NA
2018-19,1610612763,MEM,1628975,Jevon Carter,G,3,NA,838464,NA
2019-20,1610612756,PHX,1628975,Jevon Carter,G,4,NA,1416852,NA
2020-21,1610612756,PHX,1628975,Jevon Carter,G,4,NA,3925000,NA
2021-22,1610612749,MIL,1628975,Jevon Carter,G,5,NA,4107149,NA
2022-23,1610612749,MIL,1628975,Jevon Carter,G,5,NA,6025000,NA
2023-24,1610612741,CHI,1628975,Jevon Carter,G,5,Signed on 07/10/23,6190476,NA
2024-25,1610612741,CHI,1628975,Jevon Carter,G,5,NA,6500000,NA
2018-19,1610612741,CHI,1628976,Wendell Carter Jr.,C,34,NA,NA,NA
2019-20,1610612741,CHI,1628976,Wendell Carter Jr.,C-F,34,NA,NA,NA
2020-21,1610612741,CHI,1628976,Wendell Carter Jr.,C-F,34,NA,NA,NA
2020-21,1610612753,ORL,1628976,Wendell Carter Jr.,C-F,34,Traded from CHI on 03/25/21,NA,2021-03-25
2021-22,1610612753,ORL,1628976,Wendell Carter Jr.,C-F,34,NA,NA,NA
2022-23,1610612753,ORL,1628976,Wendell Carter Jr.,C-F,34,NA,NA,NA
2023-24,1610612753,ORL,1628976,Wendell Carter Jr.,C-F,34,NA,NA,NA
2024-25,1610612753,ORL,1628976,Wendell Carter Jr.,C-F,34,NA,NA,NA
2018-19,1610612760,OKC,1628977,Hamidou Diallo,G,6,NA,838464,NA
2019-20,1610612760,OKC,1628977,Hamidou Diallo,G,6,NA,1416852,NA
2020-21,1610612765,DET,1628977,Hamidou Diallo,G,6,NA,1663861,NA
2021-22,1610612765,DET,1628977,Hamidou Diallo,G,6,NA,5200000,NA
2022-23,1610612765,DET,1628977,Hamidou Diallo,G,6,NA,5200000,NA
2018-19,1610612749,MIL,1628978,Donte DiVincenzo,G,9,NA,2484360,NA
2019-20,1610612749,MIL,1628978,Donte DiVincenzo,G,0,NA,2905800,NA
2020-21,1610612749,MIL,1628978,Donte DiVincenzo,G,0,NA,3044160,NA
2021-22,1610612758,SAC,1628978,Donte DiVincenzo,G,0,NA,4675830,NA
2022-23,1610612744,GSW,1628978,Donte DiVincenzo,G,0,NA,4500000,NA
2023-24,1610612752,NYK,1628978,Donte DiVincenzo,G,0,Signed on 07/08/23,10900000,NA
2024-25,1610612750,MIN,1628978,Donte DiVincenzo,G,0,Traded from NYK on 10/02/24,11445000,NA
2018-19,1610612745,HOU,1628979,Trevon Duval,G,0,NA,77250,NA
2018-19,1610612744,GSW,1628980,Jacob Evans,G,10,NA,1646400,NA
2019-20,1610612750,MIN,1628980,Jacob Evans,G-F,12,NA,1925880,NA
2019-20,1610612737,ATL,1628981,Bruno Fernando,F-C,24,NA,1400000,NA
2020-21,1610612737,ATL,1628981,Bruno Fernando,F-C,24,NA,1517981,NA
2021-22,1610612745,HOU,1628981,Bruno Fernando,F-C,20,NA,1782621,NA
2022-23,1610612745,HOU,1628981,Bruno Fernando,F-C,0,NA,2717391,NA
2022-23,1610612737,ATL,1628981,Bruno Fernando,F-C,0,Traded from HOU on 02/09/23,2717391,2023-02-09
2023-24,1610612737,ATL,1628981,Bruno Fernando,F-C,0,NA,2581522,NA
2024-25,1610612761,TOR,1628981,Bruno Fernando,F-C,24,Signed on 08/02/24,1115128,NA
2018-19,1610612753,ORL,1628982,Melvin Frazier Jr.,G-F,35,NA,NA,NA
2019-20,1610612753,ORL,1628982,Melvin Frazier Jr.,G-F,35,NA,NA,NA
2021-22,1610612760,OKC,1628982,Melvin Frazier Jr.,G-F,6,NA,NA,NA
2018-19,1610612746,LAC,1628983,Shai Gilgeous-Alexander,G,2,NA,3375360,NA
2019-20,1610612760,OKC,1628983,Shai Gilgeous-Alexander,G-F,2,Traded from LAC on 07/10/19,3952920,NA
2020-21,1610612760,OKC,1628983,Shai Gilgeous-Alexander,G-F,2,NA,4141320,NA
2021-22,1610612760,OKC,1628983,Shai Gilgeous-Alexander,G,2,NA,5495532,NA
2022-23,1610612760,OKC,1628983,Shai Gilgeous-Alexander,G,2,NA,30913750,NA
2023-24,1610612760,OKC,1628983,Shai Gilgeous-Alexander,G,2,NA,33386850,NA
2024-25,1610612760,OKC,1628983,Shai Gilgeous-Alexander,G,2,NA,35859950,NA
2018-19,1610612766,CHA,1628984,Devonte' Graham,G,4,NA,NA,NA
2019-20,1610612766,CHA,1628984,Devonte' Graham,G,4,NA,NA,NA
2020-21,1610612766,CHA,1628984,Devonte' Graham,G,4,NA,NA,NA
2021-22,1610612740,NOP,1628984,Devonte' Graham,G,4,NA,NA,NA
2022-23,1610612740,NOP,1628984,Devonte' Graham,G,4,NA,NA,NA
2022-23,1610612759,SAS,1628984,Devonte' Graham,G,4,Traded from NOP on 02/09/23,NA,2023-02-09
2023-24,1610612759,SAS,1628984,Devonte' Graham,G,4,NA,NA,NA
2019-20,1610612760,OKC,1628985,Devon Hall,G,14,NA,NA,NA
2019-20,1610612760,OKC,1628987,Kevin Hervey,F,15,NA,79568,NA
2018-19,1610612754,IND,1628988,Aaron Holiday,G,3,NA,1914480,NA
2019-20,1610612754,IND,1628988,Aaron Holiday,G,3,NA,2239200,NA
2020-21,1610612754,IND,1628988,Aaron Holiday,G,3,NA,2345640,NA
2021-22,1610612756,PHX,1628988,Aaron Holiday,G,4,NA,3980551,NA
2022-23,1610612737,ATL,1628988,Aaron Holiday,G,3,NA,1968175,NA
2023-24,1610612745,HOU,1628988,Aaron Holiday,G,3,Signed on 07/10/23,2346614,NA
2024-25,1610612745,HOU,1628988,Aaron Holiday,G,0,NA,4668000,NA
2018-19,1610612737,ATL,1628989,Kevin Huerter,G,3,NA,2250960,NA
2019-20,1610612737,ATL,1628989,Kevin Huerter,G-F,3,NA,2636280,NA
2020-21,1610612737,ATL,1628989,Kevin Huerter,G-F,3,NA,2761920,NA
2021-22,1610612737,ATL,1628989,Kevin Huerter,G-F,3,NA,4253357,NA
2023-24,1610612758,SAC,1628989,Kevin Huerter,G-F,9,Traded from ATL on 07/06/22,15669643,NA
2024-25,1610612758,SAC,1628989,Kevin Huerter,G-F,9,NA,16830357,NA
2024-25,1610612741,CHI,1628989,Kevin Huerter,G-F,9,Traded from SAC on 08/02/25,16830357,2025-02-08
2018-19,1610612741,CHI,1628990,Chandler Hutchison,F,15,NA,1991520,NA
2019-20,1610612741,CHI,1628990,Chandler Hutchison,F-G,15,NA,2332320,NA
2020-21,1610612764,WAS,1628990,Chandler Hutchison,F-G,1,NA,2443440,NA
2018-19,1610612763,MEM,1628991,Jaren Jackson Jr.,F-C,13,+ACM-4 Pick in 2018 Draft,NA,NA
2019-20,1610612763,MEM,1628991,Jaren Jackson Jr.,F-C,13,NA,NA,NA
2020-21,1610612763,MEM,1628991,Jaren Jackson Jr.,F-C,13,NA,NA,NA
2021-22,1610612763,MEM,1628991,Jaren Jackson Jr.,F-C,13,NA,NA,NA
2022-23,1610612763,MEM,1628991,Jaren Jackson Jr.,F-C,13,NA,NA,NA
2023-24,1610612763,MEM,1628991,Jaren Jackson Jr.,F-C,13,NA,NA,NA
2024-25,1610612763,MEM,1628991,Jaren Jackson Jr.,F-C,13,NA,NA,NA
2018-19,1610612754,IND,1628993,Alize Johnson,F,24,NA,838464,NA
2019-20,1610612754,IND,1628993,Alize Johnson,F,24,NA,1416852,NA
2020-21,1610612751,BKN,1628993,Alize Johnson,F,24,NA,621587,NA
2018-19,1610612756,PHX,1628994,George King,F,8,NA,77250,NA
2018-19,1610612752,NYK,1628995,Kevin Knox II,F,20,NA,NA,NA
2019-20,1610612752,NYK,1628995,Kevin Knox II,F,20,NA,NA,NA
2020-21,1610612752,NYK,1628995,Kevin Knox II,F,20,NA,NA,NA
2021-22,1610612737,ATL,1628995,Kevin Knox II,F,5,NA,NA,NA
2022-23,1610612765,DET,1628995,Kevin Knox II,F,11,NA,NA,NA
2022-23,1610612757,POR,1628995,Kevin Knox II,F,11,Traded from DET on 02/09/23,NA,2023-02-09
2023-24,1610612757,POR,1628995,Kevin Knox II,F,11,NA,NA,NA
2024-25,1610612744,GSW,1628995,Kevin Knox II,F,31,Signed on 09/25/24,NA,NA
2019-20,1610612766,CHA,1628997,Caleb Martin,F,10,NA,898310,NA
2020-21,1610612766,CHA,1628997,Caleb Martin,F,10,NA,1517981,NA
2021-22,1610612748,MIA,1628997,Caleb Martin,F,16,Signed on 09/14/21,844011,NA
2022-23,1610612748,MIA,1628997,Caleb Martin,F,16,NA,6479000,NA
2023-24,1610612748,MIA,1628997,Caleb Martin,F,16,NA,6802950,NA
2024-25,1610612755,PHI,1628997,Caleb Martin,F,16,Signed on 07/06/24,9186594,NA
2024-25,1610612742,DAL,1628997,Caleb Martin,F,16,Traded from PHI on 01/03/25,9186594,2025-03-01
2019-20,1610612766,CHA,1628998,Cody Martin,F,11,+ACM-36 Pick in 2019 Draft,1173310,NA
2020-21,1610612766,CHA,1628998,Cody Martin,F,11,NA,1517981,NA
2021-22,1610612766,CHA,1628998,Cody Martin,F,11,NA,1782621,NA
2022-23,1610612766,CHA,1628998,Cody Martin,F,11,NA,7000000,NA
2023-24,1610612766,CHA,1628998,Cody Martin,F,11,NA,7560000,NA
2024-25,1610612766,CHA,1628998,Cody Martin,F,11,NA,8120000,NA
2024-25,1610612756,PHX,1628998,Cody Martin,F,11,Traded from CHA on 14/03/25,8120000,2025-03-14
2018-19,1610612748,MIA,1628999,Yante Maten,F,0,NA,385000,NA
2018-19,1610612756,PHX,1629001,De'Anthony Melton,G,14,NA,949000,NA
2019-20,1610612763,MEM,1629001,De'Anthony Melton,G,0,NA,1416852,NA
2020-21,1610612763,MEM,1629001,De'Anthony Melton,G,0,NA,9571712,NA
2021-22,1610612763,MEM,1629001,De'Anthony Melton,G,0,NA,8805976,NA
2022-23,1610612755,PHI,1629001,De'Anthony Melton,G,8,Traded from MEM on 06/24/22,8250000,NA
2023-24,1610612755,PHI,1629001,De'Anthony Melton,G,8,NA,8000000,NA
2024-25,1610612744,GSW,1629001,De'Anthony Melton,G,8,Signed on 07/08/24,12822000,NA
2018-19,1610612759,SAS,1629002,Chimezie Metu,F,7,NA,838464,NA
2019-20,1610612759,SAS,1629002,Chimezie Metu,F-C,7,NA,1416852,NA
2020-21,1610612758,SAC,1629002,Chimezie Metu,F-C,25,NA,910895,NA
2021-22,1610612758,SAC,1629002,Chimezie Metu,F-C,7,NA,1762796,NA
2023-24,1610612756,PHX,1629002,Chimezie Metu,F-C,4,Signed on 07/02/23,2697258,NA
2018-19,1610612755,PHI,1629003,Shake Milton,G,18,NA,77250,NA
2019-20,1610612755,PHI,1629003,Shake Milton,G-F,18,NA,1445697,NA
2020-21,1610612755,PHI,1629003,Shake Milton,G-F,18,NA,1701593,NA
2021-22,1610612755,PHI,1629003,Shake Milton,G-F,18,NA,1846738,NA
2022-23,1610612755,PHI,1629003,Shake Milton,G-F,18,NA,1997718,NA
2023-24,1610612750,MIN,1629003,Shake Milton,G-F,18,Signed on 07/08/23,5552938,NA
2024-25,1610612751,BKN,1629003,Shake Milton,G,13,NA,2875000,NA
2024-25,1610612747,LAL,1629003,Shake Milton,G,13,Traded from BKN on 31/12/24,2875000,2024-12-31
2018-19,1610612765,DET,1629004,Svi Mykhailiuk,G,19,NA,NA,NA
2019-20,1610612765,DET,1629004,Svi Mykhailiuk,G-F,19,NA,NA,NA
2020-21,1610612760,OKC,1629004,Svi Mykhailiuk,G-F,14,NA,NA,NA
2021-22,1610612761,TOR,1629004,Svi Mykhailiuk,G-F,14,NA,NA,NA
2022-23,1610612752,NYK,1629004,Svi Mykhailiuk,G-F,17,NA,NA,NA
2022-23,1610612766,CHA,1629004,Svi Mykhailiuk,G-F,17,Traded from NYK on 02/09/23,NA,2023-02-09
2023-24,1610612738,BOS,1629004,Svi Mykhailiuk,G-F,17,Signed on 08/31/23,NA,NA
2024-25,1610612762,UTA,1629004,Svi Mykhailiuk,G-F,50,Signed on 08/10/24,NA,NA
2018-19,1610612750,MIN,1629006,Josh Okogie,G,20,NA,2163600,NA
2019-20,1610612750,MIN,1629006,Josh Okogie,G,20,NA,2530680,NA
2020-21,1610612750,MIN,1629006,Josh Okogie,G,20,NA,2651040,NA
2021-22,1610612750,MIN,1629006,Josh Okogie,G,20,NA,4087904,NA
2022-23,1610612756,PHX,1629006,Josh Okogie,G,2,Signed on 07/02/22,1968175,NA
2023-24,1610612756,PHX,1629006,Josh Okogie,G,2,NA,2815937,NA
2024-25,1610612756,PHX,1629006,Josh Okogie,G,2,NA,8250000,NA
2024-25,1610612766,CHA,1629006,Josh Okogie,G,2,Traded from PHX on 17/01/25,8250000,2025-01-17
2019-20,1610612763,MEM,1629007,Jontay Porter,C-F,NA,NA,197933,NA
2020-21,1610612763,MEM,1629007,Jontay Porter,C-F,4,NA,1900000,NA
2023-24,1610612765,DET,1629007,Jontay Porter,C-F,4,Signed on 09/19/23,411794,NA
2018-19,1610612743,DEN,1629008,Michael Porter Jr.,F,1,+ACM-14 Pick in 2018 Draft,NA,NA
2019-20,1610612743,DEN,1629008,Michael Porter Jr.,F,1,NA,NA,NA
2020-21,1610612743,DEN,1629008,Michael Porter Jr.,F,1,NA,NA,NA
2021-22,1610612743,DEN,1629008,Michael Porter Jr.,F,1,NA,NA,NA
2022-23,1610612743,DEN,1629008,Michael Porter Jr.,F,1,NA,NA,NA
2023-24,1610612743,DEN,1629008,Michael Porter Jr.,F,1,NA,NA,NA
2024-25,1610612743,DEN,1629008,Michael Porter Jr.,F,1,NA,NA,NA
2018-19,1610612746,LAC,1629010,Jerome Robinson,G,10,NA,3050160,NA
2019-20,1610612764,WAS,1629010,Jerome Robinson,G,12,NA,3567720,NA
2023-24,1610612744,GSW,1629010,Jerome Robinson,G,18,Signed on 09/07/22,559782,NA
2018-19,1610612752,NYK,1629011,Mitchell Robinson,C,26,+ACM-36 Pick in 2018 Draft,1485440,NA
2019-20,1610612752,NYK,1629011,Mitchell Robinson,C-F,23,NA,1559712,NA
2020-21,1610612752,NYK,1629011,Mitchell Robinson,C-F,23,NA,1663861,NA
2022-23,1610612752,NYK,1629011,Mitchell Robinson,C-F,23,NA,17045454,NA
2023-24,1610612752,NYK,1629011,Mitchell Robinson,C-F,23,NA,15681818,NA
2024-25,1610612752,NYK,1629011,Mitchell Robinson,C-F,23,NA,14318182,NA
2018-19,1610612739,CLE,1629012,Collin Sexton,G,2,NA,4073760,NA
2019-20,1610612739,CLE,1629012,Collin Sexton,G,2,NA,4764960,NA
2020-21,1610612739,CLE,1629012,Collin Sexton,G,2,NA,4991880,NA
2021-22,1610612739,CLE,1629012,Collin Sexton,G,2,NA,6349671,NA
2022-23,1610612762,UTA,1629012,Collin Sexton,G,2,Traded from CLE on 09/03/22,16700000,NA
2023-24,1610612762,UTA,1629012,Collin Sexton,G,2,NA,17525000,NA
2024-25,1610612762,UTA,1629012,Collin Sexton,G,2,NA,18150000,NA
2018-19,1610612746,LAC,1629013,Landry Shamet,G,20,NA,1705920,NA
2019-20,1610612746,LAC,1629013,Landry Shamet,G,20,NA,1995120,NA
2020-21,1610612751,BKN,1629013,Landry Shamet,G,20,NA,2090040,NA
2021-22,1610612756,PHX,1629013,Landry Shamet,G,14,NA,3768342,NA
2022-23,1610612756,PHX,1629013,Landry Shamet,G,14,NA,9500000,NA
2023-24,1610612764,WAS,1629013,Landry Shamet,G,20,Traded from PHX on 06/23/23,10250000,NA
2024-25,1610612752,NYK,1629013,Landry Shamet,G,20,Signed on 09/14/24,NA,NA
2018-19,1610612757,POR,1629014,Anfernee Simons,G,24,+ACM-24 Pick in 2018 Draft,1837800,NA
2019-20,1610612757,POR,1629014,Anfernee Simons,G,1,NA,2149560,NA
2020-21,1610612757,POR,1629014,Anfernee Simons,G,1,NA,2252040,NA
2021-22,1610612757,POR,1629014,Anfernee Simons,G,1,NA,3938818,NA
2022-23,1610612757,POR,1629014,Anfernee Simons,G,1,NA,22321429,NA
2023-24,1610612757,POR,1629014,Anfernee Simons,G,1,NA,24107143,NA
2024-25,1610612757,POR,1629014,Anfernee Simons,G,1,NA,25892857,NA
2018-19,1610612755,PHI,1629015,Zhaire Smith,G,8,NA,2615160,NA
2019-20,1610612755,PHI,1629015,Zhaire Smith,G,5,NA,3058800,NA
2023-24,1610612739,CLE,1629015,Zhaire Smith,G,19,Signed on 09/14/23,116075,NA
2018-19,1610612737,ATL,1629016,Omari Spellman,F,6,NA,1622520,NA
2019-20,1610612750,MIN,1629016,Omari Spellman,F,14,NA,1897800,NA
2018-19,1610612765,DET,1629017,Khyri Thomas,G,13,NA,838464,NA
2019-20,1610612765,DET,1629017,Khyri Thomas,G,13,NA,1416852,NA
2020-21,1610612745,HOU,1629017,Khyri Thomas,G,13,NA,1061283,NA
2018-19,1610612757,POR,1629018,Gary Trent Jr.,G,9,NA,NA,NA
2019-20,1610612757,POR,1629018,Gary Trent Jr.,G-F,2,NA,NA,NA
2020-21,1610612757,POR,1629018,Gary Trent Jr.,G-F,33,NA,NA,NA
2020-21,1610612761,TOR,1629018,Gary Trent Jr.,G-F,33,Traded from POR on 03/25/21,NA,2021-03-25
2021-22,1610612761,TOR,1629018,Gary Trent Jr.,G-F,33,NA,NA,NA
2022-23,1610612761,TOR,1629018,Gary Trent Jr.,G-F,33,NA,NA,NA
2023-24,1610612761,TOR,1629018,Gary Trent Jr.,G-F,33,NA,NA,NA
2024-25,1610612749,MIL,1629018,Gary Trent Jr.,G,33,Signed on 07/20/24,NA,NA
2018-19,1610612752,NYK,1629019,Allonzo Trier,G,14,NA,3382000,NA
2018-19,1610612743,DEN,1629020,Jarred Vanderbilt,F,8,NA,838464,NA
2019-20,1610612750,MIN,1629020,Jarred Vanderbilt,F,3,NA,1416852,NA
2020-21,1610612750,MIN,1629020,Jarred Vanderbilt,F,8,NA,1663861,NA
2021-22,1610612750,MIN,1629020,Jarred Vanderbilt,F,8,NA,4050000,NA
2022-23,1610612762,UTA,1629020,Jarred Vanderbilt,F,2,NA,4374000,NA
2022-23,1610612747,LAL,1629020,Jarred Vanderbilt,F,2,Traded from UTA on 02/09/23,4374000,2023-02-09
2023-24,1610612747,LAL,1629020,Jarred Vanderbilt,F,2,NA,4640000,NA
2024-25,1610612747,LAL,1629020,Jarred Vanderbilt,F,2,NA,10714286,NA
2018-19,1610612747,LAL,1629021,Moritz Wagner,C,15,NA,1764240,NA
2019-20,1610612764,WAS,1629021,Moritz Wagner,F-C,21,NA,2063520,NA
2020-21,1610612753,ORL,1629021,Moritz Wagner,F-C,21,Signed on 04/27/21,2383915,NA
2021-22,1610612753,ORL,1629021,Moritz Wagner,F-C,21,NA,1729217,NA
2022-23,1610612753,ORL,1629021,Moritz Wagner,F-C,21,NA,1878720,NA
2023-24,1610612753,ORL,1629021,Moritz Wagner,F-C,21,NA,8000000,NA
2024-25,1610612753,ORL,1629021,Moritz Wagner,F-C,21,NA,11000000,NA
2018-19,1610612759,SAS,1629022,Lonnie Walker IV,G,1,NA,NA,NA
2019-20,1610612759,SAS,1629022,Lonnie Walker IV,G-F,1,NA,NA,NA
2021-22,1610612759,SAS,1629022,Lonnie Walker IV,G-F,1,NA,NA,NA
2022-23,1610612747,LAL,1629022,Lonnie Walker IV,G-F,4,Signed on 07/06/22,NA,NA
2023-24,1610612751,BKN,1629022,Lonnie Walker IV,G-F,8,Signed on 07/10/23,NA,NA
2024-25,1610612738,BOS,1629022,Lonnie Walker IV,G-F,8,Signed on 08/28/24,NA,NA
2024-25,1610612755,PHI,1629022,Lonnie Walker IV,G-F,8,Traded from BOS on 22/02/25,NA,2025-02-22
2019-20,1610612766,CHA,1629023,P.J. Washington,F,25,+ACM-12 Pick in 2019 Draft,NA,NA
2020-21,1610612766,CHA,1629023,P.J. Washington,F,25,NA,NA,NA
2021-22,1610612766,CHA,1629023,P.J. Washington,F,25,NA,NA,NA
2022-23,1610612766,CHA,1629023,P.J. Washington,F,25,NA,NA,NA
2023-24,1610612766,CHA,1629023,P.J. Washington,F,25,NA,NA,NA
2024-25,1610612742,DAL,1629023,P.J. Washington,F,25,Traded from CHA on 02/08/24,NA,NA
2018-19,1610612740,NOP,1629026,Kenrich Williams,G-F,34,NA,838464,NA
2019-20,1610612740,NOP,1629026,Kenrich Williams,G-F,34,NA,1416852,NA
2020-21,1610612740,NOP,1629026,Kenrich Williams,G-F,34,NA,2000000,NA
2020-21,1610612760,OKC,1629026,Kenrich Williams,G-F,34,Traded from NOP on 11/23/20,2000000,2020-11-23
2021-22,1610612760,OKC,1629026,Kenrich Williams,G-F,34,NA,2000000,NA
2022-23,1610612760,OKC,1629026,Kenrich Williams,G-F,34,NA,2000000,NA
2023-24,1610612760,OKC,1629026,Kenrich Williams,G-F,34,NA,6175000,NA
2024-25,1610612760,OKC,1629026,Kenrich Williams,G-F,34,NA,6669000,NA
2018-19,1610612737,ATL,1629027,Trae Young,G,11,Draft Rights Traded from DAL on 06/21/18,5363280,NA
2019-20,1610612737,ATL,1629027,Trae Young,G,11,NA,6273000,NA
2020-21,1610612737,ATL,1629027,Trae Young,G,11,NA,6571800,NA
2021-22,1610612737,ATL,1629027,Trae Young,G,11,NA,8326471,NA
2022-23,1610612737,ATL,1629027,Trae Young,G,11,NA,37096500,NA
2023-24,1610612737,ATL,1629027,Trae Young,G,11,NA,40064220,NA
2024-25,1610612737,ATL,1629027,Trae Young,G,11,NA,43031940,NA
2018-19,1610612756,PHX,1629028,Deandre Ayton,C,22,+ACM-1 Pick in 2018 Draft,8175840,NA
2019-20,1610612756,PHX,1629028,Deandre Ayton,C,22,NA,9562920,NA
2020-21,1610612756,PHX,1629028,Deandre Ayton,C,22,NA,10018200,NA
2021-22,1610612756,PHX,1629028,Deandre Ayton,C,22,NA,12632950,NA
2022-23,1610612756,PHX,1629028,Deandre Ayton,C,22,NA,30913750,NA
2023-24,1610612757,POR,1629028,Deandre Ayton,C,22,Traded from PHX on 09/27/23,32459438,NA
2024-25,1610612757,POR,1629028,Deandre Ayton,C,2,NA,34005126,NA
2018-19,1610612742,DAL,1629029,Luka Dončić,F-G,77,Draft Rights Traded from ATL on 06/21/18,6569040,NA
2019-20,1610612742,DAL,1629029,Luka Dončić,F-G,77,NA,7683360,NA
2020-21,1610612742,DAL,1629029,Luka Dončić,F-G,77,NA,8049360,NA
2021-22,1610612742,DAL,1629029,Luka Dončić,F-G,77,NA,10174391,NA
2022-23,1610612742,DAL,1629029,Luka Dončić,F-G,77,NA,37096500,NA
2023-24,1610612742,DAL,1629029,Luka Dončić,F-G,77,NA,40064220,NA
2024-25,1610612742,DAL,1629029,Luka Dončić,F-G,77,NA,NA,NA
2024-25,1610612747,LAL,1629029,Luka Dončić,F-G,77,Traded from DAL on 10/02/25,NA,2025-02-10
2018-19,1610612751,BKN,1629033,Theo Pinson,G-F,10,NA,77250,NA
2019-20,1610612752,NYK,1629033,Theo Pinson,G-F,1,NA,1445697,NA
2020-21,1610612752,NYK,1629033,Theo Pinson,G-F,21,NA,802182,NA
2021-22,1610612742,DAL,1629033,Theo Pinson,G-F,1,Signed on 12/20/21,440710,NA
2022-23,1610612742,DAL,1629033,Theo Pinson,G-F,1,NA,1968175,NA
2018-19,1610612756,PHX,1629034,Ray Spalding,F,26,NA,NA,NA
2019-20,1610612766,CHA,1629034,Ray Spalding,F,26,NA,NA,NA
2019-20,1610612738,BOS,1629035,Carsen Edwards,G,4,NA,1228026,NA
2020-21,1610612738,BOS,1629035,Carsen Edwards,G,4,NA,1517981,NA
2021-22,1610612765,DET,1629035,Carsen Edwards,G,4,NA,1859365,NA
2018-19,1610612749,MIL,1629045,Bonzie Colson,F,50,NA,77250,NA
2019-20,1610612754,IND,1629048,Goga Bitadze,C-F,88,NA,2816760,NA
2020-21,1610612754,IND,1629048,Goga Bitadze,C-F,88,NA,2957520,NA
2021-22,1610612754,IND,1629048,Goga Bitadze,C-F,88,NA,3098400,NA
2022-23,1610612753,ORL,1629048,Goga Bitadze,C-F,88,Signed on 02/13/23,5377520,NA
2023-24,1610612753,ORL,1629048,Goga Bitadze,C-F,35,NA,2066585,NA
2024-25,1610612753,ORL,1629048,Goga Bitadze,C-F,35,NA,9057971,NA
2019-20,1610612761,TOR,1629052,Oshae Brissett,F-G,12,NA,129568,NA
2020-21,1610612754,IND,1629052,Oshae Brissett,F-G,12,NA,1255493,NA
2021-22,1610612754,IND,1629052,Oshae Brissett,F-G,12,NA,1701593,NA
2022-23,1610612754,IND,1629052,Oshae Brissett,F-G,12,NA,1846738,NA
2023-24,1610612738,BOS,1629052,Oshae Brissett,F-G,12,Signed on 07/06/23,2165000,NA
2018-19,1610612745,HOU,1629053,Vincent Edwards,F,12,NA,77250,NA
2018-19,1610612760,OKC,1629055,Donte Grantham,F,15,NA,77250,NA
2019-20,1610612761,TOR,1629056,Terence Davis,G,0,NA,898310,NA
2020-21,1610612758,SAC,1629056,Terence Davis,G,9,NA,1517981,NA
2021-22,1610612758,SAC,1629056,Terence Davis,G,3,NA,4000000,NA
2018-19,1610612738,BOS,1629057,Robert Williams III,C-F,44,+ACM-27 Pick in 2018 Draft,NA,NA
2019-20,1610612738,BOS,1629057,Robert Williams III,C-F,44,NA,NA,NA
2020-21,1610612738,BOS,1629057,Robert Williams III,C-F,44,NA,NA,NA
2021-22,1610612738,BOS,1629057,Robert Williams III,C-F,44,NA,NA,NA
2022-23,1610612738,BOS,1629057,Robert Williams III,C-F,44,NA,NA,NA
2023-24,1610612757,POR,1629057,Robert Williams III,C-F,44,Traded from BOS on 10/01/23,NA,NA
2024-25,1610612757,POR,1629057,Robert Williams III,C-F,35,NA,NA,NA
2018-19,1610612751,BKN,1629058,Dzanan Musa,G-F,30,NA,1634400,NA
2019-20,1610612751,BKN,1629058,Dzanan Musa,G-F,13,NA,1911600,NA
2018-19,1610612756,PHX,1629059,Elie Okobo,G,2,NA,1238464,NA
2019-20,1610612756,PHX,1629059,Elie Okobo,F-G,2,NA,1416852,NA
2019-20,1610612764,WAS,1629060,Rui Hachimura,F,8,NA,4469160,NA
2020-21,1610612764,WAS,1629060,Rui Hachimura,F,8,NA,4692840,NA
2021-22,1610612764,WAS,1629060,Rui Hachimura,F,8,NA,4916160,NA
2022-23,1610612764,WAS,1629060,Rui Hachimura,F,28,NA,6263188,NA
2022-23,1610612747,LAL,1629060,Rui Hachimura,F,28,Traded from WAS on 01/23/23,6263188,2023-01-23
2023-24,1610612747,LAL,1629060,Rui Hachimura,F,28,NA,15740741,NA
2024-25,1610612747,LAL,1629060,Rui Hachimura,F,28,NA,17000000,NA
2018-19,1610612739,CLE,1629061,Deng Adel,F,32,NA,77250,NA
2019-20,1610612744,GSW,1629065,Ky Bowman,G,12,NA,350189,NA
2018-19,1610612751,BKN,1629066,Rodions Kurucs,F,0,NA,1690000,NA
2019-20,1610612751,BKN,1629066,Rodions Kurucs,F,0,NA,1699236,NA
2018-19,1610612747,LAL,1629067,Isaac Bonga,G,17,NA,1000000,NA
2019-20,1610612764,WAS,1629067,Isaac Bonga,G,17,NA,1416852,NA
2020-21,1610612764,WAS,1629067,Isaac Bonga,G,17,NA,1663861,NA
2021-22,1610612761,TOR,1629067,Isaac Bonga,G,17,NA,1729217,NA
2019-20,1610612743,DEN,1629076,Tyler Cook,F,25,NA,79568,NA
2020-21,1610612765,DET,1629076,Tyler Cook,F,25,NA,693141,NA
2021-22,1610612741,CHI,1629076,Tyler Cook,F,25,NA,462629,NA
2021-22,1610612766,CHA,1629083,Arnoldas Kulboka,F,98,NA,462629,NA
2020-21,1610612749,MIL,1629091,Elijah Bryant,G,3,NA,24611,NA
2018-19,1610612744,GSW,1629094,Marcus Derrickson,F,32,NA,77250,NA
2024-25,1610612745,HOU,1629098,Jack McVeigh,G-F,NA,Signed on 07/25/24,578577,NA
2018-19,1610612741,CHI,1629102,Brandon Sampson,G,44,NA,77250,NA
2019-20,1610612750,MIN,1629103,Kelan Martin,F,30,NA,79568,NA
2020-21,1610612754,IND,1629103,Kelan Martin,F,21,NA,1445697,NA
2018-19,1610612745,HOU,1629109,Gary Clark,F,6,NA,674122,NA
2019-20,1610612753,ORL,1629109,Gary Clark,F,12,NA,718765,NA
2020-21,1610612755,PHI,1629109,Gary Clark,F,12,NA,2018458,NA
2021-22,1610612740,NOP,1629109,Gary Clark,F,12,NA,811213,NA
2021-22,1610612759,SAS,1629111,Jock Landale,C,34,NA,925258,NA
2022-23,1610612756,PHX,1629111,Jock Landale,C,11,NA,1563518,NA
2023-24,1610612745,HOU,1629111,Jock Landale,C,11,Signed on 07/06/23,8000000,NA
2024-25,1610612745,HOU,1629111,Jock Landale,C,2,NA,NA,NA
2018-19,1610612746,LAC,1629116,Angel Delgado,C,31,NA,77250,NA
2018-19,1610612758,SAC,1629117,Wenyen Gabriel,F,32,NA,75000,NA
2019-20,1610612757,POR,1629117,Wenyen Gabriel,F,35,NA,1445697,NA
2020-21,1610612740,NOP,1629117,Wenyen Gabriel,F,32,NA,1620564,NA
2021-22,1610612747,LAL,1629117,Wenyen Gabriel,F,35,Signed on 03/01/22,522015,NA
2022-23,1610612747,LAL,1629117,Wenyen Gabriel,F,35,NA,1878720,NA
2023-24,1610612738,BOS,1629117,Wenyen Gabriel,F,35,Signed on 10/03/23,124425,NA
2018-19,1610612743,DEN,1629118,Thomas Welsh,C,45,NA,77250,NA
2018-19,1610612737,ATL,1629121,Jaylen Adams,G,10,NA,236854,NA
2019-20,1610612757,POR,1629121,Jaylen Adams,G,10,NA,163356,NA
2018-19,1610612766,CHA,1629122,J.P. Macura,G,55,NA,NA,NA
2018-19,1610612750,MIN,1629123,Jared Terrell,G,3,NA,77250,NA
2018-19,1610612760,OKC,1629126,Deonte Burton,G,30,NA,500000,NA
2019-20,1610612760,OKC,1629126,Deonte Burton,G-F,30,NA,1416852,NA
2018-19,1610612740,NOP,1629129,Trevon Bluiett,G-F,5,NA,77250,NA
2018-19,1610612748,MIA,1629130,Duncan Robinson,F,55,Signed on 07/10/18,77250,NA
2019-20,1610612748,MIA,1629130,Duncan Robinson,F,55,NA,1416852,NA
2020-21,1610612748,MIA,1629130,Duncan Robinson,F,55,NA,1663861,NA
2021-22,1610612748,MIA,1629130,Duncan Robinson,F,55,NA,15650000,NA
2022-23,1610612748,MIA,1629130,Duncan Robinson,F,55,NA,16902000,NA
2023-24,1610612748,MIA,1629130,Duncan Robinson,F,55,NA,18154000,NA
2024-25,1610612748,MIA,1629130,Duncan Robinson,F,55,NA,19406000,NA
2018-19,1610612742,DAL,1629133,Daryl Macon,G,3,NA,77250,NA
2018-19,1610612748,MIA,1629134,Kendrick Nunn,G,NA,NA,47370,NA
2019-20,1610612748,MIA,1629134,Kendrick Nunn,G,25,NA,1416852,NA
2020-21,1610612748,MIA,1629134,Kendrick Nunn,G,25,NA,1663861,NA
2021-22,1610612747,LAL,1629134,Kendrick Nunn,G,12,NA,5000000,NA
2022-23,1610612747,LAL,1629134,Kendrick Nunn,G,20,NA,5250000,NA
2022-23,1610612764,WAS,1629134,Kendrick Nunn,G,20,Traded from LAL on 01/23/23,5250000,2023-01-23
2018-19,1610612763,MEM,1629139,Yuta Watanabe,G,12,NA,77250,NA
2019-20,1610612763,MEM,1629139,Yuta Watanabe,G-F,18,NA,79568,NA
2020-21,1610612761,TOR,1629139,Yuta Watanabe,G-F,18,NA,737996,NA
2021-22,1610612761,TOR,1629139,Yuta Watanabe,G-F,18,NA,1762796,NA
2022-23,1610612751,BKN,1629139,Yuta Watanabe,G-F,18,NA,1968175,NA
2023-24,1610612756,PHX,1629139,Yuta Watanabe,G-F,18,Signed on 07/02/23,2346614,NA
2018-19,1610612747,LAL,1629140,Johnathan Williams,F,19,NA,127250,NA
2019-20,1610612764,WAS,1629140,Johnathan Williams,F,19,NA,161245,NA
2018-19,1610612766,CHA,1629147,Joe Chealey,G,31,NA,77250,NA
2018-19,1610612742,DAL,1629151,Ryan Broekhoff,G-F,45,NA,838464,NA
2019-20,1610612755,PHI,1629151,Ryan Broekhoff,G-F,45,NA,1416852,NA
2019-20,1610612750,MIN,1629162,Jordan McLaughlin,G,6,Signed on 07/19/19,79568,NA
2020-21,1610612750,MIN,1629162,Jordan McLaughlin,G,6,NA,503760,NA
2021-22,1610612750,MIN,1629162,Jordan McLaughlin,G,6,NA,2000000,NA
2022-23,1610612750,MIN,1629162,Jordan McLaughlin,G,6,NA,2160000,NA
2023-24,1610612750,MIN,1629162,Jordan McLaughlin,G,6,NA,2420000,NA
2024-25,1610612758,SAC,1629162,Jordan McLaughlin,G,6,Signed on 07/09/24,2425403,NA
2024-25,1610612759,SAS,1629162,Jordan McLaughlin,G,6,Traded from SAC on 05/02/25,2425403,2025-02-05
2018-19,1610612743,DEN,1629164,Brandon Goodwin,G,6,NA,56845,NA
2019-20,1610612737,ATL,1629164,Brandon Goodwin,G,0,NA,522738,NA
2020-21,1610612737,ATL,1629164,Brandon Goodwin,G,0,NA,1701593,NA
2021-22,1610612739,CLE,1629164,Brandon Goodwin,G,0,NA,343988,NA
2018-19,1610612758,SAC,1629168,BJ Johnson,F,9,NA,142111,NA
2019-20,1610612753,ORL,1629168,BJ Johnson,F,13,NA,79568,NA
2018-19,1610612745,HOU,1629185,Chris Chiozza,G,2,NA,137374,NA
2019-20,1610612751,BKN,1629185,Chris Chiozza,G,4,NA,79568,NA
2020-21,1610612751,BKN,1629185,Chris Chiozza,G,4,NA,449115,NA
2021-22,1610612744,GSW,1629185,Chris Chiozza,G,2,NA,462629,NA
2018-19,1610612747,LAL,1629203,Jemerrio Jones,F,10,NA,52170,NA
2019-20,1610612748,MIA,1629216,Gabe Vincent,G,2,NA,79568,NA
2020-21,1610612748,MIA,1629216,Gabe Vincent,G,2,NA,660750,NA
2021-22,1610612748,MIA,1629216,Gabe Vincent,G,2,NA,1669178,NA
2022-23,1610612748,MIA,1629216,Gabe Vincent,G,2,NA,1815677,NA
2023-24,1610612747,LAL,1629216,Gabe Vincent,G,7,Signed on 07/06/23,10500000,NA
2024-25,1610612747,LAL,1629216,Gabe Vincent,G,7,NA,11000000,NA
2023-24,1610612740,NOP,1629232,Kaiser Gates,F,12,Signed on 09/28/23,35389,NA
2018-19,1610612759,SAS,1629234,Drew Eubanks,F,14,NA,77250,NA
2019-20,1610612759,SAS,1629234,Drew Eubanks,F-C,14,NA,79568,NA
2022-23,1610612757,POR,1629234,Drew Eubanks,F-C,24,NA,1968175,NA
2023-24,1610612756,PHX,1629234,Drew Eubanks,F-C,14,Signed on 07/02/23,2346614,NA
2024-25,1610612762,UTA,1629234,Drew Eubanks,F-C,14,Signed on 08/10/24,5000000,NA
2024-25,1610612746,LAC,1629234,Drew Eubanks,F-C,14,Traded from UTA on 04/02/25,5000000,2025-02-04
2018-19,1610612750,MIN,1629244,Cam Reynolds,G,13,NA,108953,NA
2019-20,1610612749,MIL,1629244,Cam Reynolds,G-F,13,NA,79568,NA
2019-20,1610612744,GSW,1629308,Juan Toscano-Anderson,F,95,NA,350189,NA
2020-21,1610612744,GSW,1629308,Juan Toscano-Anderson,F,95,NA,943963,NA
2021-22,1610612744,GSW,1629308,Juan Toscano-Anderson,F,95,NA,1701593,NA
2022-23,1610612762,UTA,1629308,Juan Toscano-Anderson,F,95,NA,2133278,NA
2018-19,1610612755,PHI,1629312,Haywood Highsmith,F,7,NA,77250,NA
2021-22,1610612748,MIA,1629312,Haywood Highsmith,F,24,Signed on 12/30/21,547701,NA
2022-23,1610612748,MIA,1629312,Haywood Highsmith,F,24,NA,1752638,NA
2023-24,1610612748,MIA,1629312,Haywood Highsmith,F,24,NA,1902137,NA
2024-25,1610612748,MIA,1629312,Haywood Highsmith,F,24,NA,5200000,NA
2018-19,1610612764,WAS,1629341,Tarik Phillip,G,22,NA,47370,NA
2019-20,1610612744,GSW,1629346,Alen Smailagic,F,6,NA,898310,NA
2020-21,1610612744,GSW,1629346,Alen Smailagic,F,6,NA,1517981,NA
2018-19,1610612737,ATL,1629353,Isaac Humphries,C,8,NA,47370,NA
2018-19,1610612740,NOP,1629541,Dairis Bertans,G,9,NA,194220,NA
2019-20,1610612740,NOP,1629597,Zylan Cheatham,F,45,NA,79568,NA
2019-20,1610612745,HOU,1629598,Chris Clemons,G,3,NA,563346,NA
2019-20,1610612746,LAC,1629599,Amir Coffey,G-F,7,Signed on 07/09/19,79568,NA
2020-21,1610612746,LAC,1629599,Amir Coffey,G-F,7,NA,578842,NA
2021-22,1610612746,LAC,1629599,Amir Coffey,G-F,7,NA,573576,NA
2022-23,1610612746,LAC,1629599,Amir Coffey,G-F,7,NA,3395062,NA
2023-24,1610612746,LAC,1629599,Amir Coffey,G-F,7,NA,3666667,NA
2024-25,1610612746,LAC,1629599,Amir Coffey,G-F,7,NA,3938271,NA
2020-21,1610612749,MIL,1629603,Mamadi Diakite,F,25,NA,529341,NA
2022-23,1610612739,CLE,1629603,Mamadi Diakite,F,21,Signed on 09/19/22,508891,NA
2020-21,1610612757,POR,1629604,CJ Elleby,F-G,16,NA,898310,NA
2021-22,1610612757,POR,1629604,CJ Elleby,F-G,16,NA,1517981,NA
2019-20,1610612738,BOS,1629605,Tacko Fall,C,99,NA,79568,NA
2020-21,1610612738,BOS,1629605,Tacko Fall,C,99,NA,653924,NA
2019-20,1610612752,NYK,1629607,Jared Harper,G,12,NA,79568,NA
2020-21,1610612752,NYK,1629607,Jared Harper,G,0,NA,520487,NA
2021-22,1610612740,NOP,1629607,Jared Harper,G,2,NA,85081,NA
2019-20,1610612761,TOR,1629608,Dewan Hernandez,C-F,20,NA,898310,NA
2022-23,1610612752,NYK,1629610,DaQuan Jeffries,G-F,8,Signed on 09/14/22,799403,NA
2023-24,1610612752,NYK,1629610,DaQuan Jeffries,G-F,8,NA,1341538,NA
2024-25,1610612766,CHA,1629610,DaQuan Jeffries,G-F,8,Traded from NYK on 10/02/24,2425403,NA
2019-20,1610612746,LAC,1629611,Terance Mann,G-F,14,+ACM-48 Pick in 2019 Draft,1000000,NA
2020-21,1610612746,LAC,1629611,Terance Mann,G-F,14,NA,1517981,NA
2021-22,1610612746,LAC,1629611,Terance Mann,G-F,14,NA,1782621,NA
2022-23,1610612746,LAC,1629611,Terance Mann,G-F,14,NA,1930681,NA
2023-24,1610612746,LAC,1629611,Terance Mann,G-F,14,NA,10576923,NA
2024-25,1610612746,LAC,1629611,Terance Mann,G-F,14,NA,11423077,NA
2024-25,1610612737,ATL,1629611,Terance Mann,G-F,14,Traded from LAC on 08/02/25,11423077,2025-02-08
2022-23,1610612754,IND,1629614,Andrew Nembhard,G-F,2,+ACM-31 Pick in 2022 Draft,2244111,NA
2023-24,1610612754,IND,1629614,Andrew Nembhard,G-F,2,NA,2131905,NA
2024-25,1610612754,IND,1629614,Andrew Nembhard,G-F,2,NA,2019699,NA
2020-21,1610612751,BKN,1629617,Reggie Perry,F-C,0,NA,489148,NA
2023-24,1610612743,DEN,1629618,Jalen Pickett,G,NA,Draft Rights Traded from IND on 06/23/23,1708143,NA
2024-25,1610612743,DEN,1629618,Jalen Pickett,G,24,NA,1891857,NA
2021-22,1610612755,PHI,1629619,Myles Powell,G,5,NA,300443,NA
2019-20,1610612755,PHI,1629621,Marial Shayok,G-F,35,NA,79568,NA
2019-20,1610612741,CHI,1629622,Max Strus,G-F,28,NA,79568,NA
2020-21,1610612748,MIA,1629622,Max Strus,G-F,31,NA,647098,NA
2021-22,1610612748,MIA,1629622,Max Strus,G-F,31,NA,1669178,NA
2022-23,1610612748,MIA,1629622,Max Strus,G-F,31,NA,1815677,NA
2023-24,1610612739,CLE,1629622,Max Strus,G-F,1,Traded from MIA on 07/06/23,14487684,NA
2024-25,1610612739,CLE,1629622,Max Strus,G-F,1,NA,15212068,NA
2021-22,1610612749,MIL,1629623,Lindell Wigginton,G,28,Signed on 01/13/22,233973,NA
2022-23,1610612749,MIL,1629623,Lindell Wigginton,G,28,NA,99438,NA
2023-24,1610612749,MIL,1629623,Lindell Wigginton,G,28,NA,244502,NA
2019-20,1610612752,NYK,1629624,Kenny Wooten,F,45,NA,79568,NA
2019-20,1610612762,UTA,1629625,Justin Wright-Foreman,G,3,NA,79568,NA
2019-20,1610612743,DEN,1629626,Bol Bol,C-F,10,NA,79568,NA
2020-21,1610612743,DEN,1629626,Bol Bol,C-F,10,NA,2058240,NA
2021-22,1610612753,ORL,1629626,Bol Bol,C-F,10,NA,2161152,NA
2022-23,1610612753,ORL,1629626,Bol Bol,C-F,10,NA,2200000,NA
2023-24,1610612756,PHX,1629626,Bol Bol,C-F,11,Signed on 07/18/23,2165000,NA
2024-25,1610612756,PHX,1629626,Bol Bol,C-F,11,NA,2425403,NA
2019-20,1610612740,NOP,1629627,Zion Williamson,F,1,+ACM-1 Pick in 2019 Draft,9757440,NA
2020-21,1610612740,NOP,1629627,Zion Williamson,F,1,NA,10245480,NA
2021-22,1610612740,NOP,1629627,Zion Williamson,F,1,NA,10733400,NA
2022-23,1610612740,NOP,1629627,Zion Williamson,F,1,NA,13534817,NA
2023-24,1610612740,NOP,1629627,Zion Williamson,F,1,NA,34005250,NA
2024-25,1610612740,NOP,1629627,Zion Williamson,F,1,NA,36725670,NA
2019-20,1610612752,NYK,1629628,RJ Barrett,F-G,9,+ACM-3 Pick in 2019 Draft,7839960,NA
2020-21,1610612752,NYK,1629628,RJ Barrett,F-G,9,NA,8231760,NA
2022-23,1610612752,NYK,1629628,RJ Barrett,F-G,9,NA,10900634,NA
2023-24,1610612752,NYK,1629628,RJ Barrett,F-G,9,NA,23883929,NA
2024-25,1610612761,TOR,1629628,RJ Barrett,F-G,9,Traded from NYK on 12/30/23,25794643,NA
2019-20,1610612737,ATL,1629629,Cam Reddish,F-G,22,NA,4245720,NA
2020-21,1610612737,ATL,1629629,Cam Reddish,F-G,22,NA,4458000,NA
2022-23,1610612757,POR,1629629,Cam Reddish,F-G,5,NA,5954454,NA
2023-24,1610612747,LAL,1629629,Cam Reddish,F-G,5,Signed on 07/06/23,2165000,NA
2024-25,1610612747,LAL,1629629,Cam Reddish,F-G,5,NA,2463946,NA
2019-20,1610612763,MEM,1629630,Ja Morant,G,12,+ACM-2 Pick in 2019 Draft,8730240,NA
2020-21,1610612763,MEM,1629630,Ja Morant,G,12,NA,9166800,NA
2021-22,1610612763,MEM,1629630,Ja Morant,G,12,NA,9603360,NA
2022-23,1610612763,MEM,1629630,Ja Morant,G,12,NA,12119440,NA
2023-24,1610612763,MEM,1629630,Ja Morant,G,12,NA,34005250,NA
2024-25,1610612763,MEM,1629630,Ja Morant,G,12,NA,36725670,NA
2019-20,1610612737,ATL,1629631,De'Andre Hunter,F-G,12,Draft Rights Traded from NOP on 07/07/19,7068360,NA
2020-21,1610612737,ATL,1629631,De'Andre Hunter,F-G,12,NA,7422000,NA
2021-22,1610612737,ATL,1629631,De'Andre Hunter,F-G,12,NA,7775400,NA
2022-23,1610612737,ATL,1629631,De'Andre Hunter,F-G,12,NA,9835881,NA
2023-24,1610612737,ATL,1629631,De'Andre Hunter,F-G,12,NA,20089286,NA
2024-25,1610612737,ATL,1629631,De'Andre Hunter,F-G,12,NA,21696429,NA
2024-25,1610612739,CLE,1629631,De'Andre Hunter,F-G,12,Traded from ATL on 10/02/25,21696429,2025-02-10
2019-20,1610612741,CHI,1629632,Coby White,G,0,+ACM-7 Pick in 2019 Draft,5307120,NA
2020-21,1610612741,CHI,1629632,Coby White,G,0,NA,5572680,NA
2021-22,1610612741,CHI,1629632,Coby White,G,0,NA,5837760,NA
2022-23,1610612741,CHI,1629632,Coby White,G,0,NA,7413955,NA
2023-24,1610612741,CHI,1629632,Coby White,G,0,NA,11111111,NA
2024-25,1610612741,CHI,1629632,Coby White,G,0,NA,12000000,NA
2019-20,1610612750,MIN,1629633,Jarrett Culver,G-F,23,NA,5813640,NA
2020-21,1610612750,MIN,1629633,Jarrett Culver,G-F,23,NA,6104280,NA
2021-22,1610612763,MEM,1629633,Jarrett Culver,G-F,23,NA,6395160,NA
2024-25,1610612753,ORL,1629633,Jarrett Culver,G-F,7,Signed on 09/11/24,NA,NA
2019-20,1610612763,MEM,1629634,Brandon Clarke,F-G,15,Draft Rights Traded from OKC on 07/06/19,2478840,NA
2020-21,1610612763,MEM,1629634,Brandon Clarke,F,15,NA,2602920,NA
2021-22,1610612763,MEM,1629634,Brandon Clarke,F,15,NA,2726880,NA
2022-23,1610612763,MEM,1629634,Brandon Clarke,F,15,NA,4343919,NA
2023-24,1610612763,MEM,1629634,Brandon Clarke,F,15,NA,12500000,NA
2024-25,1610612763,MEM,1629634,Brandon Clarke,F,15,NA,12500000,NA
2019-20,1610612765,DET,1629635,Sekou Doumbouya,F,45,NA,3285120,NA
2020-21,1610612765,DET,1629635,Sekou Doumbouya,F,45,NA,3449400,NA
2019-20,1610612739,CLE,1629636,Darius Garland,G,10,+ACM-5 Pick in 2019 Draft,6400920,NA
2020-21,1610612739,CLE,1629636,Darius Garland,G,10,NA,6720720,NA
2021-22,1610612739,CLE,1629636,Darius Garland,G,10,NA,7040880,NA
2022-23,1610612739,CLE,1629636,Darius Garland,G,10,NA,8920794,NA
2023-24,1610612739,CLE,1629636,Darius Garland,G,10,NA,34005250,NA
2024-25,1610612739,CLE,1629636,Darius Garland,G,10,NA,36725670,NA
2019-20,1610612740,NOP,1629637,Jaxson Hayes,C-F,10,NA,4862040,NA
2020-21,1610612740,NOP,1629637,Jaxson Hayes,C-F,10,NA,5105160,NA
2021-22,1610612740,NOP,1629637,Jaxson Hayes,C-F,10,NA,5348280,NA
2022-23,1610612740,NOP,1629637,Jaxson Hayes,C-F,10,NA,6803012,NA
2023-24,1610612747,LAL,1629637,Jaxson Hayes,C-F,11,Signed on 07/06/23,2165000,NA
2024-25,1610612747,LAL,1629637,Jaxson Hayes,C-F,11,NA,2463946,NA
2019-20,1610612740,NOP,1629638,Nickeil Alexander-Walker,G,0,NA,2964840,NA
2020-21,1610612740,NOP,1629638,Nickeil Alexander-Walker,G,6,NA,3113160,NA
2021-22,1610612762,UTA,1629638,Nickeil Alexander-Walker,G,6,NA,3261480,NA
2022-23,1610612762,UTA,1629638,Nickeil Alexander-Walker,G,9,NA,5009633,NA
2022-23,1610612750,MIN,1629638,Nickeil Alexander-Walker,G,9,Traded from UTA on 02/09/23,5009633,2023-02-09
2023-24,1610612750,MIN,1629638,Nickeil Alexander-Walker,G,9,NA,4687500,NA
2024-25,1610612750,MIN,1629638,Nickeil Alexander-Walker,G,9,NA,4312500,NA
2019-20,1610612748,MIA,1629639,Tyler Herro,G,14,+ACM-13 Pick in 2019 Draft,3640200,NA
2020-21,1610612748,MIA,1629639,Tyler Herro,G,14,NA,3822240,NA
2021-22,1610612748,MIA,1629639,Tyler Herro,G,14,NA,4004280,NA
2022-23,1610612748,MIA,1629639,Tyler Herro,G,14,NA,5722116,NA
2023-24,1610612748,MIA,1629639,Tyler Herro,G,14,NA,27000000,NA
2024-25,1610612748,MIA,1629639,Tyler Herro,G,14,NA,29000000,NA
2019-20,1610612759,SAS,1629640,Keldon Johnson,F-G,3,+ACM-29 Pick in 2019 Draft,1950600,NA
2021-22,1610612759,SAS,1629640,Keldon Johnson,F-G,3,NA,2145720,NA
2022-23,1610612759,SAS,1629640,Keldon Johnson,F-G,3,NA,3873024,NA
2023-24,1610612759,SAS,1629640,Keldon Johnson,F-G,3,NA,20000000,NA
2024-25,1610612759,SAS,1629640,Keldon Johnson,F-G,0,NA,19000000,NA
2019-20,1610612738,BOS,1629641,Romeo Langford,G-F,45,NA,3458400,NA
2020-21,1610612738,BOS,1629641,Romeo Langford,G-F,45,NA,3631200,NA
2021-22,1610612759,SAS,1629641,Romeo Langford,G-F,35,NA,3804360,NA
2022-23,1610612759,SAS,1629641,Romeo Langford,G-F,35,NA,5634257,NA
2023-24,1610612762,UTA,1629641,Romeo Langford,G-F,15,Signed on 08/29/23,NA,NA
2019-20,1610612757,POR,1629642,Nassir Little,F-G,9,+ACM-25 Pick in 2019 Draft,2105520,NA
2020-21,1610612757,POR,1629642,Nassir Little,F-G,9,NA,2210640,NA
2021-22,1610612757,POR,1629642,Nassir Little,F-G,9,NA,2316240,NA
2022-23,1610612757,POR,1629642,Nassir Little,F-G,10,NA,4171548,NA
2023-24,1610612756,PHX,1629642,Nassir Little,F-G,25,Traded from POR on 09/27/23,6250000,NA
2024-25,1610612748,MIA,1629642,Nassir Little,F-G,25,Signed on 09/24/24,3107143,NA
2020-21,1610612753,ORL,1629643,Chuma Okeke,F,3,+ACM-16 Pick in 2019 Draft,3121080,NA
2021-22,1610612753,ORL,1629643,Chuma Okeke,F,3,NA,3277080,NA
2022-23,1610612753,ORL,1629643,Chuma Okeke,F,3,NA,3433320,NA
2023-24,1610612753,ORL,1629643,Chuma Okeke,F,3,NA,5266712,NA
2024-25,1610612752,NYK,1629643,Chuma Okeke,F,3,Signed on 08/01/24,372949,NA
2024-25,1610612755,PHI,1629643,Chuma Okeke,F,3,Traded from NYK on 07/02/25,372949,2025-02-07
2024-25,1610612739,CLE,1629643,Chuma Okeke,F,3,Traded from PHI on 06/04/25,372949,2025-04-06
2019-20,1610612748,MIA,1629644,KZ Okpala,F-G,4,NA,898310,NA
2020-21,1610612748,MIA,1629644,KZ Okpala,F-G,11,NA,1517981,NA
2019-20,1610612739,CLE,1629645,Kevin Porter Jr.,G-F,4,NA,NA,NA
2020-21,1610612739,CLE,1629645,Kevin Porter Jr.,G-F,3,NA,NA,NA
2020-21,1610612745,HOU,1629645,Kevin Porter Jr.,G-F,3,Traded from CLE on 01/22/21,NA,2021-01-22
2021-22,1610612745,HOU,1629645,Kevin Porter Jr.,G-F,3,NA,NA,NA
2022-23,1610612745,HOU,1629645,Kevin Porter Jr.,G-F,3,NA,NA,NA
2023-24,1610612745,HOU,1629645,Kevin Porter Jr.,G-F,3,NA,NA,NA
2024-25,1610612746,LAC,1629645,Kevin Porter Jr.,G-F,77,Signed on 07/10/24,NA,NA
2024-25,1610612749,MIL,1629645,Kevin Porter Jr.,G-F,77,Traded from LAC on 09/02/25,NA,2025-02-09
2021-22,1610612755,PHI,1629646,Charles Bassey,C-F,23,NA,925258,NA
2022-23,1610612759,SAS,1629646,Charles Bassey,C-F,28,Signed on 10/24/22,2674742,NA
2023-24,1610612759,SAS,1629646,Charles Bassey,C-F,28,NA,2600000,NA
2024-25,1610612759,SAS,1629646,Charles Bassey,C-F,28,NA,2162606,NA
2019-20,1610612760,OKC,1629647,Darius Bazley,F-G,7,NA,2284800,NA
2020-21,1610612760,OKC,1629647,Darius Bazley,F-G,7,NA,2399160,NA
2021-22,1610612760,OKC,1629647,Darius Bazley,F,7,NA,2513040,NA
2022-23,1610612760,OKC,1629647,Darius Bazley,F,55,NA,4264628,NA
2022-23,1610612756,PHX,1629647,Darius Bazley,F,55,Traded from OKC on 02/09/23,4264628,2023-02-09
2023-24,1610612751,BKN,1629647,Darius Bazley,F,7,Signed on 07/16/23,624425,NA
2019-20,1610612765,DET,1629648,Jordan Bone,G,18,NA,79568,NA
2019-20,1610612752,NYK,1629649,Ignas Brazdeikis,F,17,NA,898310,NA
2020-21,1610612753,ORL,1629649,Ignas Brazdeikis,F,17,NA,1686315,NA
2021-22,1610612753,ORL,1629649,Ignas Brazdeikis,F,17,NA,462629,NA
2019-20,1610612757,POR,1629650,Moses Brown,C,4,NA,79568,NA
2020-21,1610612738,BOS,1629650,Moses Brown,C,9,NA,1250000,NA
2021-22,1610612739,CLE,1629650,Moses Brown,C,6,NA,1933909,NA
2023-24,1610612757,POR,1629650,Moses Brown,C,0,Signed on 08/22/23,2165000,NA
2019-20,1610612751,BKN,1629651,Nic Claxton,F-C,33,+ACM-31 Pick in 2019 Draft,NA,NA
2020-21,1610612751,BKN,1629651,Nic Claxton,F-C,33,NA,NA,NA
2021-22,1610612751,BKN,1629651,Nic Claxton,F-C,33,NA,NA,NA
2022-23,1610612751,BKN,1629651,Nic Claxton,C,33,NA,NA,NA
2023-24,1610612751,BKN,1629651,Nic Claxton,C,33,NA,NA,NA
2024-25,1610612751,BKN,1629651,Nic Claxton,C,33,NA,NA,NA
2019-20,1610612760,OKC,1629652,Luguentz Dort,G,5,Signed on 07/06/19,155647,NA
2020-21,1610612760,OKC,1629652,Luguentz Dort,G,5,NA,1517981,NA
2021-22,1610612760,OKC,1629652,Luguentz Dort,G,5,NA,1782621,NA
2022-23,1610612760,OKC,1629652,Luguentz Dort,G,5,NA,15277778,NA
2023-24,1610612760,OKC,1629652,Luguentz Dort,G,5,NA,15277778,NA
2024-25,1610612760,OKC,1629652,Luguentz Dort,G,5,NA,17000000,NA
2020-21,1610612741,CHI,1629653,Devon Dotson,G,3,NA,449115,NA
2019-20,1610612741,CHI,1629655,Daniel Gafford,F-C,12,NA,898310,NA
2020-21,1610612741,CHI,1629655,Daniel Gafford,F-C,21,NA,1517981,NA
2020-21,1610612764,WAS,1629655,Daniel Gafford,F-C,21,Traded from CHI on 03/25/21,1517981,2021-03-25
2021-22,1610612764,WAS,1629655,Daniel Gafford,F-C,21,NA,1782621,NA
2022-23,1610612764,WAS,1629655,Daniel Gafford,F-C,21,NA,1930681,NA
2023-24,1610612764,WAS,1629655,Daniel Gafford,F-C,21,NA,12402000,NA
2024-25,1610612742,DAL,1629655,Daniel Gafford,F-C,21,Traded from WAS on 02/08/24,13394160,NA
2022-23,1610612752,NYK,1629656,Quentin Grimes,G,6,NA,2277000,NA
2023-24,1610612752,NYK,1629656,Quentin Grimes,G,6,NA,2385720,NA
2024-25,1610612742,DAL,1629656,Quentin Grimes,G,5,NA,4296682,NA
2024-25,1610612755,PHI,1629656,Quentin Grimes,G,5,Traded from DAL on 05/02/25,4296682,2025-02-05
2020-21,1610612758,SAC,1629657,Kyle Guy,G,7,NA,537888,NA
2019-20,1610612757,POR,1629658,Jaylen Hoard,F,6,NA,79568,NA
2020-21,1610612760,OKC,1629658,Jaylen Hoard,F,8,NA,129209,NA
2019-20,1610612747,LAL,1629659,Talen Horton-Tucker,G,5,NA,898310,NA
2020-21,1610612747,LAL,1629659,Talen Horton-Tucker,G,5,NA,1517981,NA
2021-22,1610612747,LAL,1629659,Talen Horton-Tucker,G,5,NA,9500000,NA
2022-23,1610612762,UTA,1629659,Talen Horton-Tucker,G,0,Traded from LAL on 08/25/22,10260000,NA
2023-24,1610612762,UTA,1629659,Talen Horton-Tucker,G,5,NA,11020000,NA
2024-25,1610612741,CHI,1629659,Talen Horton-Tucker,G,5,Signed on 09/04/24,NA,NA
2019-20,1610612756,PHX,1629660,Ty Jerome,G-F,10,NA,2193480,NA
2020-21,1610612760,OKC,1629660,Ty Jerome,G-F,16,NA,2303040,NA
2021-22,1610612760,OKC,1629660,Ty Jerome,G-F,16,NA,2412840,NA
2022-23,1610612744,GSW,1629660,Ty Jerome,G-F,10,NA,4728948,NA
2023-24,1610612739,CLE,1629660,Ty Jerome,G-F,2,Signed on 07/06/23,2439025,NA
2024-25,1610612739,CLE,1629660,Ty Jerome,G-F,2,NA,2560975,NA
2019-20,1610612756,PHX,1629661,Cameron Johnson,F,23,NA,4033440,NA
2020-21,1610612756,PHX,1629661,Cameron Johnson,F,23,NA,4235160,NA
2021-22,1610612756,PHX,1629661,Cameron Johnson,F,23,NA,4437000,NA
2022-23,1610612756,PHX,1629661,Cameron Johnson,F,2,NA,5887899,NA
2022-23,1610612751,BKN,1629661,Cameron Johnson,F,2,Traded from PHX on 02/09/23,5887899,2023-02-09
2023-24,1610612751,BKN,1629661,Cameron Johnson,F,2,NA,25679348,NA
2024-25,1610612751,BKN,1629661,Cameron Johnson,F,2,NA,23062500,NA
2019-20,1610612746,LAC,1629662,Mfiondu Kabengele,F-C,25,NA,1977000,NA
2020-21,1610612739,CLE,1629662,Mfiondu Kabengele,F-C,27,NA,2432353,NA
2022-23,1610612738,BOS,1629662,Mfiondu Kabengele,C,28,Signed on 07/16/22,508891,NA
2019-20,1610612765,DET,1629663,Louis King,F,14,NA,79568,NA
2020-21,1610612758,SAC,1629663,Louis King,F,23,NA,49222,NA
2022-23,1610612755,PHI,1629663,Louis King,F,23,Signed on 12/26/22,307089,NA
2019-20,1610612756,PHX,1629665,Jalen Lecque,G,0,NA,898310,NA
2019-20,1610612766,CHA,1629667,Jalen McDaniels,F-C,6,NA,898310,NA
2020-21,1610612766,CHA,1629667,Jalen McDaniels,F-C,6,NA,1517981,NA
2021-22,1610612766,CHA,1629667,Jalen McDaniels,F-C,6,NA,1782621,NA
2022-23,1610612755,PHI,1629667,Jalen McDaniels,F-C,7,NA,1930681,NA
2023-24,1610612761,TOR,1629667,Jalen McDaniels,F-C,2,Signed on 07/06/23,4516000,NA
2019-20,1610612750,MIN,1629669,Jaylen Nowell,G,4,+ACM-43 Pick in 2019 Draft,1400000,NA
2020-21,1610612750,MIN,1629669,Jaylen Nowell,G,4,NA,1517981,NA
2021-22,1610612750,MIN,1629669,Jaylen Nowell,G,4,NA,1782621,NA
2022-23,1610612750,MIN,1629669,Jaylen Nowell,G,4,NA,1930681,NA
2023-24,1610612758,SAC,1629669,Jaylen Nowell,G,4,Signed on 09/29/23,398160,NA
2020-21,1610612749,MIL,1629670,Jordan Nwora,F,13,NA,898310,NA
2021-22,1610612749,MIL,1629670,Jordan Nwora,F,13,NA,1517981,NA
2022-23,1610612749,MIL,1629670,Jordan Nwora,F,13,NA,2800000,NA
2022-23,1610612754,IND,1629670,Jordan Nwora,F,13,Traded from MIL on 02/09/23,2800000,2023-02-09
2023-24,1610612754,IND,1629670,Jordan Nwora,F,13,NA,3000000,NA
2019-20,1610612762,UTA,1629671,Miye Oni,G-F,81,NA,898310,NA
2020-21,1610612762,UTA,1629671,Miye Oni,G-F,81,NA,1517981,NA
2024-25,1610612763,MEM,1629671,Miye Oni,G-F,81,Signed on 09/06/24,NA,NA
2019-20,1610612744,GSW,1629672,Eric Paschall,F,7,NA,898310,NA
2020-21,1610612744,GSW,1629672,Eric Paschall,F,7,NA,1517981,NA
2021-22,1610612762,UTA,1629672,Eric Paschall,F,0,NA,1782621,NA
2019-20,1610612744,GSW,1629673,Jordan Poole,G,3,NA,1964760,NA
2020-21,1610612744,GSW,1629673,Jordan Poole,G,3,NA,2063280,NA
2021-22,1610612744,GSW,1629673,Jordan Poole,G,3,NA,2161440,NA
2022-23,1610612744,GSW,1629673,Jordan Poole,G,3,NA,3901399,NA
2023-24,1610612764,WAS,1629673,Jordan Poole,G,13,Traded from GSW on 07/06/23,27955357,NA
2024-25,1610612764,WAS,1629673,Jordan Poole,G,13,NA,29651786,NA
2021-22,1610612758,SAC,1629674,Neemias Queta,C,88,+ACM-39 Pick in 2021 Draft,462629,NA
2023-24,1610612738,BOS,1629674,Neemias Queta,C,88,Signed on 09/19/23,891035,NA
2024-25,1610612738,BOS,1629674,Neemias Queta,C,88,NA,2162606,NA
2019-20,1610612750,MIN,1629675,Naz Reid,C-F,11,Signed on 07/04/19,898310,NA
2020-21,1610612750,MIN,1629675,Naz Reid,C-F,11,NA,1517981,NA
2021-22,1610612750,MIN,1629675,Naz Reid,C-F,11,NA,1782621,NA
2022-23,1610612750,MIN,1629675,Naz Reid,C-F,11,NA,1930681,NA
2023-24,1610612750,MIN,1629675,Naz Reid,C-F,11,NA,12950400,NA
2024-25,1610612750,MIN,1629675,Naz Reid,C-F,11,NA,13986432,NA
2019-20,1610612760,OKC,1629676,Isaiah Roby,F,22,NA,1500000,NA
2020-21,1610612760,OKC,1629676,Isaiah Roby,F,22,NA,1517981,NA
2021-22,1610612760,OKC,1629676,Isaiah Roby,F,22,NA,1782621,NA
2022-23,1610612752,NYK,1629676,Isaiah Roby,F,18,Signed on 04/09/23,2330681,NA
2023-24,1610612752,NYK,1629676,Isaiah Roby,F,18,NA,NA,NA
2019-20,1610612759,SAS,1629677,Luka Samanic,F,19,NA,2689920,NA
2022-23,1610612762,UTA,1629677,Luka Samanic,F,19,Signed on 03/28/23,538317,NA
2023-24,1610612762,UTA,1629677,Luka Samanic,F,19,NA,2066585,NA
2019-20,1610612764,WAS,1629678,Admiral Schofield,G-F,1,NA,1000000,NA
2021-22,1610612753,ORL,1629678,Admiral Schofield,F,25,Signed on 09/21/21,723741,NA
2022-23,1610612753,ORL,1629678,Admiral Schofield,F,25,NA,877940,NA
2023-24,1610612753,ORL,1629678,Admiral Schofield,F,25,NA,559782,NA
2019-20,1610612755,PHI,1629680,Matisse Thybulle,G-F,22,NA,2582160,NA
2020-21,1610612755,PHI,1629680,Matisse Thybulle,G-F,22,NA,2711280,NA
2021-22,1610612755,PHI,1629680,Matisse Thybulle,G-F,22,NA,2840160,NA
2022-23,1610612755,PHI,1629680,Matisse Thybulle,G-F,4,NA,4379526,NA
2022-23,1610612757,POR,1629680,Matisse Thybulle,G-F,4,Traded from PHI on 02/09/23,4379526,2023-02-09
2023-24,1610612757,POR,1629680,Matisse Thybulle,G-F,4,NA,10500000,NA
2024-25,1610612757,POR,1629680,Matisse Thybulle,G-F,4,NA,11025000,NA
2020-21,1610612763,MEM,1629681,Killian Tillie,F-C,35,NA,449115,NA
2021-22,1610612763,MEM,1629681,Killian Tillie,F-C,35,NA,1901625,NA
2019-20,1610612738,BOS,1629682,Tremont Waters,G,51,NA,79568,NA
2020-21,1610612738,BOS,1629682,Tremont Waters,G,51,NA,712278,NA
2019-20,1610612759,SAS,1629683,Quinndary Weatherspoon,G,15,NA,79568,NA
2021-22,1610612744,GSW,1629683,Quinndary Weatherspoon,G,15,NA,346491,NA
2019-20,1610612738,BOS,1629684,Grant Williams,F,12,+ACM-22 Pick in 2019 Draft,2379840,NA
2020-21,1610612738,BOS,1629684,Grant Williams,F,12,NA,2498760,NA
2021-22,1610612738,BOS,1629684,Grant Williams,F,12,NA,2617800,NA
2022-23,1610612738,BOS,1629684,Grant Williams,F,12,NA,4306281,NA
2023-24,1610612742,DAL,1629684,Grant Williams,F,3,Traded from BOS on 07/12/23,12405000,NA
2024-25,1610612766,CHA,1629684,Grant Williams,F,2,Traded from DAL on 02/08/24,13025250,NA
2019-20,1610612739,CLE,1629685,Dylan Windler,G-F,9,+ACM-26 Pick in 2019 Draft,2035800,NA
2020-21,1610612739,CLE,1629685,Dylan Windler,G-F,9,NA,2137440,NA
2021-22,1610612739,CLE,1629685,Dylan Windler,G-F,9,NA,2239200,NA
2022-23,1610612739,CLE,1629685,Dylan Windler,G-F,9,NA,4037277,NA
2023-24,1610612752,NYK,1629685,Dylan Windler,G-F,9,Signed on 07/26/23,1116288,NA
2020-21,1610612765,DET,1629686,Deividas Sirvydis,F-G,91,NA,898310,NA
2019-20,1610612741,CHI,1629690,Adam Mokoka,G,20,NA,79568,NA
2020-21,1610612741,CHI,1629690,Adam Mokoka,G,20,NA,449115,NA
2020-21,1610612740,NOP,1629712,Didi Louzada,G,NA,NA,123056,NA
2021-22,1610612757,POR,1629712,Didi Louzada,G,35,NA,1786878,NA
2020-21,1610612758,SAC,1629713,Justin James,G-F,10,NA,1517981,NA
2019-20,1610612762,UTA,1629714,Jarrell Brantley,F,5,NA,79568,NA
2020-21,1610612762,UTA,1629714,Jarrell Brantley,F,5,NA,510586,NA
2023-24,1610612749,MIL,1629716,Marques Bolden,C,15,Signed on 09/20/22,502131,NA
2020-21,1610612745,HOU,1629717,Armoni Brooks,G,7,NA,135362,NA
2021-22,1610612761,TOR,1629717,Armoni Brooks,G,1,NA,1739065,NA
2023-24,1610612751,BKN,1629717,Armoni Brooks,G,13,Signed on 07/18/23,241285,NA
2019-20,1610612737,ATL,1629718,Charlie Brown Jr.,G,4,NA,NA,NA
2020-21,1610612760,OKC,1629718,Charlie Brown Jr.,G,44,NA,NA,NA
2021-22,1610612755,PHI,1629718,Charlie Brown Jr.,G,16,NA,NA,NA
2023-24,1610612752,NYK,1629718,Charlie Brown Jr.,G,16,Signed on 09/07/23,NA,NA
2024-25,1610612766,CHA,1629718,Charlie Brown Jr.,G,4,Traded from NYK on 10/02/24,NA,NA
2019-20,1610612747,LAL,1629719,Devontae Cacok,F,12,NA,79568,NA
2020-21,1610612747,LAL,1629719,Devontae Cacok,F,12,NA,449115,NA
2021-22,1610612759,SAS,1629719,Devontae Cacok,F,18,NA,726128,NA
2019-20,1610612763,MEM,1629723,John Konchar,G,46,Signed on 07/07/19,79568,NA
2020-21,1610612763,MEM,1629723,John Konchar,G,46,NA,2100000,NA
2021-22,1610612763,MEM,1629723,John Konchar,G,46,NA,2200000,NA
2022-23,1610612763,MEM,1629723,John Konchar,G,46,NA,2300000,NA
2023-24,1610612763,MEM,1629723,John Konchar,G,46,NA,2400000,NA
2024-25,1610612763,MEM,1629723,John Konchar,G,46,NA,6165000,NA
2019-20,1610612753,ORL,1629724,Vic Law,F,23,NA,79568,NA
2019-20,1610612751,BKN,1629725,Jeremiah Martin,G,0,NA,79568,NA
2020-21,1610612739,CLE,1629725,Jeremiah Martin,G,3,NA,58452,NA
2019-20,1610612764,WAS,1629726,Garrison Mathews,G,24,NA,79568,NA
2020-21,1610612764,WAS,1629726,Garrison Mathews,G,24,NA,688052,NA
2021-22,1610612745,HOU,1629726,Garrison Mathews,G,25,NA,2000000,NA
2022-23,1610612745,HOU,1629726,Garrison Mathews,G,25,NA,2000000,NA
2022-23,1610612737,ATL,1629726,Garrison Mathews,G,25,Traded from HOU on 02/09/23,2000000,2023-02-09
2023-24,1610612737,ATL,1629726,Garrison Mathews,G,25,NA,2000000,NA
2024-25,1610612737,ATL,1629726,Garrison Mathews,G,24,NA,2230253,NA
2019-20,1610612742,DAL,1629729,Josh Reaves,G-F,23,NA,79568,NA
2019-20,1610612762,UTA,1629730,Rayjon Tucker,G,6,NA,578573,NA
2020-21,1610612755,PHI,1629730,Rayjon Tucker,G,9,NA,693755,NA
2021-22,1610612749,MIL,1629730,Rayjon Tucker,G,59,NA,220639,NA
2019-20,1610612739,CLE,1629731,Dean Wade,F-C,32,Signed on 07/01/19,375000,NA
2020-21,1610612739,CLE,1629731,Dean Wade,F-C,32,NA,1517981,NA
2021-22,1610612739,CLE,1629731,Dean Wade,F-C,32,NA,1782621,NA
2022-23,1610612739,CLE,1629731,Dean Wade,F-C,32,NA,1930681,NA
2023-24,1610612739,CLE,1629731,Dean Wade,F-C,32,NA,5709877,NA
2024-25,1610612739,CLE,1629731,Dean Wade,F-C,32,NA,6166667,NA
2019-20,1610612748,MIA,1629734,Kyle Alexander,F-C,17,NA,79568,NA
2019-20,1610612748,MIA,1629735,Chris Silva,F,30,NA,466918,NA
2019-20,1610612738,BOS,1629738,Vincent Poirier,C-F,77,NA,2505793,NA
2019-20,1610612745,HOU,1629739,William Howard,F-G,52,NA,79568,NA
2019-20,1610612740,NOP,1629740,Nicolo Melli,F,20,NA,4102564,NA
2020-21,1610612742,DAL,1629740,Nicolo Melli,F,44,NA,3897436,NA
2019-20,1610612763,MEM,1629741,Marko Guduric,G,23,NA,2625000,NA
2019-20,1610612751,BKN,1629743,Donta Hall,F,45,NA,101504,NA
2019-20,1610612761,TOR,1629744,Matt Thomas,G,21,NA,898310,NA
2020-21,1610612762,UTA,1629744,Matt Thomas,G,21,NA,1517981,NA
2021-22,1610612741,CHI,1629744,Matt Thomas,G,21,NA,1669178,NA
2019-20,1610612756,PHX,1629745,Tariq Owens,F,41,NA,79568,NA
2019-20,1610612738,BOS,1629750,Javonte Green,G-F,43,NA,898310,NA
2020-21,1610612738,BOS,1629750,Javonte Green,G-F,11,NA,1517981,NA
2020-21,1610612741,CHI,1629750,Javonte Green,G-F,11,Traded from BOS on 03/25/21,1517981,2021-03-25
2021-22,1610612741,CHI,1629750,Javonte Green,G-F,24,NA,1669178,NA
2022-23,1610612741,CHI,1629750,Javonte Green,G,24,NA,1815677,NA
2024-25,1610612740,NOP,1629750,Javonte Green,G,24,Signed on 08/22/24,2425403,NA
2024-25,1610612739,CLE,1629750,Javonte Green,G,24,Traded from NOP on 23/02/25,2425403,2025-02-23
2019-20,1610612762,UTA,1629752,Juwan Morgan,F,16,NA,746054,NA
2020-21,1610612762,UTA,1629752,Juwan Morgan,F,16,NA,1517981,NA
2021-22,1610612738,BOS,1629752,Juwan Morgan,F,16,NA,211046,NA
2019-20,1610612739,CLE,1629760,Matt Mooney,G,31,NA,79568,NA
2020-21,1610612757,POR,1629833,Keljin Blevins,G,21,NA,449115,NA
2021-22,1610612757,POR,1629833,Keljin Blevins,G,21,NA,462629,NA
2021-22,1610612746,LAC,1629875,Xavier Moon,G,15,Signed on 12/25/21,202069,NA
2022-23,1610612746,LAC,1629875,Xavier Moon,G,15,NA,116986,NA
2023-24,1610612746,LAC,1629875,Xavier Moon,G,15,NA,489005,NA
2021-22,1610612753,ORL,1629962,Devin Cannady,G,30,NA,185578,NA
2020-21,1610612750,MIN,1630162,Anthony Edwards,G,1,+ACM-1 Pick in 2020 Draft,9757440,NA
2021-22,1610612750,MIN,1630162,Anthony Edwards,G,1,NA,10245480,NA
2022-23,1610612750,MIN,1630162,Anthony Edwards,G,1,NA,10733400,NA
2023-24,1610612750,MIN,1630162,Anthony Edwards,G,1,NA,13534817,NA
2024-25,1610612750,MIN,1630162,Anthony Edwards,G,5,NA,42176400,NA
2020-21,1610612766,CHA,1630163,LaMelo Ball,G,2,+ACM-3 Pick in 2020 Draft,7839960,NA
2021-22,1610612766,CHA,1630163,LaMelo Ball,G,2,NA,8231760,NA
2022-23,1610612766,CHA,1630163,LaMelo Ball,G,1,NA,8623920,NA
2023-24,1610612766,CHA,1630163,LaMelo Ball,G,1,NA,10900635,NA
2024-25,1610612766,CHA,1630163,LaMelo Ball,G,1,NA,35147000,NA
2020-21,1610612744,GSW,1630164,James Wiseman,C,33,NA,8730240,NA
2021-22,1610612744,GSW,1630164,James Wiseman,C,33,NA,9166800,NA
2022-23,1610612744,GSW,1630164,James Wiseman,C,13,NA,9603360,NA
2022-23,1610612765,DET,1630164,James Wiseman,C,13,Traded from GSW on 02/09/23,9603360,2023-02-09
2023-24,1610612765,DET,1630164,James Wiseman,C,13,NA,12119440,NA
2024-25,1610612754,IND,1630164,James Wiseman,C,13,Signed on 07/05/24,NA,NA
2020-21,1610612765,DET,1630165,Killian Hayes,G,7,+ACM-7 Pick in 2020 Draft,5307120,NA
2021-22,1610612765,DET,1630165,Killian Hayes,G,7,NA,5572680,NA
2022-23,1610612765,DET,1630165,Killian Hayes,G,7,NA,5837760,NA
2023-24,1610612765,DET,1630165,Killian Hayes,G,7,NA,7413955,NA
2024-25,1610612751,BKN,1630165,Killian Hayes,G,7,Signed on 09/20/24,128603,NA
2020-21,1610612764,WAS,1630166,Deni Avdija,F,9,+ACM-9 Pick in 2020 Draft,4469160,NA
2021-22,1610612764,WAS,1630166,Deni Avdija,F,9,NA,4692840,NA
2022-23,1610612764,WAS,1630166,Deni Avdija,F,9,NA,4916160,NA
2023-24,1610612764,WAS,1630166,Deni Avdija,F,8,NA,6263188,NA
2024-25,1610612757,POR,1630166,Deni Avdija,F,8,Traded from WAS on 07/06/24,15625000,NA
2020-21,1610612752,NYK,1630167,Obi Toppin,F,1,NA,4862040,NA
2022-23,1610612752,NYK,1630167,Obi Toppin,F,1,NA,5348280,NA
2023-24,1610612754,IND,1630167,Obi Toppin,F,1,Traded from NYK on 07/07/23,6803012,NA
2024-25,1610612754,IND,1630167,Obi Toppin,F,1,NA,12975000,NA
2020-21,1610612737,ATL,1630168,Onyeka Okongwu,F-C,17,+ACM-6 Pick in 2020 Draft,5813640,NA
2021-22,1610612737,ATL,1630168,Onyeka Okongwu,F-C,17,NA,6104280,NA
2022-23,1610612737,ATL,1630168,Onyeka Okongwu,F-C,17,NA,6395160,NA
2023-24,1610612737,ATL,1630168,Onyeka Okongwu,F-C,17,NA,8109063,NA
2024-25,1610612737,ATL,1630168,Onyeka Okongwu,F-C,17,NA,14000000,NA
2020-21,1610612758,SAC,1630169,Tyrese Haliburton,G,0,NA,3831840,NA
2021-22,1610612758,SAC,1630169,Tyrese Haliburton,G,0,NA,4023600,NA
2021-22,1610612754,IND,1630169,Tyrese Haliburton,G,0,Traded from SAC on 02/08/22,4023600,2022-02-08
2022-23,1610612754,IND,1630169,Tyrese Haliburton,G,0,NA,4215120,NA
2023-24,1610612754,IND,1630169,Tyrese Haliburton,G,0,NA,5808435,NA
2024-25,1610612754,IND,1630169,Tyrese Haliburton,G,0,NA,42176400,NA
2021-22,1610612759,SAS,1630170,Devin Vassell,G-F,24,+ACM-11 Pick in 2020 Draft,4235160,NA
2022-23,1610612759,SAS,1630170,Devin Vassell,G-F,24,NA,4437000,NA
2023-24,1610612759,SAS,1630170,Devin Vassell,G-F,24,NA,5887899,NA
2024-25,1610612759,SAS,1630170,Devin Vassell,G-F,24,NA,29347826,NA
2020-21,1610612739,CLE,1630171,Isaac Okoro,F-G,35,+ACM-5 Pick in 2020 Draft,6400920,NA
2021-22,1610612739,CLE,1630171,Isaac Okoro,F-G,35,NA,6720720,NA
2022-23,1610612739,CLE,1630171,Isaac Okoro,F-G,35,NA,7040880,NA
2023-24,1610612739,CLE,1630171,Isaac Okoro,F-G,35,NA,8920794,NA
2024-25,1610612739,CLE,1630171,Isaac Okoro,F-G,35,NA,10185186,NA
2020-21,1610612741,CHI,1630172,Patrick Williams,F,44,+ACM-4 Pick in 2020 Draft,7068360,NA
2021-22,1610612741,CHI,1630172,Patrick Williams,F,44,NA,7422000,NA
2022-23,1610612741,CHI,1630172,Patrick Williams,F,44,NA,7775400,NA
2023-24,1610612741,CHI,1630172,Patrick Williams,F,44,NA,9835881,NA
2024-25,1610612741,CHI,1630172,Patrick Williams,F,44,NA,18000000,NA
2020-21,1610612748,MIA,1630173,Precious Achiuwa,F,5,NA,2582160,NA
2021-22,1610612761,TOR,1630173,Precious Achiuwa,F,5,Traded from MIA on 08/06/21,2711280,NA
2022-23,1610612761,TOR,1630173,Precious Achiuwa,F,5,NA,2840160,NA
2023-24,1610612761,TOR,1630173,Precious Achiuwa,F,5,NA,4379526,NA
2024-25,1610612752,NYK,1630173,Precious Achiuwa,F,5,Traded from TOR on 12/30/23,6000000,NA
2020-21,1610612738,BOS,1630174,Aaron Nesmith,G-F,26,NA,3458400,NA
2021-22,1610612738,BOS,1630174,Aaron Nesmith,G-F,26,NA,3631200,NA
2022-23,1610612754,IND,1630174,Aaron Nesmith,G-F,23,Traded from BOS on 07/09/22,3804360,NA
2023-24,1610612754,IND,1630174,Aaron Nesmith,G-F,23,NA,5634257,NA
2024-25,1610612754,IND,1630174,Aaron Nesmith,G-F,23,NA,11000000,NA
2020-21,1610612753,ORL,1630175,Cole Anthony,G,50,+ACM-15 Pick in 2020 Draft,3285120,NA
2021-22,1610612753,ORL,1630175,Cole Anthony,G,50,NA,3449400,NA
2022-23,1610612753,ORL,1630175,Cole Anthony,G,50,NA,3613680,NA
2023-24,1610612753,ORL,1630175,Cole Anthony,G,50,NA,5539771,NA
2024-25,1610612753,ORL,1630175,Cole Anthony,G,50,NA,12900000,NA
2020-21,1610612766,CHA,1630176,Vernon Carey Jr.,F-C,22,NA,NA,NA
2021-22,1610612764,WAS,1630176,Vernon Carey Jr.,F-C,22,NA,NA,NA
2022-23,1610612762,UTA,1630176,Vernon Carey Jr.,C,13,NA,NA,NA
2020-21,1610612760,OKC,1630177,Theo Maledon,G,11,NA,2000000,NA
2021-22,1610612760,OKC,1630177,Theo Maledon,G,11,NA,2000000,NA
2022-23,1610612766,CHA,1630177,Theo Maledon,G,9,Signed on 10/15/22,2408891,NA
2023-24,1610612766,CHA,1630177,Theo Maledon,G,9,NA,559782,NA
2020-21,1610612755,PHI,1630178,Tyrese Maxey,G,0,+ACM-21 Pick in 2020 Draft,2478840,NA
2021-22,1610612755,PHI,1630178,Tyrese Maxey,G,0,NA,2602920,NA
2022-23,1610612755,PHI,1630178,Tyrese Maxey,G,0,NA,2726880,NA
2023-24,1610612755,PHI,1630178,Tyrese Maxey,G,0,NA,4343920,NA
2024-25,1610612755,PHI,1630178,Tyrese Maxey,G,0,NA,35147000,NA
2020-21,1610612742,DAL,1630179,Tyrell Terry,G,1,NA,1289846,NA
2021-22,1610612763,MEM,1630179,Tyrell Terry,G,3,NA,1869438,NA
2020-21,1610612765,DET,1630180,Saddiq Bey,F,41,NA,2689920,NA
2021-22,1610612765,DET,1630180,Saddiq Bey,F,41,NA,2824320,NA
2022-23,1610612765,DET,1630180,Saddiq Bey,F,41,NA,2959080,NA
2022-23,1610612737,ATL,1630180,Saddiq Bey,F,41,Traded from DET on 02/09/23,2959080,2023-02-09
2023-24,1610612737,ATL,1630180,Saddiq Bey,F,41,NA,4556983,NA
2024-25,1610612764,WAS,1630180,Saddiq Bey,G-F,41,Signed on 07/11/24,6440678,NA
2020-21,1610612753,ORL,1630181,R.J. Hampton,G,13,NA,NA,NA
2021-22,1610612753,ORL,1630181,R.J. Hampton,G,13,NA,NA,NA
2022-23,1610612765,DET,1630181,R.J. Hampton,G,14,NA,NA,NA
2023-24,1610612748,MIA,1630181,R.J. Hampton,G,14,Signed on 09/27/23,NA,NA
2020-21,1610612742,DAL,1630182,Josh Green,G,8,+ACM-18 Pick in 2020 Draft,2816760,NA
2021-22,1610612742,DAL,1630182,Josh Green,G,8,NA,2957520,NA
2022-23,1610612742,DAL,1630182,Josh Green,G,8,NA,3098400,NA
2023-24,1610612742,DAL,1630182,Josh Green,G,8,NA,4765339,NA
2024-25,1610612766,CHA,1630182,Josh Green,G,8,Traded from DAL on 07/06/24,12654321,NA
2020-21,1610612750,MIN,1630183,Jaden McDaniels,F,3,Draft Rights Traded from OKC on 11/20/20,1964760,NA
2021-22,1610612750,MIN,1630183,Jaden McDaniels,F,3,NA,2063280,NA
2022-23,1610612750,MIN,1630183,Jaden McDaniels,F,3,NA,2161440,NA
2023-24,1610612750,MIN,1630183,Jaden McDaniels,F,3,NA,3901399,NA
2024-25,1610612750,MIN,1630183,Jaden McDaniels,F,3,NA,22586207,NA
2020-21,1610612740,NOP,1630184,Kira Lewis Jr.,G,13,+ACM-13 Pick in 2020 Draft,NA,NA
2021-22,1610612740,NOP,1630184,Kira Lewis Jr.,G,13,NA,NA,NA
2022-23,1610612740,NOP,1630184,Kira Lewis Jr.,G,13,NA,NA,NA
2023-24,1610612740,NOP,1630184,Kira Lewis Jr.,G,13,NA,NA,NA
2020-21,1610612744,GSW,1630185,Nico Mannion,G,2,NA,449115,NA
2020-21,1610612758,SAC,1630186,Jahmi'us Ramsey,G,3,NA,1000000,NA
2024-25,1610612761,TOR,1630186,Jahmi'us Ramsey,G,37,Signed on 03/04/24,NA,NA
2020-21,1610612746,LAC,1630187,Daniel Oturu,C,10,NA,898310,NA
2020-21,1610612756,PHX,1630188,Jalen Smith,F-C,10,NA,4245720,NA
2021-22,1610612756,PHX,1630188,Jalen Smith,F-C,25,NA,4458000,NA
2021-22,1610612754,IND,1630188,Jalen Smith,F-C,25,Traded from PHX on 02/10/22,4458000,2022-02-10
2022-23,1610612754,IND,1630188,Jalen Smith,F-C,25,NA,4670160,NA
2023-24,1610612754,IND,1630188,Jalen Smith,F-C,25,NA,5043773,NA
2024-25,1610612741,CHI,1630188,Jalen Smith,F-C,25,Signed on 07/08/24,8571429,NA
2020-21,1610612742,DAL,1630189,Tyler Bey,F,2,NA,449115,NA
2020-21,1610612762,UTA,1630190,Elijah Hughes,G,33,NA,898310,NA
2021-22,1610612757,POR,1630190,Elijah Hughes,G,19,NA,1517981,NA
2024-25,1610612739,CLE,1630190,Elijah Hughes,G,19,Signed on 10/16/24,NA,NA
2020-21,1610612765,DET,1630191,Isaiah Stewart,F-C,28,Draft Rights Traded from HOU on 11/24/20,3121080,NA
2021-22,1610612765,DET,1630191,Isaiah Stewart,F-C,28,NA,3277080,NA
2022-23,1610612765,DET,1630191,Isaiah Stewart,F-C,28,NA,3433320,NA
2023-24,1610612765,DET,1630191,Isaiah Stewart,F-C,28,NA,5266713,NA
2024-25,1610612765,DET,1630191,Isaiah Stewart,F-C,28,NA,15000000,NA
2020-21,1610612743,DEN,1630192,Zeke Nnaji,F-C,22,+ACM-22 Pick in 2020 Draft,2379840,NA
2021-22,1610612743,DEN,1630192,Zeke Nnaji,F-C,22,NA,2498760,NA
2022-23,1610612743,DEN,1630192,Zeke Nnaji,F-C,22,NA,2617800,NA
2023-24,1610612743,DEN,1630192,Zeke Nnaji,F-C,22,NA,4306281,NA
2024-25,1610612743,DEN,1630192,Zeke Nnaji,F-C,22,NA,8888889,NA
2020-21,1610612752,NYK,1630193,Immanuel Quickley,G,5,Draft Rights Traded from OKC on 11/20/20,2105520,NA
2022-23,1610612752,NYK,1630193,Immanuel Quickley,G,5,NA,2316240,NA
2023-24,1610612752,NYK,1630193,Immanuel Quickley,G,5,NA,4171548,NA
2024-25,1610612761,TOR,1630193,Immanuel Quickley,G,5,Traded from NYK on 12/30/23,32500000,NA
2020-21,1610612755,PHI,1630194,Paul Reed,F,44,+ACM-58 Pick in 2020 Draft,609128,NA
2021-22,1610612755,PHI,1630194,Paul Reed,F,44,NA,1517981,NA
2022-23,1610612755,PHI,1630194,Paul Reed,F,44,NA,1782621,NA
2023-24,1610612755,PHI,1630194,Paul Reed,F,44,NA,7723000,NA
2024-25,1610612765,DET,1630194,Paul Reed,F,7,Awarded on Waivers on 07/09/24,4015938,NA
2021-22,1610612750,MIN,1630195,Leandro Bolmaro,F,9,NA,2353320,NA
2023-24,1610612755,PHI,1630196,Filip Petrusev,C,33,+ACM-50 Pick in 2021 Draft,559782,NA
2020-21,1610612760,OKC,1630197,Aleksej Pokusevski,C,17,Draft Rights Traded from MIN on 11/20/20,2964840,NA
2021-22,1610612760,OKC,1630197,Aleksej Pokusevski,F,17,NA,3113160,NA
2022-23,1610612760,OKC,1630197,Aleksej Pokusevski,F,17,NA,3261480,NA
2023-24,1610612760,OKC,1630197,Aleksej Pokusevski,F,17,NA,5574809,NA
2020-21,1610612755,PHI,1630198,Isaiah Joe,G,7,NA,898310,NA
2021-22,1610612755,PHI,1630198,Isaiah Joe,G,7,NA,1517981,NA
2022-23,1610612760,OKC,1630198,Isaiah Joe,G,11,Signed on 10/16/22,1836090,NA
2023-24,1610612760,OKC,1630198,Isaiah Joe,G,11,NA,1997238,NA
2024-25,1610612760,OKC,1630198,Isaiah Joe,G,11,NA,12991650,NA
2020-21,1610612754,IND,1630199,Cassius Stanley,G,2,NA,470690,NA
2021-22,1610612759,SAS,1630200,Tre Jones,G,33,+ACM-41 Pick in 2020 Draft,1517981,NA
2022-23,1610612759,SAS,1630200,Tre Jones,G,33,NA,1782621,NA
2023-24,1610612759,SAS,1630200,Tre Jones,G,33,NA,9895833,NA
2024-25,1610612759,SAS,1630200,Tre Jones,G,33,NA,9104167,NA
2024-25,1610612741,CHI,1630200,Tre Jones,G,33,Traded from SAS on 08/02/25,9104167,2025-02-08
2020-21,1610612761,TOR,1630201,Malachi Flynn,G,8,+ACM-29 Pick in 2020 Draft,1950600,NA
2021-22,1610612761,TOR,1630201,Malachi Flynn,G,22,NA,2048040,NA
2022-23,1610612761,TOR,1630201,Malachi Flynn,G,22,NA,2145720,NA
2023-24,1610612761,TOR,1630201,Malachi Flynn,G,22,NA,3873024,NA
2024-25,1610612759,SAS,1630201,Malachi Flynn,G,18,Signed on 08/07/24,128603,NA
2024-25,1610612766,CHA,1630201,Malachi Flynn,G,18,Traded from SAS on 01/03/25,128603,2025-03-01
2020-21,1610612738,BOS,1630202,Payton Pritchard,G,11,+ACM-26 Pick in 2020 Draft,2035800,NA
2021-22,1610612738,BOS,1630202,Payton Pritchard,G,11,NA,2137440,NA
2022-23,1610612738,BOS,1630202,Payton Pritchard,G,11,NA,2239200,NA
2023-24,1610612738,BOS,1630202,Payton Pritchard,G,11,NA,4037277,NA
2024-25,1610612738,BOS,1630202,Payton Pritchard,G,11,NA,6696429,NA
2020-21,1610612766,CHA,1630203,Grant Riller,G,7,NA,449115,NA
2020-21,1610612739,CLE,1630205,Lamar Stevens,F,8,NA,1000000,NA
2021-22,1610612739,CLE,1630205,Lamar Stevens,F,8,NA,1517981,NA
2022-23,1610612739,CLE,1630205,Lamar Stevens,F,8,NA,1782621,NA
2023-24,1610612738,BOS,1630205,Lamar Stevens,F,8,Signed on 09/25/23,2492354,NA
2020-21,1610612746,LAC,1630206,Jay Scrubb,G,0,NA,449115,NA
2021-22,1610612746,LAC,1630206,Jay Scrubb,G,0,NA,462629,NA
2023-24,1610612738,BOS,1630206,Jay Scrubb,G,0,Signed on 07/15/23,NA,NA
2020-21,1610612742,DAL,1630207,Nate Hinton,G-F,14,NA,449115,NA
2021-22,1610612754,IND,1630207,Nate Hinton,G-F,14,NA,96213,NA
2023-24,1610612745,HOU,1630207,Nate Hinton,G-F,14,Signed on 08/01/23,559782,NA
2024-25,1610612745,HOU,1630207,Nate Hinton,G-F,14,NA,NA,NA
2020-21,1610612766,CHA,1630208,Nick Richards,C,14,Draft Rights Traded from NOP on 11/19/20,1000000,NA
2021-22,1610612766,CHA,1630208,Nick Richards,C,14,NA,1517981,NA
2022-23,1610612766,CHA,1630208,Nick Richards,C,4,NA,1782621,NA
2023-24,1610612766,CHA,1630208,Nick Richards,C,4,NA,NA,NA
2024-25,1610612766,CHA,1630208,Nick Richards,C,4,NA,5000000,NA
2024-25,1610612756,PHX,1630208,Nick Richards,C,4,Traded from CHA on 16/01/25,5000000,2025-01-16
2020-21,1610612748,MIA,1630209,Omer Yurtseven,C,77,Signed on 05/14/21,NA,NA
2021-22,1610612748,MIA,1630209,Omer Yurtseven,C,77,NA,1489065,NA
2022-23,1610612748,MIA,1630209,Omer Yurtseven,C,77,NA,1752638,NA
2023-24,1610612762,UTA,1630209,Omer Yurtseven,C,77,Signed on 07/17/23,2800000,NA
2020-21,1610612743,DEN,1630210,Markus Howard,G,0,NA,535294,NA
2021-22,1610612743,DEN,1630210,Markus Howard,G,0,NA,462629,NA
2020-21,1610612763,MEM,1630214,Xavier Tillman,F,2,Draft Rights Traded from SAC on 11/19/20,1300000,NA
2021-22,1610612763,MEM,1630214,Xavier Tillman,F,2,NA,1517981,NA
2022-23,1610612763,MEM,1630214,Xavier Tillman,F,2,NA,1782621,NA
2023-24,1610612763,MEM,1630214,Xavier Tillman,F,2,NA,1930681,NA
2024-25,1610612738,BOS,1630214,Xavier Tillman,F,26,Traded from MEM on 02/07/24,2237691,NA
2021-22,1610612762,UTA,1630215,Jared Butler,G,13,NA,925258,NA
2022-23,1610612760,OKC,1630215,Jared Butler,G,14,NA,1674655,NA
2023-24,1610612764,WAS,1630215,Jared Butler,G,14,Signed on 07/28/23,1809782,NA
2024-25,1610612764,WAS,1630215,Jared Butler,G,4,NA,1115697,NA
2024-25,1610612755,PHI,1630215,Jared Butler,G,4,Traded from WAS on 09/02/25,1115697,2025-02-09
2020-21,1610612764,WAS,1630216,Cassius Winston,G,5,NA,449115,NA
2021-22,1610612764,WAS,1630216,Cassius Winston,G,5,NA,462629,NA
2020-21,1610612763,MEM,1630217,Desmond Bane,G,22,Draft Rights Traded from BOS on 11/20/20,1936440,NA
2021-22,1610612763,MEM,1630217,Desmond Bane,G,22,NA,2033160,NA
2022-23,1610612763,MEM,1630217,Desmond Bane,G,22,NA,2130240,NA
2023-24,1610612763,MEM,1630217,Desmond Bane,G,22,NA,3845083,NA
2024-25,1610612763,MEM,1630217,Desmond Bane,G,22,NA,34005250,NA
2020-21,1610612758,SAC,1630218,Robert Woodard II,F,13,NA,NA,NA
2021-22,1610612759,SAS,1630218,Robert Woodard II,F,28,NA,NA,NA
2020-21,1610612737,ATL,1630219,Skylar Mays,G,4,NA,532218,NA
2021-22,1610612737,ATL,1630219,Skylar Mays,G,4,NA,510907,NA
2023-24,1610612757,POR,1630219,Skylar Mays,G,4,Signed on 03/30/23,1165280,NA
2020-21,1610612760,OKC,1630221,Josh Hall,F,15,NA,449115,NA
2021-22,1610612747,LAL,1630222,Mason Jones,G,40,NA,295125,NA
2024-25,1610612758,SAC,1630222,Mason Jones,G,8,Signed on 02/09/24,578577,NA
2021-22,1610612745,HOU,1630224,Jalen Green,G,0,+ACM-2 Pick in 2021 Draft,8992080,NA
2022-23,1610612745,HOU,1630224,Jalen Green,G,4,NA,9441840,NA
2023-24,1610612745,HOU,1630224,Jalen Green,G,4,NA,9891480,NA
2024-25,1610612745,HOU,1630224,Jalen Green,G,4,NA,12483048,NA
2021-22,1610612764,WAS,1630225,Isaiah Todd,F,14,NA,1500000,NA
2022-23,1610612764,WAS,1630225,Isaiah Todd,F,14,NA,1575000,NA
2021-22,1610612745,HOU,1630227,Daishen Nix,G,15,NA,923078,NA
2022-23,1610612745,HOU,1630227,Daishen Nix,G,15,NA,1563518,NA
2023-24,1610612750,MIN,1630227,Daishen Nix,G,15,Signed on 09/21/23,559782,NA
2024-25,1610612750,MIN,1630227,Daishen Nix,G,1,NA,362356,NA
2024-25,1610612758,SAC,1630227,Daishen Nix,G,1,Traded from MIN on 08/02/25,362356,2025-02-08
2021-22,1610612744,GSW,1630228,Jonathan Kuminga,F,0,+ACM-7 Pick in 2021 Draft,5466360,NA
2022-23,1610612744,GSW,1630228,Jonathan Kuminga,F,0,NA,5739840,NA
2023-24,1610612744,GSW,1630228,Jonathan Kuminga,F,0,NA,6012840,NA
2024-25,1610612744,GSW,1630228,Jonathan Kuminga,F,0,NA,7636307,NA
2020-21,1610612740,NOP,1630230,Naji Marshall,F,8,Signed on 12/07/20,538391,NA
2021-22,1610612740,NOP,1630230,Naji Marshall,F,8,NA,1517981,NA
2022-23,1610612740,NOP,1630230,Naji Marshall,F,8,NA,1782621,NA
2023-24,1610612740,NOP,1630230,Naji Marshall,F,8,NA,1930681,NA
2024-25,1610612742,DAL,1630230,Naji Marshall,F,13,Signed on 07/06/24,8571429,NA
2020-21,1610612745,HOU,1630231,KJ Martin,F,6,NA,NA,NA
2021-22,1610612745,HOU,1630231,KJ Martin,F,6,NA,NA,NA
2022-23,1610612745,HOU,1630231,KJ Martin,F,6,NA,NA,NA
2023-24,1610612746,LAC,1630231,KJ Martin,F,6,Traded from HOU on 07/08/23,NA,NA
2024-25,1610612755,PHI,1630231,KJ Martin,F,1,Traded from LAC on 11/01/23,7975000,NA
2024-25,1610612762,UTA,1630231,KJ Martin,F,1,Traded from PHI on 12/02/25,7975000,2025-02-12
2020-21,1610612737,ATL,1630233,Nathan Knight,F-C,1,NA,522989,NA
2021-22,1610612750,MIN,1630233,Nathan Knight,F-C,13,Signed on 08/04/21,462629,NA
2022-23,1610612750,MIN,1630233,Nathan Knight,F-C,13,NA,1836090,NA
2023-24,1610612752,NYK,1630233,Nathan Knight,F-C,13,Signed on 07/21/23,160857,NA
2020-21,1610612756,PHX,1630234,Ty-Shon Alexander,G,0,NA,449115,NA
2020-21,1610612762,UTA,1630235,Trent Forrest,G,3,NA,470690,NA
2021-22,1610612762,UTA,1630235,Trent Forrest,G,3,NA,463211,NA
2022-23,1610612737,ATL,1630235,Trent Forrest,G,2,Signed on 08/08/22,508891,NA
2023-24,1610612737,ATL,1630235,Trent Forrest,G,2,NA,1112933,NA
2020-21,1610612745,HOU,1630237,Anthony Lamb,F,33,NA,215330,NA
2021-22,1610612745,HOU,1630237,Anthony Lamb,F,33,NA,136095,NA
2022-23,1610612744,GSW,1630237,Anthony Lamb,F,40,Signed on 10/05/22,694878,NA
2021-22,1610612738,BOS,1630238,Malik Fitts,F,8,NA,630874,NA
2020-21,1610612765,DET,1630240,Saben Lee,G,38,NA,516836,NA
2021-22,1610612765,DET,1630240,Saben Lee,G,38,NA,1489065,NA
2022-23,1610612756,PHX,1630240,Saben Lee,G,38,Signed on 01/11/23,2266640,NA
2023-24,1610612756,PHX,1630240,Saben Lee,G,38,NA,559782,NA
2020-21,1610612749,MIL,1630241,Sam Merrill,G,15,NA,898310,NA
2022-23,1610612739,CLE,1630241,Sam Merrill,G,20,Signed on 03/03/23,1105522,NA
2023-24,1610612739,CLE,1630241,Sam Merrill,G,5,NA,1997238,NA
2024-25,1610612739,CLE,1630241,Sam Merrill,G,5,NA,NA,NA
2021-22,1610612745,HOU,1630243,Trevelin Queen,G,21,NA,303102,NA
2023-24,1610612753,ORL,1630243,Trevelin Queen,G,12,Signed on 09/12/23,559782,NA
2024-25,1610612753,ORL,1630243,Trevelin Queen,G,12,NA,578577,NA
2021-22,1610612741,CHI,1630245,Ayo Dosunmu,G,12,+ACM-38 Pick in 2021 Draft,925258,NA
2022-23,1610612741,CHI,1630245,Ayo Dosunmu,G,12,NA,1563518,NA
2023-24,1610612741,CHI,1630245,Ayo Dosunmu,G,12,NA,6481482,NA
2024-25,1610612741,CHI,1630245,Ayo Dosunmu,G,11,NA,7000000,NA
2021-22,1610612760,OKC,1630249,Vít Krejčí,G,27,NA,925258,NA
2022-23,1610612737,ATL,1630249,Vít Krejčí,G,27,Traded from OKC on 09/27/22,1563518,NA
2023-24,1610612750,MIN,1630249,Vít Krejčí,G,27,Signed on 09/14/23,369971,NA
2024-25,1610612737,ATL,1630249,Vít Krejčí,G,27,Signed on 12/22/23,NA,NA
2021-22,1610612741,CHI,1630250,Marko Simonovic,C,19,NA,925258,NA
2022-23,1610612741,CHI,1630250,Marko Simonovic,C,19,NA,1563518,NA
2020-21,1610612763,MEM,1630253,Sean McDermott,F,30,NA,449115,NA
2020-21,1610612745,HOU,1630256,Jae'Sean Tate,F,8,Signed on 11/25/20,1445697,NA
2021-22,1610612745,HOU,1630256,Jae'Sean Tate,F,8,NA,1517981,NA
2022-23,1610612745,HOU,1630256,Jae'Sean Tate,F,8,NA,7065217,NA
2023-24,1610612745,HOU,1630256,Jae'Sean Tate,F,8,NA,7000000,NA
2024-25,1610612745,HOU,1630256,Jae'Sean Tate,F,8,NA,7565217,NA
2020-21,1610612764,WAS,1630258,Caleb Homesley,G,NA,NA,20000,NA
2023-24,1610612758,SAC,1630259,Jordan Ford,G,NA,Signed on 10/13/22,559782,NA
2020-21,1610612764,WAS,1630264,Anthony Gill,F,16,Signed on 11/30/20,898310,NA
2021-22,1610612764,WAS,1630264,Anthony Gill,F,16,NA,1517981,NA
2022-23,1610612764,WAS,1630264,Anthony Gill,F,16,NA,1836090,NA
2023-24,1610612764,WAS,1630264,Anthony Gill,F,16,NA,1997238,NA
2024-25,1610612764,WAS,1630264,Anthony Gill,F,16,NA,2237691,NA
2020-21,1610612743,DEN,1630267,Facundo Campazzo,G,7,NA,3200000,NA
2021-22,1610612743,DEN,1630267,Facundo Campazzo,G,7,NA,3100000,NA
2020-21,1610612766,CHA,1630268,Nate Darling,G,30,NA,449115,NA
2023-24,1610612746,LAC,1630268,Nate Darling,G,30,Signed on 10/15/21,NA,NA
2021-22,1610612762,UTA,1630270,Xavier Sneed,F,19,NA,146233,NA
2022-23,1610612766,CHA,1630270,Xavier Sneed,F,19,Signed on 10/06/22,102910,NA
2020-21,1610612739,CLE,1630271,Brodric Thomas,G,33,NA,412202,NA
2021-22,1610612738,BOS,1630271,Brodric Thomas,G,97,NA,462629,NA
2024-25,1610612758,SAC,1630271,Brodric Thomas,G,97,Signed on 09/28/24,NA,NA
2020-21,1610612761,TOR,1630273,Freddie Gillespie,F,NA,NA,363015,NA
2024-25,1610612747,LAL,1630283,Kylor Kelley,C,50,Signed on 08/13/24,NA,NA
2024-25,1610612742,DAL,1630283,Kylor Kelley,C,50,Traded from LAL on 27/01/25,NA,2025-01-27
2024-25,1610612740,NOP,1630283,Kylor Kelley,C,50,Traded from DAL on 04/04/25,NA,2025-04-04
2022-23,1610612753,ORL,1630284,Kevon Harris,G,7,Signed on 07/25/22,508891,NA
2023-24,1610612753,ORL,1630284,Kevon Harris,G,8,NA,559782,NA
2024-25,1610612737,ATL,1630284,Kevon Harris,G,8,Signed on 09/18/24,119972,NA
2023-24,1610612765,DET,1630285,Zavier Simpson,G,9,Signed on 09/12/23,207100,NA
2022-23,1610612761,TOR,1630288,Jeff Dowtin Jr.,G,20,Signed on 07/19/22,NA,NA
2023-24,1610612761,TOR,1630288,Jeff Dowtin Jr.,G,20,NA,NA,NA
2024-25,1610612755,PHI,1630288,Jeff Dowtin Jr.,G,11,Signed on 03/02/24,NA,NA
2021-22,1610612765,DET,1630296,Braxton Key,F,17,NA,127622,NA
2023-24,1610612743,DEN,1630296,Braxton Key,F,8,Signed on 07/18/23,559782,NA
2024-25,1610612746,LAC,1630296,Braxton Key,F,11,Signed on 10/12/24,129415,NA
2024-25,1610612744,GSW,1630296,Braxton Key,F,11,Traded from LAC on 08/03/25,129415,2025-03-08
2024-25,1610612744,GSW,1630311,Pat Spencer,G,61,Signed on 07/23/22,869906,NA
2021-22,1610612757,POR,1630314,Brandon Williams,G,8,NA,180798,NA
2023-24,1610612753,ORL,1630314,Brandon Williams,G,11,Signed on 09/12/23,350668,NA
2024-25,1610612742,DAL,1630314,Brandon Williams,G,0,Signed on 12/28/23,598120,NA
2021-22,1610612760,OKC,1630322,Lindy Waters III,F,12,NA,159527,NA
2022-23,1610612760,OKC,1630322,Lindy Waters III,F,12,NA,2316876,NA
2023-24,1610612760,OKC,1630322,Lindy Waters III,F,12,Signed on 02/10/22,766095,NA
2024-25,1610612744,GSW,1630322,Lindy Waters III,F,43,Traded from OKC on 06/27/24,2196970,NA
2024-25,1610612765,DET,1630322,Lindy Waters III,F,43,Traded from GSW on 09/02/25,2196970,2025-02-09
2021-22,1610612738,BOS,1630346,Matt Ryan,F,NA,NA,111669,NA
2022-23,1610612750,MIN,1630346,Matt Ryan,F,37,Signed on 12/07/22,806097,NA
2023-24,1610612750,MIN,1630346,Matt Ryan,F,37,NA,2059782,NA
2020-21,1610612760,OKC,1630466,Gabriel Deck,F,6,NA,3870370,NA
2020-21,1610612752,NYK,1630492,Luca Vildoza,G,NA,NA,3500000,NA
2021-22,1610612749,MIL,1630492,Luca Vildoza,G,6,NA,42789,NA
2021-22,1610612761,TOR,1630525,David Johnson,G,13,NA,462629,NA
2021-22,1610612760,OKC,1630526,Jeremiah Robinson-Earl,F,50,Draft Rights Traded from NYK on 07/30/21,2000000,NA
2022-23,1610612760,OKC,1630526,Jeremiah Robinson-Earl,F,50,NA,2000000,NA
2023-24,1610612760,OKC,1630526,Jeremiah Robinson-Earl,F,50,NA,2548843,NA
2024-25,1610612740,NOP,1630526,Jeremiah Robinson-Earl,F,50,Signed on 11/03/23,2196970,NA
2021-22,1610612746,LAC,1630527,Brandon Boston Jr.,G,4,Draft Rights Traded from NOP on 08/07/21,NA,NA
2022-23,1610612746,LAC,1630527,Brandon Boston Jr.,G,4,NA,NA,NA
2023-24,1610612746,LAC,1630527,Brandon Boston Jr.,G,4,NA,NA,NA
2024-25,1610612759,SAS,1630527,Brandon Boston Jr.,G,4,Signed on 08/08/24,NA,NA
2024-25,1610612740,NOP,1630527,Brandon Boston Jr.,G,4,Traded from SAS on 29/10/24,NA,2024-10-29
2021-22,1610612745,HOU,1630528,Josh Christopher,G,9,NA,2259240,NA
2022-23,1610612745,HOU,1630528,Josh Christopher,G,9,NA,2372160,NA
2024-25,1610612748,MIA,1630528,Josh Christopher,G,13,Signed on 07/25/24,578577,NA
2021-22,1610612740,NOP,1630529,Herbert Jones,F,5,+ACM-35 Pick in 2021 Draft,NA,NA
2022-23,1610612740,NOP,1630529,Herbert Jones,F,5,NA,NA,NA
2023-24,1610612740,NOP,1630529,Herbert Jones,F,5,NA,NA,NA
2024-25,1610612740,NOP,1630529,Herbert Jones,F,2,NA,NA,NA
2021-22,1610612740,NOP,1630530,Trey Murphy III,F,25,Draft Rights Traded from MEM on 08/07/21,NA,NA
2022-23,1610612740,NOP,1630530,Trey Murphy III,F,25,NA,NA,NA
2023-24,1610612740,NOP,1630530,Trey Murphy III,F,25,NA,NA,NA
2024-25,1610612740,NOP,1630530,Trey Murphy III,F,25,NA,NA,NA
2021-22,1610612755,PHI,1630531,Jaden Springer,G,11,+ACM-28 Pick in 2021 Draft,2023680,NA
2022-23,1610612755,PHI,1630531,Jaden Springer,G,11,NA,2125200,NA
2023-24,1610612755,PHI,1630531,Jaden Springer,G,11,NA,2226240,NA
2024-25,1610612738,BOS,1630531,Jaden Springer,G,44,Traded from PHI on 02/08/24,4777088,NA
2024-25,1610612745,HOU,1630531,Jaden Springer,G,44,Traded from BOS on 06/02/25,4777088,2025-02-06
2024-25,1610612762,UTA,1630531,Jaden Springer,G,44,Traded from HOU on 21/02/25,4777088,2025-02-21
2021-22,1610612753,ORL,1630532,Franz Wagner,F,22,+ACM-8 Pick in 2021 Draft,5007840,NA
2022-23,1610612753,ORL,1630532,Franz Wagner,F,22,NA,5258280,NA
2023-24,1610612753,ORL,1630532,Franz Wagner,F,22,NA,5508720,NA
2024-25,1610612753,ORL,1630532,Franz Wagner,F,22,NA,7007092,NA
2021-22,1610612763,MEM,1630533,Ziaire Williams,F,8,Draft Rights Traded from NOP on 08/07/21,4373040,NA
2022-23,1610612763,MEM,1630533,Ziaire Williams,F,8,NA,4591680,NA
2023-24,1610612763,MEM,1630533,Ziaire Williams,F,8,NA,4810200,NA
2024-25,1610612751,BKN,1630533,Ziaire Williams,F,1,Traded from MEM on 07/19/24,6133005,NA
2022-23,1610612762,UTA,1630534,Ochai Agbaji,G,30,Traded from CLE on 09/03/22,3918360,NA
2023-24,1610612762,UTA,1630534,Ochai Agbaji,G,30,NA,4114200,NA
2024-25,1610612761,TOR,1630534,Ochai Agbaji,G,30,Traded from UTA on 02/08/24,4310280,NA
2021-22,1610612757,POR,1630535,Greg Brown III,F,4,NA,NA,NA
2023-24,1610612742,DAL,1630535,Greg Brown III,F,36,Signed on 08/14/23,NA,NA
2021-22,1610612737,ATL,1630536,Sharife Cooper,G,2,NA,462629,NA
2023-24,1610612739,CLE,1630536,Sharife Cooper,G,0,Signed on 09/20/22,103550,NA
2021-22,1610612754,IND,1630537,Chris Duarte,G,3,NA,3749400,NA
2022-23,1610612754,IND,1630537,Chris Duarte,G,3,NA,3936960,NA
2023-24,1610612758,SAC,1630537,Chris Duarte,G,3,Traded from IND on 07/06/23,4124400,NA
2024-25,1610612741,CHI,1630537,Chris Duarte,G,3,Traded from SAC on 07/08/24,5893768,NA
2021-22,1610612743,DEN,1630538,Bones Hyland,G,3,NA,2096880,NA
2022-23,1610612743,DEN,1630538,Bones Hyland,G,5,NA,2201520,NA
2022-23,1610612746,LAC,1630538,Bones Hyland,G,5,Traded from DEN on 02/09/23,2201520,2023-02-09
2023-24,1610612746,LAC,1630538,Bones Hyland,G,5,NA,2306400,NA
2024-25,1610612746,LAC,1630538,Bones Hyland,G,5,NA,4306427,NA
2024-25,1610612750,MIN,1630538,Bones Hyland,G,5,Traded from LAC on 05/03/25,4306427,2025-03-05
2021-22,1610612766,CHA,1630539,Kai Jones,C-F,23,Draft Rights Traded from NYK on 07/30/21,2770560,NA
2022-23,1610612766,CHA,1630539,Kai Jones,C-F,23,NA,2909040,NA
2024-25,1610612746,LAC,1630539,Kai Jones,C-F,23,Signed on 04/14/24,713697,NA
2024-25,1610612742,DAL,1630539,Kai Jones,C-F,23,Traded from LAC on 03/03/25,713697,2025-03-03
2022-23,1610612752,NYK,1630540,Miles McBride,G,2,Draft Rights Traded from OKC on 07/30/21,1563518,NA
2023-24,1610612752,NYK,1630540,Miles McBride,G,2,NA,1836096,NA
2024-25,1610612752,NYK,1630540,Miles McBride,G,2,NA,4710144,NA
2021-22,1610612744,GSW,1630541,Moses Moody,G,4,+ACM-14 Pick in 2021 Draft,3562200,NA
2022-23,1610612744,GSW,1630541,Moses Moody,G,4,NA,3740160,NA
2023-24,1610612744,GSW,1630541,Moses Moody,G,4,NA,3918480,NA
2024-25,1610612744,GSW,1630541,Moses Moody,G,4,NA,5803269,NA
2021-22,1610612754,IND,1630543,Isaiah Jackson,F,23,Draft Rights Traded from LAL on 08/06/21,2451240,NA
2022-23,1610612754,IND,1630543,Isaiah Jackson,F,22,NA,2573760,NA
2023-24,1610612754,IND,1630543,Isaiah Jackson,F,22,NA,2696280,NA
2024-25,1610612754,IND,1630543,Isaiah Jackson,F,22,NA,4435380,NA
2021-22,1610612760,OKC,1630544,Tre Mann,G,23,+ACM-18 Pick in 2021 Draft,2901240,NA
2022-23,1610612760,OKC,1630544,Tre Mann,G,23,NA,3046200,NA
2023-24,1610612760,OKC,1630544,Tre Mann,G,23,NA,3191400,NA
2024-25,1610612766,CHA,1630544,Tre Mann,G,23,Traded from OKC on 02/08/24,4908373,NA
2024-25,1610612750,MIN,1630545,Terrence Shannon Jr.,G-F,0,+ACM-27 Pick in 2024 Draft,2546640,NA
2021-22,1610612766,CHA,1630547,James Bouknight,G,5,+ACM-11 Pick in 2021 Draft,4154400,NA
2022-23,1610612766,CHA,1630547,James Bouknight,G,2,NA,4362240,NA
2023-24,1610612766,CHA,1630547,James Bouknight,G,2,NA,4570080,NA
2022-23,1610612762,UTA,1630548,Johnny Juzang,G,33,NA,508891,NA
2023-24,1610612762,UTA,1630548,Johnny Juzang,G,33,Signed on 07/15/22,559782,NA
2024-25,1610612762,UTA,1630548,Johnny Juzang,G,33,NA,3087519,NA
2021-22,1610612751,BKN,1630549,Day'Ron Sharpe,F,20,Draft Rights Traded from PHX on 08/06/21,2009160,NA
2022-23,1610612751,BKN,1630549,Day'Ron Sharpe,C,20,NA,2109480,NA
2023-24,1610612751,BKN,1630549,Day'Ron Sharpe,C,20,NA,2210040,NA
2024-25,1610612751,BKN,1630549,Day'Ron Sharpe,C,20,NA,3989122,NA
2021-22,1610612766,CHA,1630550,JT Thor,F,21,Draft Rights Traded from DET on 08/06/21,1250000,NA
2022-23,1610612766,CHA,1630550,JT Thor,F,21,NA,1563518,NA
2023-24,1610612766,CHA,1630550,JT Thor,F,21,NA,1836096,NA
2024-25,1610612739,CLE,1630550,JT Thor,F,15,Signed on 09/08/24,578577,NA
2024-25,1610612764,WAS,1630550,JT Thor,F,15,Traded from CLE on 10/03/25,578577,2025-03-10
2021-22,1610612761,TOR,1630551,Justin Champagnie,G-F,11,NA,462629,NA
2022-23,1610612738,BOS,1630551,Justin Champagnie,G-F,99,Signed on 04/07/23,853241,NA
2023-24,1610612748,MIA,1630551,Justin Champagnie,G-F,99,Signed on 08/11/23,254412,NA
2024-25,1610612764,WAS,1630551,Justin Champagnie,G-F,9,Signed on 02/22/24,2224662,NA
2021-22,1610612737,ATL,1630552,Jalen Johnson,F,1,+ACM-20 Pick in 2021 Draft,2659680,NA
2022-23,1610612737,ATL,1630552,Jalen Johnson,F,1,NA,2792640,NA
2023-24,1610612737,ATL,1630552,Jalen Johnson,F,1,NA,2925360,NA
2024-25,1610612737,ATL,1630552,Jalen Johnson,F,1,NA,4510905,NA
2021-22,1610612746,LAC,1630553,Keon Johnson,G,6,NA,2553240,NA
2021-22,1610612757,POR,1630553,Keon Johnson,G,6,Traded from LAC on 02/04/22,2553240,2022-02-04
2022-23,1610612757,POR,1630553,Keon Johnson,G,6,NA,2681040,NA
2023-24,1610612756,PHX,1630553,Keon Johnson,G,6,Traded from POR on 09/27/23,3342765,NA
2024-25,1610612751,BKN,1630553,Keon Johnson,G,45,Signed on 11/01/23,NA,NA
2021-22,1610612746,LAC,1630554,Jason Preston,G,17,Draft Rights Traded from ORL on 07/29/21,1062303,NA
2022-23,1610612746,LAC,1630554,Jason Preston,G,17,NA,1563518,NA
2024-25,1610612762,UTA,1630554,Jason Preston,G,10,Signed on 01/08/24,289289,NA
2021-22,1610612751,BKN,1630556,Kessler Edwards,F,14,NA,463211,NA
2023-24,1610612758,SAC,1630556,Kessler Edwards,F,17,Traded from BKN on 02/07/23,1927896,NA
2024-25,1610612742,DAL,1630556,Kessler Edwards,F,17,Signed on 08/07/24,578577,NA
2021-22,1610612764,WAS,1630557,Corey Kispert,F,24,+ACM-15 Pick in 2021 Draft,3383640,NA
2022-23,1610612764,WAS,1630557,Corey Kispert,F,24,NA,3552840,NA
2023-24,1610612764,WAS,1630557,Corey Kispert,F,24,NA,3722040,NA
2024-25,1610612764,WAS,1630557,Corey Kispert,F,24,NA,5705887,NA
2021-22,1610612758,SAC,1630558,Davion Mitchell,G,15,+ACM-9 Pick in 2021 Draft,4603200,NA
2023-24,1610612758,SAC,1630558,Davion Mitchell,G,15,NA,5063640,NA
2024-25,1610612761,TOR,1630558,Davion Mitchell,G,15,Traded from SAC on 06/28/24,6451077,NA
2024-25,1610612748,MIA,1630558,Davion Mitchell,G,15,Traded from TOR on 10/02/25,6451077,2025-02-10
2021-22,1610612747,LAL,1630559,Austin Reaves,G,15,Signed on 08/03/21,925258,NA
2022-23,1610612747,LAL,1630559,Austin Reaves,G,15,NA,1563518,NA
2023-24,1610612747,LAL,1630559,Austin Reaves,G,15,NA,12015150,NA
2024-25,1610612747,LAL,1630559,Austin Reaves,G,15,NA,12976362,NA
2021-22,1610612751,BKN,1630560,Cam Thomas,G,24,+ACM-27 Pick in 2021 Draft,2036280,NA
2022-23,1610612751,BKN,1630560,Cam Thomas,G,24,NA,2138160,NA
2023-24,1610612751,BKN,1630560,Cam Thomas,G,24,NA,2240160,NA
2024-25,1610612751,BKN,1630560,Cam Thomas,G,24,NA,4041249,NA
2021-22,1610612751,BKN,1630561,David Duke Jr.,G,6,Signed on 08/08/21,NA,NA
2022-23,1610612751,BKN,1630561,David Duke Jr.,G,6,NA,NA,NA
2023-24,1610612755,PHI,1630561,David Duke Jr.,G,28,Signed on 09/11/23,NA,NA
2024-25,1610612759,SAS,1630561,David Duke Jr.,G,28,Signed on 12/14/23,NA,NA
2023-24,1610612763,MEM,1630562,Matt Hurt,F,10,Signed on 10/14/21,NA,NA
2021-22,1610612759,SAS,1630563,Joshua Primo,G,11,NA,NA,NA
2023-24,1610612746,LAC,1630563,Joshua Primo,G,11,Signed on 09/29/23,NA,NA
2022-23,1610612751,BKN,1630564,RaiQuan Gray,F,0,+ACM-59 Pick in 2021 Draft,5849,NA
2021-22,1610612761,TOR,1630567,Scottie Barnes,F,4,+ACM-4 Pick in 2021 Draft,7280400,NA
2022-23,1610612761,TOR,1630567,Scottie Barnes,F,4,NA,7644600,NA
2023-24,1610612761,TOR,1630567,Scottie Barnes,F,4,NA,8008680,NA
2024-25,1610612761,TOR,1630567,Scottie Barnes,F-G,4,NA,10130980,NA
2021-22,1610612765,DET,1630568,Luka Garza,C,55,NA,925258,NA
2022-23,1610612750,MIN,1630568,Luka Garza,C,55,Signed on 08/22/22,508891,NA
2023-24,1610612750,MIN,1630568,Luka Garza,C,55,NA,687465,NA
2024-25,1610612750,MIN,1630568,Luka Garza,C,55,NA,2162606,NA
2023-24,1610612738,BOS,1630569,DJ Steward,G,NA,Signed on 09/29/23,NA,NA
2024-25,1610612741,CHI,1630569,DJ Steward,G,26,Signed on 07/21/24,215548,NA
2021-22,1610612757,POR,1630570,Trendon Watford,F,2,NA,768830,NA
2022-23,1610612757,POR,1630570,Trendon Watford,F,2,NA,1563518,NA
2023-24,1610612751,BKN,1630570,Trendon Watford,F,9,Signed on 08/03/23,2019706,NA
2024-25,1610612751,BKN,1630570,Trendon Watford,G-F,9,NA,2726603,NA
2023-24,1610612745,HOU,1630571,Matthew Mayer,F,NA,Signed on 08/01/23,NA,NA
2021-22,1610612749,MIL,1630572,Sandro Mamukelashvili,F-C,54,NA,462629,NA
2022-23,1610612759,SAS,1630572,Sandro Mamukelashvili,F-C,54,NA,1116112,NA
2023-24,1610612759,SAS,1630572,Sandro Mamukelashvili,F-C,54,NA,2019706,NA
2024-25,1610612759,SAS,1630572,Sandro Mamukelashvili,F-C,54,NA,2162606,NA
2021-22,1610612738,BOS,1630573,Sam Hauser,F,30,Signed on 08/13/21,619498,NA
2022-23,1610612738,BOS,1630573,Sam Hauser,F,30,NA,1637966,NA
2023-24,1610612738,BOS,1630573,Sam Hauser,F,30,NA,1927896,NA
2024-25,1610612738,BOS,1630573,Sam Hauser,F,30,NA,2092344,NA
2024-25,1610612752,NYK,1630574,Ariel Hukporti,C,NA,Draft Rights Traded from DAL on 06/27/24,1112306,NA
2021-22,1610612766,CHA,1630575,Scottie Lewis,G,16,NA,462629,NA
2022-23,1610612759,SAS,1630577,Julian Champagnie,F,30,NA,508891,NA
2023-24,1610612759,SAS,1630577,Julian Champagnie,F,30,NA,3000000,NA
2024-25,1610612759,SAS,1630577,Julian Champagnie,F,30,NA,NA,NA
2021-22,1610612745,HOU,1630578,Alperen Sengun,C,28,Draft Rights Traded from OKC on 07/30/21,3214680,NA
2022-23,1610612745,HOU,1630578,Alperen Sengun,C,28,NA,3375360,NA
2023-24,1610612745,HOU,1630578,Alperen Sengun,C,28,NA,3536280,NA
2024-25,1610612745,HOU,1630578,Alperen Sengun,C,28,NA,5424654,NA
2022-23,1610612752,NYK,1630579,Jericho Sims,C,45,+ACM-58 Pick in 2021 Draft,1639842,NA
2023-24,1610612752,NYK,1630579,Jericho Sims,C,45,NA,1927896,NA
2024-25,1610612752,NYK,1630579,Jericho Sims,C,20,NA,2092344,NA
2024-25,1610612749,MIL,1630579,Jericho Sims,C,20,Traded from NYK on 07/02/25,2092344,2025-02-07
2021-22,1610612759,SAS,1630580,Joe Wieskamp,G-F,15,NA,563663,NA
2022-23,1610612761,TOR,1630580,Joe Wieskamp,G-F,11,Signed on 01/07/23,2909261,NA
2023-24,1610612742,DAL,1630580,Joe Wieskamp,G-F,11,Signed on 08/14/23,NA,NA
2021-22,1610612760,OKC,1630581,Josh Giddey,G,3,+ACM-6 Pick in 2021 Draft,5988000,NA
2022-23,1610612760,OKC,1630581,Josh Giddey,G,3,NA,6287400,NA
2023-24,1610612760,OKC,1630581,Josh Giddey,G,3,NA,6587040,NA
2024-25,1610612741,CHI,1630581,Josh Giddey,G,3,Traded from OKC on 06/21/24,8352367,NA
2021-22,1610612763,MEM,1630582,Yves Pons,F,5,NA,462629,NA
2021-22,1610612763,MEM,1630583,Santi Aldama,F-C,7,Draft Rights Traded from UTA on 08/07/21,NA,NA
2022-23,1610612763,MEM,1630583,Santi Aldama,F-C,7,NA,NA,NA
2023-24,1610612763,MEM,1630583,Santi Aldama,F-C,7,NA,NA,NA
2024-25,1610612763,MEM,1630583,Santi Aldama,F-C,7,NA,NA,NA
2021-22,1610612745,HOU,1630586,Usman Garuba,F,16,NA,2353320,NA
2022-23,1610612745,HOU,1630586,Usman Garuba,F,16,NA,2471160,NA
2023-24,1610612744,GSW,1630586,Usman Garuba,F,12,Signed on 09/25/23,3159790,NA
2021-22,1610612765,DET,1630587,Isaiah Livers,F,12,+ACM-42 Pick in 2021 Draft,1057260,NA
2022-23,1610612765,DET,1630587,Isaiah Livers,F,12,NA,1563518,NA
2023-24,1610612765,DET,1630587,Isaiah Livers,F,12,NA,1836096,NA
2023-24,1610612761,TOR,1630588,Makur Maker,C,NA,Signed on 09/30/23,NA,NA
2021-22,1610612742,DAL,1630589,Moses Wright,F,5,NA,172821,NA
2022-23,1610612747,LAL,1630590,Scotty Pippen Jr.,G,14,Signed on 07/01/22,NA,NA
2023-24,1610612747,LAL,1630590,Scotty Pippen Jr.,G,20,NA,NA,NA
2024-25,1610612763,MEM,1630590,Scotty Pippen Jr.,G,1,Signed on 01/16/24,NA,NA
2021-22,1610612753,ORL,1630591,Jalen Suggs,G,4,+ACM-5 Pick in 2021 Draft,6592920,NA
2022-23,1610612753,ORL,1630591,Jalen Suggs,G,4,NA,6922320,NA
2023-24,1610612753,ORL,1630591,Jalen Suggs,G,4,NA,7252080,NA
2024-25,1610612753,ORL,1630591,Jalen Suggs,G,4,NA,9188385,NA
2023-24,1610612751,BKN,1630592,Jalen Wilson,F,22,+ACM-51 Pick in 2023 Draft,850000,NA
2024-25,1610612751,BKN,1630592,Jalen Wilson,F,22,NA,NA,NA
2021-22,1610612750,MIN,1630593,McKinley Wright IV,G,25,NA,NA,NA
2022-23,1610612742,DAL,1630593,McKinley Wright IV,G,23,Signed on 08/12/22,NA,NA
2021-22,1610612765,DET,1630595,Cade Cunningham,G,2,+ACM-1 Pick in 2021 Draft,10050120,NA
2022-23,1610612765,DET,1630595,Cade Cunningham,G,2,NA,10552800,NA
2023-24,1610612765,DET,1630595,Cade Cunningham,G,2,NA,11055360,NA
2024-25,1610612765,DET,1630595,Cade Cunningham,G,2,NA,13940809,NA
2021-22,1610612739,CLE,1630596,Evan Mobley,C,4,+ACM-3 Pick in 2021 Draft,8075160,NA
2022-23,1610612739,CLE,1630596,Evan Mobley,C,4,NA,8478720,NA
2023-24,1610612739,CLE,1630596,Evan Mobley,C,4,NA,8882640,NA
2024-25,1610612739,CLE,1630596,Evan Mobley,C,4,NA,11227657,NA
2021-22,1610612759,SAS,1630597,D.J. Stewart,G,18,NA,NA,NA
2021-22,1610612760,OKC,1630598,Aaron Wiggins,G,21,+ACM-55 Pick in 2021 Draft,1305761,NA
2022-23,1610612760,OKC,1630598,Aaron Wiggins,G,21,NA,1563518,NA
2023-24,1610612760,OKC,1630598,Aaron Wiggins,G,21,NA,1836096,NA
2024-25,1610612760,OKC,1630598,Aaron Wiggins,G,21,NA,10981303,NA
2022-23,1610612739,CLE,1630600,Isaiah Mobley,F,15,+ACM-49 Pick in 2022 Draft,508891,NA
2023-24,1610612739,CLE,1630600,Isaiah Mobley,F,15,NA,559782,NA
2021-22,1610612737,ATL,1630602,Chaundee Brown,F,38,NA,151552,NA
2022-23,1610612740,NOP,1630604,E.J. Liddell,F,32,+ACM-41 Pick in 2022 Draft,NA,NA
2023-24,1610612740,NOP,1630604,E.J. Liddell,F,32,NA,NA,NA
2024-25,1610612741,CHI,1630604,E.J. Liddell,F,32,Signed on 09/06/24,NA,NA
2021-22,1610612748,MIA,1630606,Javonte Smart,G,15,NA,NA,NA
2023-24,1610612755,PHI,1630606,Javonte Smart,G,39,Signed on 08/13/23,NA,NA
2023-24,1610612765,DET,1630608,Malcolm Cazalon,G,NA,Signed on 07/02/23,559782,NA
2024-25,1610612744,GSW,1630611,Gui Santos,F,15,+ACM-55 Pick in 2022 Draft,1891857,NA
2021-22,1610612739,CLE,1630612,RJ Nembhard,G,5,NA,491876,NA
2021-22,1610612754,IND,1630613,Duane Washington Jr.,G,4,NA,NA,NA
2022-23,1610612752,NYK,1630613,Duane Washington Jr.,G,4,Signed on 02/28/23,NA,NA
2023-24,1610612752,NYK,1630613,Duane Washington Jr.,G,4,NA,NA,NA
2024-25,1610612761,TOR,1630618,D.J. Carton,G,3,Signed on 02/21/24,NA,NA
2022-23,1610612745,HOU,1630620,Darius Days,F,5,Awarded on Waivers on 10/11/22,508891,NA
2023-24,1610612745,HOU,1630620,Darius Days,F,5,NA,NA,NA
2023-24,1610612740,NOP,1630622,Jalen Crutcher,G,17,Signed on 10/12/23,64343,NA
2021-22,1610612761,TOR,1630625,Dalano Banton,F,45,+ACM-46 Pick in 2021 Draft,925258,NA
2022-23,1610612761,TOR,1630625,Dalano Banton,F,45,NA,1563518,NA
2023-24,1610612738,BOS,1630625,Dalano Banton,F,45,Signed on 07/16/23,2019706,NA
2024-25,1610612757,POR,1630625,Dalano Banton,F,5,Traded from BOS on 02/08/24,2196970,NA
2021-22,1610612740,NOP,1630631,Jose Alvarado,G,15,Signed on 08/18/21,1925406,NA
2022-23,1610612740,NOP,1630631,Jose Alvarado,G,15,NA,1563518,NA
2023-24,1610612740,NOP,1630631,Jose Alvarado,G,15,NA,1836096,NA
2024-25,1610612740,NOP,1630631,Jose Alvarado,G,15,NA,1988598,NA
2022-23,1610612741,CHI,1630637,Carlik Jones,G,22,Signed on 08/15/22,612162,NA
2023-24,1610612741,CHI,1630637,Carlik Jones,G,22,NA,NA,NA
2022-23,1610612742,DAL,1630639,A.J. Lawson,G,9,Signed on 12/26/22,NA,NA
2023-24,1610612742,DAL,1630639,A.J. Lawson,G,9,NA,NA,NA
2024-25,1610612742,DAL,1630639,A.J. Lawson,G,9,NA,NA,NA
2024-25,1610612761,TOR,1630639,A.J. Lawson,G,9,Traded from DAL on 16/12/24,NA,2024-12-16
2022-23,1610612757,POR,1630641,Ibou Badji,C,41,Signed on 11/18/22,18226,NA
2023-24,1610612757,POR,1630641,Ibou Badji,C,41,NA,466485,NA
2022-23,1610612764,WAS,1630643,Jay Huff,C,34,Signed on 03/01/23,116986,NA
2023-24,1610612743,DEN,1630643,Jay Huff,C,34,Signed on 07/18/23,559782,NA
2024-25,1610612763,MEM,1630643,Jay Huff,C,30,Signed on 07/24/24,2088033,NA
2021-22,1610612747,LAL,1630644,Mac McClung,G,37,NA,111670,NA
2022-23,1610612755,PHI,1630644,Mac McClung,G,9,Signed on 10/10/22,160856,NA
2023-24,1610612753,ORL,1630644,Mac McClung,G,10,Signed on 09/13/23,NA,NA
2024-25,1610612753,ORL,1630644,Mac McClung,G,10,NA,578577,NA
2022-23,1610612765,DET,1630647,Eugene Omoruyi,F,97,NA,1013119,NA
2023-24,1610612764,WAS,1630647,Eugene Omoruyi,F,97,Signed on 07/12/23,1459782,NA
2024-25,1610612750,MIN,1630647,Eugene Omoruyi,F,97,Signed on 09/15/24,124288,NA
2024-25,1610612761,TOR,1630647,Eugene Omoruyi,F,97,Traded from MIN on 13/01/25,124288,2025-01-13
2021-22,1610612764,WAS,1630648,Jordan Schakel,G,20,NA,53176,NA
2023-24,1610612765,DET,1630649,Stanley Umude,G,14,Signed on 09/25/22,1098242,NA
2024-25,1610612749,MIL,1630649,Stanley Umude,G,17,Signed on 07/09/24,578577,NA
2024-25,1610612763,MEM,1630654,Armando Bacot,C,NA,Signed on 09/06/24,NA,NA
2023-24,1610612747,LAL,1630658,Colin Castleton,C,14,Signed on 07/03/23,559782,NA
2024-25,1610612747,LAL,1630658,Colin Castleton,C,14,NA,848098,NA
2024-25,1610612763,MEM,1630658,Colin Castleton,C,14,Traded from LAL on 31/10/24,848098,2024-10-31
2024-25,1610612761,TOR,1630658,Colin Castleton,C,14,Traded from MEM on 07/03/25,848098,2025-03-07
2024-25,1610612755,PHI,1630658,Colin Castleton,C,14,Traded from TOR on 03/04/25,848098,2025-04-03
2023-24,1610612744,GSW,1630660,Kendric Davis,G,21,Signed on 09/28/23,NA,NA
2021-22,1610612754,IND,1630678,Terry Taylor,F,32,NA,895125,NA
2022-23,1610612741,CHI,1630678,Terry Taylor,F,32,Signed on 02/21/23,1703902,NA
2023-24,1610612741,CHI,1630678,Terry Taylor,F,32,NA,2019706,NA
2024-25,1610612758,SAC,1630678,Terry Taylor,F,32,Signed on 09/23/24,NA,NA
2024-25,1610612753,ORL,1630679,Ethan Thompson,G,15,Signed on 09/19/24,212331,NA
2021-22,1610612756,PHX,1630688,Ish Wainright,F,12,Signed on 10/21/21,NA,NA
2022-23,1610612756,PHX,1630688,Ish Wainright,F,12,NA,NA,NA
2023-24,1610612756,PHX,1630688,Ish Wainright,F,12,NA,NA,NA
2021-22,1610612765,DET,1630691,Jamorko Pickett,F,24,NA,462629,NA
2022-23,1610612764,WAS,1630692,Jordan Goodwin,G,7,NA,1280206,NA
2023-24,1610612756,PHX,1630692,Jordan Goodwin,G,0,Traded from WAS on 06/23/23,2208045,NA
2024-25,1610612747,LAL,1630692,Jordan Goodwin,G,30,Signed on 09/06/24,364102,NA
2022-23,1610612762,UTA,1630695,Micah Potter,C,25,Signed on 10/12/22,508891,NA
2023-24,1610612762,UTA,1630695,Micah Potter,C,25,NA,559782,NA
2024-25,1610612762,UTA,1630695,Micah Potter,C,25,NA,578577,NA
2022-23,1610612751,BKN,1630696,Dru Smith,G,9,NA,374357,NA
2023-24,1610612748,MIA,1630696,Dru Smith,G,9,Signed on 07/01/23,1801769,NA
2024-25,1610612748,MIA,1630696,Dru Smith,G,9,NA,578577,NA
2022-23,1610612749,MIL,1630699,MarJon Beauchamp,F,0,+ACM-24 Pick in 2022 Draft,2485200,NA
2023-24,1610612749,MIL,1630699,MarJon Beauchamp,F,0,NA,2609400,NA
2024-25,1610612749,MIL,1630699,MarJon Beauchamp,F,3,NA,2865623,NA
2024-25,1610612746,LAC,1630699,MarJon Beauchamp,F,3,Traded from MIL on 08/02/25,2865623,2025-02-08
2024-25,1610612752,NYK,1630699,MarJon Beauchamp,F,3,Traded from LAC on 07/03/25,2865623,2025-03-07
2022-23,1610612740,NOP,1630700,Dyson Daniels,G,11,+ACM-8 Pick in 2022 Draft,5508600,NA
2023-24,1610612740,NOP,1630700,Dyson Daniels,G,11,NA,5784120,NA
2024-25,1610612737,ATL,1630700,Dyson Daniels,G,11,Traded from NOP on 07/06/24,6059520,NA
2023-24,1610612764,WAS,1630701,Michael Foster Jr.,F,35,Signed on 10/11/23,NA,NA
2022-23,1610612742,DAL,1630702,Jaden Hardy,G,3,Draft Rights Traded from SAC on 06/24/22,1017781,NA
2023-24,1610612742,DAL,1630702,Jaden Hardy,G,1,NA,1719864,NA
2024-25,1610612742,DAL,1630702,Jaden Hardy,G,1,NA,2019699,NA
2023-24,1610612757,POR,1630703,Scoot Henderson,G,NA,+ACM-3 Pick in 2023 Draft,9770904,NA
2024-25,1610612757,POR,1630703,Scoot Henderson,G,0,NA,10259449,NA
2021-22,1610612741,CHI,1630792,Malcolm Hill,F,14,NA,324373,NA
2023-24,1610612740,NOP,1630792,Malcolm Hill,F,33,Signed on 09/29/23,286583,NA
2024-25,1610612740,NOP,1630792,Malcolm Hill,F,33,NA,75000,NA
2024-25,1610612737,ATL,1630811,Keaton Wallace,G,NA,Signed on 09/29/23,578577,NA
2022-23,1610612760,OKC,1630846,Olivier Sarr,C,30,NA,257371,NA
2023-24,1610612760,OKC,1630846,Olivier Sarr,C,30,Signed on 02/11/23,559782,NA
2023-24,1610612741,CHI,1630929,Henri Drell,F,NA,Signed on 10/10/22,389274,NA
2021-22,1610612756,PHX,1630994,Gabriel Lundberg,G,19,NA,79764,NA
2022-23,1610612765,DET,1631093,Jaden Ivey,G,23,+ACM-5 Pick in 2022 Draft,7252200,NA
2023-24,1610612765,DET,1631093,Jaden Ivey,G,23,NA,7614480,NA
2024-25,1610612765,DET,1631093,Jaden Ivey,G,23,NA,7977240,NA
2022-23,1610612753,ORL,1631094,Paolo Banchero,F,5,+ACM-1 Pick in 2022 Draft,11055120,NA
2023-24,1610612753,ORL,1631094,Paolo Banchero,F,5,NA,11608080,NA
2024-25,1610612753,ORL,1631094,Paolo Banchero,F,5,NA,12160800,NA
2022-23,1610612745,HOU,1631095,Jabari Smith Jr.,F,1,+ACM-3 Pick in 2022 Draft,NA,NA
2023-24,1610612745,HOU,1631095,Jabari Smith Jr.,F,1,NA,NA,NA
2024-25,1610612745,HOU,1631095,Jabari Smith Jr.,F,10,NA,NA,NA
2022-23,1610612760,OKC,1631096,Chet Holmgren,C-F,7,+ACM-2 Pick in 2022 Draft,9891240,NA
2023-24,1610612760,OKC,1631096,Chet Holmgren,C-F,7,NA,10386000,NA
2024-25,1610612760,OKC,1631096,Chet Holmgren,C-F,7,NA,10880640,NA
2022-23,1610612754,IND,1631097,Bennedict Mathurin,G-F,0,+ACM-6 Pick in 2022 Draft,6586800,NA
2023-24,1610612754,IND,1631097,Bennedict Mathurin,G-F,0,NA,6916080,NA
2024-25,1610612754,IND,1631097,Bennedict Mathurin,G-F,0,NA,7245720,NA
2022-23,1610612764,WAS,1631098,Johnny Davis,G,1,+ACM-10 Pick in 2022 Draft,4810320,NA
2023-24,1610612764,WAS,1631098,Johnny Davis,G,1,NA,5050800,NA
2024-25,1610612764,WAS,1631098,Johnny Davis,G,1,NA,5291160,NA
2023-24,1610612758,SAC,1631099,Keegan Murray,F,13,+ACM-4 Pick in 2022 Draft,8409000,NA
2024-25,1610612758,SAC,1631099,Keegan Murray,F,13,NA,8809560,NA
2022-23,1610612737,ATL,1631100,AJ Griffin,F,14,+ACM-16 Pick in 2022 Draft,3536160,NA
2023-24,1610612737,ATL,1631100,AJ Griffin,F,14,NA,3712920,NA
2022-23,1610612757,POR,1631101,Shaedon Sharpe,G,17,+ACM-7 Pick in 2022 Draft,6012960,NA
2023-24,1610612757,POR,1631101,Shaedon Sharpe,G,17,NA,6313800,NA
2024-25,1610612757,POR,1631101,Shaedon Sharpe,G,17,NA,6614160,NA
2022-23,1610612745,HOU,1631102,TyTy Washington Jr.,G,0,NA,NA,NA
2023-24,1610612749,MIL,1631102,TyTy Washington Jr.,G,NA,Signed on 08/29/23,NA,NA
2024-25,1610612756,PHX,1631102,TyTy Washington Jr.,G,23,Signed on 08/02/24,NA,NA
2022-23,1610612759,SAS,1631103,Malaki Branham,F,22,+ACM-20 Pick in 2022 Draft,2925600,NA
2023-24,1610612759,SAS,1631103,Malaki Branham,F,22,NA,3071880,NA
2024-25,1610612759,SAS,1631103,Malaki Branham,F,22,NA,3217920,NA
2022-23,1610612759,SAS,1631104,Blake Wesley,G,14,+ACM-25 Pick in 2022 Draft,2385480,NA
2023-24,1610612759,SAS,1631104,Blake Wesley,G,14,NA,2504640,NA
2024-25,1610612759,SAS,1631104,Blake Wesley,G,14,NA,2624280,NA
2022-23,1610612765,DET,1631105,Jalen Duren,C,0,Draft Rights Traded from NYK on 07/06/22,4124280,NA
2023-24,1610612765,DET,1631105,Jalen Duren,C,0,NA,4330680,NA
2024-25,1610612765,DET,1631105,Jalen Duren,C,0,NA,4536840,NA
2022-23,1610612745,HOU,1631106,Tari Eason,F,17,+ACM-17 Pick in 2022 Draft,3359160,NA
2023-24,1610612745,HOU,1631106,Tari Eason,F,17,NA,3527160,NA
2024-25,1610612745,HOU,1631106,Tari Eason,F,17,NA,3695160,NA
2022-23,1610612748,MIA,1631107,Nikola Jović,F,5,+ACM-27 Pick in 2022 Draft,2239920,NA
2023-24,1610612748,MIA,1631107,Nikola Jović,F,5,NA,2352000,NA
2024-25,1610612748,MIA,1631107,Nikola Jović,F,5,NA,NA,NA
2022-23,1610612747,LAL,1631108,Max Christie,G,10,+ACM-35 Pick in 2022 Draft,1017781,NA
2023-24,1610612747,LAL,1631108,Max Christie,G,10,NA,1719864,NA
2024-25,1610612747,LAL,1631108,Max Christie,G,12,NA,7142857,NA
2024-25,1610612742,DAL,1631108,Max Christie,G,12,Traded from LAL on 04/02/25,7142857,2025-02-04
2022-23,1610612766,CHA,1631109,Mark Williams,C,5,+ACM-15 Pick in 2022 Draft,3722040,NA
2023-24,1610612766,CHA,1631109,Mark Williams,C,5,NA,3908160,NA
2024-25,1610612766,CHA,1631109,Mark Williams,C,5,NA,4094280,NA
2022-23,1610612759,SAS,1631110,Jeremy Sochan,F,10,+ACM-9 Pick in 2022 Draft,5063520,NA
2023-24,1610612759,SAS,1631110,Jeremy Sochan,F,10,NA,5316960,NA
2024-25,1610612759,SAS,1631110,Jeremy Sochan,F,10,NA,5570040,NA
2022-23,1610612750,MIN,1631111,Wendell Moore Jr.,G,7,Draft Rights Traded from HOU on 06/24/22,NA,NA
2023-24,1610612750,MIN,1631111,Wendell Moore Jr.,G,7,NA,NA,NA
2024-25,1610612765,DET,1631111,Wendell Moore Jr.,G,14,Traded from MIN on 07/06/24,NA,NA
2024-25,1610612766,CHA,1631111,Wendell Moore Jr.,G,14,Traded from DET on 20/02/25,NA,2025-02-20
2022-23,1610612754,IND,1631112,Kendall Brown,G,10,Draft Rights Traded from MIN on 06/24/22,508891,NA
2023-24,1610612754,IND,1631112,Kendall Brown,G,10,NA,1100000,NA
2022-23,1610612760,OKC,1631114,Jalen Williams,G-F,8,+ACM-12 Pick in 2022 Draft,4341480,NA
2023-24,1610612760,OKC,1631114,Jalen Williams,G-F,8,NA,4558680,NA
2024-25,1610612760,OKC,1631114,Jalen Williams,G-F,8,NA,4775760,NA
2022-23,1610612748,MIA,1631115,Orlando Robinson,C,25,Signed on 07/06/22,386055,NA
2023-24,1610612748,MIA,1631115,Orlando Robinson,C,25,NA,1801769,NA
2024-25,1610612758,SAC,1631115,Orlando Robinson,C,25,Signed on 08/07/24,NA,NA
2024-25,1610612761,TOR,1631115,Orlando Robinson,C,25,Traded from SAC on 23/01/25,NA,2025-01-23
2022-23,1610612744,GSW,1631116,Patrick Baldwin Jr.,F,7,NA,2226000,NA
2023-24,1610612764,WAS,1631116,Patrick Baldwin Jr.,F,7,Traded from GSW on 07/06/23,2337720,NA
2024-25,1610612764,WAS,1631116,Patrick Baldwin Jr.,F,7,NA,NA,NA
2024-25,1610612746,LAC,1631116,Patrick Baldwin Jr.,F,7,Traded from WAS on 02/04/25,NA,2025-04-02
2022-23,1610612762,UTA,1631117,Walker Kessler,C,24,Draft Rights Traded from MIN on 07/06/22,2696400,NA
2023-24,1610612762,UTA,1631117,Walker Kessler,C,24,NA,2831160,NA
2024-25,1610612762,UTA,1631117,Walker Kessler,C,24,NA,2965920,NA
2022-23,1610612760,OKC,1631119,Jaylin Williams,F,6,+ACM-34 Pick in 2022 Draft,2000000,NA
2023-24,1610612760,OKC,1631119,Jaylin Williams,F,6,NA,2000000,NA
2024-25,1610612760,OKC,1631119,Jaylin Williams,F,6,NA,NA,NA
2022-23,1610612738,BOS,1631120,JD Davison,G,20,+ACM-53 Pick in 2022 Draft,508891,NA
2023-24,1610612738,BOS,1631120,JD Davison,G,20,NA,559782,NA
2024-25,1610612738,BOS,1631120,JD Davison,G,20,NA,571779,NA
2022-23,1610612766,CHA,1631121,Bryce McGowens,G,7,Draft Rights Traded from MIN on 06/24/22,1461055,NA
2023-24,1610612766,CHA,1631121,Bryce McGowens,G,7,NA,1719864,NA
2024-25,1610612757,POR,1631121,Bryce McGowens,G,7,Signed on 07/11/24,578577,NA
2023-24,1610612743,DEN,1631124,Julian Strawther,G,NA,Draft Rights Traded from IND on 06/23/23,2431044,NA
2024-25,1610612743,DEN,1631124,Julian Strawther,G,3,NA,2552596,NA
2024-25,1610612759,SAS,1631127,Harrison Ingram,F,NA,+ACM-48 Pick in 2024 Draft,578577,NA
2022-23,1610612743,DEN,1631128,Christian Braun,G,0,+ACM-21 Pick in 2022 Draft,2808600,NA
2023-24,1610612743,DEN,1631128,Christian Braun,G,0,NA,2949120,NA
2024-25,1610612743,DEN,1631128,Christian Braun,G,0,NA,3089640,NA
2023-24,1610612754,IND,1631131,Oscar Tshiebwe,F-C,44,Signed on 07/03/23,559782,NA
2024-25,1610612762,UTA,1631131,Oscar Tshiebwe,F-C,44,Signed on 08/12/24,578577,NA
2022-23,1610612761,TOR,1631132,Christian Koloko,C,35,+ACM-33 Pick in 2022 Draft,1500000,NA
2023-24,1610612761,TOR,1631132,Christian Koloko,C,35,NA,1719864,NA
2024-25,1610612747,LAL,1631132,Christian Koloko,C,10,Signed on 09/16/24,578577,NA
2022-23,1610612757,POR,1631133,Jabari Walker,F,34,+ACM-57 Pick in 2022 Draft,1017781,NA
2023-24,1610612757,POR,1631133,Jabari Walker,F,34,NA,1719864,NA
2024-25,1610612757,POR,1631133,Jabari Walker,F,34,NA,NA,NA
2022-23,1610612744,GSW,1631157,Ryan Rollins,G,2,NA,1017781,NA
2023-24,1610612764,WAS,1631157,Ryan Rollins,G,9,Traded from GSW on 07/06/23,1893589,NA
2024-25,1610612749,MIL,1631157,Ryan Rollins,G,13,Signed on 02/20/24,1549888,NA
2023-24,1610612750,MIN,1631159,Leonard Miller,F,NA,Draft Rights Traded from SAS on 06/23/23,1800000,NA
2024-25,1610612750,MIN,1631159,Leonard Miller,F,33,NA,1891857,NA
2023-24,1610612758,SAC,1631165,Keon Ellis,G,23,Signed on 07/02/22,683430,NA
2024-25,1610612758,SAC,1631165,Keon Ellis,G,23,NA,2120693,NA
2023-24,1610612749,MIL,1631166,Drew Timme,F,NA,Signed on 08/25/23,NA,NA
2022-23,1610612750,MIN,1631169,Josh Minott,F,8,Draft Rights Traded from CHA on 06/24/22,1017781,NA
2023-24,1610612750,MIN,1631169,Josh Minott,F,8,NA,1719864,NA
2024-25,1610612750,MIN,1631169,Josh Minott,F,8,NA,NA,NA
2023-24,1610612748,MIA,1631170,Jaime Jaquez Jr.,G,NA,+ACM-18 Pick in 2023 Draft,NA,NA
2024-25,1610612748,MIA,1631170,Jaime Jaquez Jr.,G,11,NA,NA,NA
2022-23,1610612741,CHI,1631171,Justin Lewis,F,34,Signed on 07/07/22,102363,NA
2023-24,1610612741,CHI,1631171,Justin Lewis,F,34,NA,173725,NA
2022-23,1610612760,OKC,1631172,Ousmane Dieng,F,13,Draft Rights Traded from NYK on 06/23/22,4569840,NA
2023-24,1610612760,OKC,1631172,Ousmane Dieng,F,13,NA,4798440,NA
2024-25,1610612760,OKC,1631172,Ousmane Dieng,F,13,NA,5027040,NA
2023-24,1610612755,PHI,1631173,Terquavion Smith,G,23,Signed on 07/01/23,559782,NA
2022-23,1610612765,DET,1631197,Jared Rhoden,G,8,Signed on 12/26/22,307089,NA
2023-24,1610612765,DET,1631197,Jared Rhoden,G,8,NA,559782,NA
2024-25,1610612761,TOR,1631197,Jared Rhoden,G,8,Signed on 08/19/24,386995,NA
2024-25,1610612766,CHA,1631197,Jared Rhoden,G,8,Traded from TOR on 23/10/24,386995,2024-10-23
2022-23,1610612761,TOR,1631199,Ron Harper Jr.,F,8,Signed on 07/13/22,NA,NA
2023-24,1610612761,TOR,1631199,Ron Harper Jr.,F,8,NA,NA,NA
2023-24,1610612757,POR,1631200,Kris Murray,F,NA,+ACM-23 Pick in 2023 Draft,2847504,NA
2024-25,1610612757,POR,1631200,Kris Murray,F,24,NA,2990040,NA
2023-24,1610612765,DET,1631204,Marcus Sasser,G,NA,Draft Rights Traded from BOS on 06/28/23,2624028,NA
2024-25,1610612765,DET,1631204,Marcus Sasser,G,25,NA,2755229,NA
2022-23,1610612765,DET,1631205,Buddy Boeheim,F,27,NA,508891,NA
2023-24,1610612765,DET,1631205,Buddy Boeheim,F,27,Signed on 07/02/22,167291,NA
2024-25,1610612760,OKC,1631205,Buddy Boeheim,F,27,Signed on 10/16/24,NA,NA
2022-23,1610612741,CHI,1631207,Dalen Terry,F,25,+ACM-18 Pick in 2022 Draft,3191400,NA
2023-24,1610612741,CHI,1631207,Dalen Terry,F,25,NA,3350760,NA
2024-25,1610612741,CHI,1631207,Dalen Terry,F,25,NA,3510480,NA
2023-24,1610612754,IND,1631209,Isaiah Wong,G,21,+ACM-55 Pick in 2023 Draft,559782,NA
2023-24,1610612752,NYK,1631210,Jacob Toppin,F,NA,Signed on 07/06/23,759245,NA
2024-25,1610612752,NYK,1631210,Jacob Toppin,F,0,NA,710480,NA
2022-23,1610612752,NYK,1631211,Trevor Keels,G,3,+ACM-42 Pick in 2022 Draft,520589,NA
2023-24,1610612750,MIN,1631211,Trevor Keels,G,3,Signed on 09/25/23,NA,NA
2022-23,1610612743,DEN,1631212,Peyton Watson,G,8,Draft Rights Traded from OKC on 06/23/22,2193960,NA
2023-24,1610612743,DEN,1631212,Peyton Watson,G,8,NA,2303520,NA
2024-25,1610612743,DEN,1631212,Peyton Watson,G,8,NA,2413560,NA
2022-23,1610612737,ATL,1631213,Tyrese Martin,G,22,Draft Rights Traded from GSW on 06/24/22,1017781,NA
2023-24,1610612750,MIN,1631213,Tyrese Martin,G,22,Signed on 09/27/23,NA,NA
2024-25,1610612751,BKN,1631213,Tyrese Martin,F,22,Signed on 09/20/24,959732,NA
2023-24,1610612748,MIA,1631214,Alondes Williams,G,31,Signed on 08/11/23,212331,NA
2024-25,1610612746,LAC,1631214,Alondes Williams,G,15,Signed on 09/28/24,244502,NA
2024-25,1610612765,DET,1631214,Alondes Williams,G,15,Traded from LAC on 23/10/24,244502,2024-10-23
2022-23,1610612753,ORL,1631216,Caleb Houstan,G,2,+ACM-32 Pick in 2022 Draft,2000000,NA
2023-24,1610612753,ORL,1631216,Caleb Houstan,G,2,NA,2000000,NA
2024-25,1610612753,ORL,1631216,Caleb Houstan,G,2,NA,NA,NA
2022-23,1610612746,LAC,1631217,Moussa Diabaté,F,25,+ACM-43 Pick in 2022 Draft,508891,NA
2023-24,1610612746,LAC,1631217,Moussa Diabaté,F,25,NA,559782,NA
2024-25,1610612766,CHA,1631217,Moussa Diabaté,F,25,Signed on 07/31/24,NA,NA
2023-24,1610612744,GSW,1631218,Trayce Jackson-Davis,F,32,Draft Rights Traded from WAS on 06/23/23,1119563,NA
2024-25,1610612744,GSW,1631218,Trayce Jackson-Davis,F,32,NA,1891857,NA
2022-23,1610612757,POR,1631219,John Butler Jr.,F,21,Signed on 10/20/22,NA,NA
2023-24,1610612757,POR,1631219,John Butler Jr.,F,21,NA,NA,NA
2024-25,1610612764,WAS,1631219,John Butler Jr.,F,19,Signed on 10/23/23,NA,NA
2022-23,1610612740,NOP,1631220,Dereon Seabron,G,0,Signed on 09/09/22,511816,NA
2023-24,1610612740,NOP,1631220,Dereon Seabron,G,0,NA,559782,NA
2022-23,1610612743,DEN,1631221,Collin Gillespie,G,21,Signed on 07/03/22,508891,NA
2023-24,1610612743,DEN,1631221,Collin Gillespie,G,21,NA,559782,NA
2024-25,1610612756,PHX,1631221,Collin Gillespie,G,21,Signed on 07/02/24,578577,NA
2022-23,1610612763,MEM,1631222,Jake LaRavia,F,3,Draft Rights Traded from MIN on 06/24/22,3047640,NA
2023-24,1610612763,MEM,1631222,Jake LaRavia,F,3,NA,3199920,NA
2024-25,1610612763,MEM,1631222,Jake LaRavia,F,3,NA,3352680,NA
2024-25,1610612758,SAC,1631222,Jake LaRavia,F,3,Traded from MEM on 08/02/25,3352680,2025-02-08
2022-23,1610612763,MEM,1631223,David Roddy,F,27,Draft Rights Traded from PHI on 06/24/22,2588640,NA
2023-24,1610612763,MEM,1631223,David Roddy,F,27,NA,2718240,NA
2024-25,1610612737,ATL,1631223,David Roddy,F,21,Traded from PHX on 07/29/24,3269623,NA
2024-25,1610612755,PHI,1631223,David Roddy,F,21,Traded from ATL on 20/02/25,3269623,2025-02-20
2024-25,1610612745,HOU,1631223,David Roddy,F,21,Traded from ATL on 09/04/25,3269623,2025-04-09
2022-23,1610612759,SAS,1631230,Dominick Barlow,F,26,Signed on 07/10/22,508891,NA
2023-24,1610612759,SAS,1631230,Dominick Barlow,F,26,NA,1015402,NA
2024-25,1610612737,ATL,1631230,Dominick Barlow,F,26,Signed on 07/30/24,922983,NA
2023-24,1610612762,UTA,1631238,Michael Devoe,G,NA,Signed on 10/11/23,NA,NA
2023-24,1610612761,TOR,1631241,Javon Freeman-Liberty,G,0,Signed on 07/22/23,849324,NA
2023-24,1610612737,ATL,1631243,Mouhamed Gueye,F,NA,Draft Rights Traded from BOS on 06/28/23,1119563,NA
2024-25,1610612737,ATL,1631243,Mouhamed Gueye,F,18,NA,1891857,NA
2022-23,1610612764,WAS,1631245,Quenton Jackson,G,29,Signed on 09/12/22,219630,NA
2023-24,1610612741,CHI,1631245,Quenton Jackson,G,29,Signed on 09/07/23,135120,NA
2024-25,1610612754,IND,1631245,Quenton Jackson,G,29,Signed on 03/04/24,578577,NA
2022-23,1610612763,MEM,1631246,Vince Williams Jr.,G,5,+ACM-47 Pick in 2022 Draft,NA,NA
2023-24,1610612763,MEM,1631246,Vince Williams Jr.,G,5,NA,NA,NA
2024-25,1610612763,MEM,1631246,Vince Williams Jr.,G,5,NA,NA,NA
2024-25,1610612739,CLE,1631247,Luke Travers,F,33,+ACM-56 Pick in 2022 Draft,578577,NA
2024-25,1610612738,BOS,1631248,Baylor Scheierman,G,NA,+ACM-30 Pick in 2024 Draft,2494320,NA
2023-24,1610612739,CLE,1631250,Pete Nance,F,8,Signed on 09/12/23,244503,NA
2024-25,1610612739,CLE,1631250,Pete Nance,F,8,NA,147988,NA
2024-25,1610612755,PHI,1631250,Pete Nance,F,8,Traded from CLE on 03/12/24,147988,2024-12-03
2024-25,1610612749,MIL,1631250,Pete Nance,F,8,Traded from PHI on 11/03/25,147988,2025-03-11
2022-23,1610612763,MEM,1631254,Kenneth Lofton Jr.,F,6,Signed on 07/01/22,NA,NA
2023-24,1610612763,MEM,1631254,Kenneth Lofton Jr.,F,6,NA,NA,NA
2024-25,1610612740,NOP,1631255,Karlo Matković,F-C,NA,+ACM-52 Pick in 2022 Draft,NA,NA
2023-24,1610612745,HOU,1631257,Jermaine Samuels Jr.,F,NA,Signed on 08/01/23,NA,NA
2024-25,1610612745,HOU,1631257,Jermaine Samuels Jr.,F,0,NA,NA,NA
2023-24,1610612746,LAC,1631258,Bryson Williams,F,NA,Signed on 10/14/22,NA,NA
2022-23,1610612749,MIL,1631260,AJ Green,G,20,Signed on 07/01/22,508891,NA
2023-24,1610612749,MIL,1631260,AJ Green,G,20,NA,1901769,NA
2024-25,1610612749,MIL,1631260,AJ Green,G,20,NA,NA,NA
2023-24,1610612764,WAS,1631262,Jules Bernard,G,24,Signed on 10/01/23,415011,NA
2024-25,1610612739,CLE,1631262,Jules Bernard,G,14,Signed on 09/23/24,NA,NA
2022-23,1610612748,MIA,1631288,Jamal Cain,F,8,Signed on 07/15/22,508891,NA
2023-24,1610612748,MIA,1631288,Jamal Cain,F,8,NA,559782,NA
2024-25,1610612740,NOP,1631288,Jamal Cain,F,8,Signed on 07/12/24,578577,NA
2022-23,1610612743,DEN,1631298,Jack White,F,10,Signed on 07/19/22,508891,NA
2023-24,1610612760,OKC,1631298,Jack White,F,10,Signed on 07/20/23,703550,NA
2023-24,1610612757,POR,1631303,Justin Minaya,F,NA,Signed on 04/04/23,559782,NA
2024-25,1610612757,POR,1631303,Justin Minaya,F,10,NA,578577,NA
2022-23,1610612747,LAL,1631306,Cole Swider,F,20,Signed on 07/01/22,508891,NA
2023-24,1610612748,MIA,1631306,Cole Swider,F,20,Signed on 08/11/23,559782,NA
2024-25,1610612754,IND,1631306,Cole Swider,F,21,Signed on 08/08/24,NA,NA
2024-25,1610612765,DET,1631306,Cole Swider,F,21,Traded from IND on 23/10/24,NA,2024-10-23
2024-25,1610612761,TOR,1631306,Cole Swider,F,21,Traded from DET on 26/03/25,NA,2025-03-26
2022-23,1610612745,HOU,1631309,Trevor Hudgins,G,12,Signed on 07/01/22,508891,NA
2023-24,1610612745,HOU,1631309,Trevor Hudgins,G,12,NA,NA,NA
2022-23,1610612744,GSW,1631311,Lester Quinones,G,25,Signed on 07/05/22,129405,NA
2023-24,1610612744,GSW,1631311,Lester Quinones,G,25,NA,1108597,NA
2024-25,1610612755,PHI,1631311,Lester Quinones,G,25,Signed on 09/26/24,424409,NA
2024-25,1610612740,NOP,1631311,Lester Quinones,G,25,Traded from PHI on 24/03/25,424409,2025-03-24
2023-24,1610612759,SAS,1631321,Sidy Cissoko,G,NA,+ACM-44 Pick in 2023 Draft,1119563,NA
2024-25,1610612759,SAS,1631321,Sidy Cissoko,G,25,NA,2100971,NA
2024-25,1610612757,POR,1631321,Sidy Cissoko,G,25,Traded from SAS on 12/02/25,2100971,2025-02-12
2022-23,1610612762,UTA,1631323,Simone Fontecchio,F,16,Signed on 07/27/22,3205128,NA
2023-24,1610612762,UTA,1631323,Simone Fontecchio,F,16,NA,3044872,NA
2024-25,1610612765,DET,1631323,Simone Fontecchio,F,19,Traded from UTA on 02/08/24,7692308,NA
2023-24,1610612761,TOR,1631338,Mouhamadou Gueye,F,15,Signed on 07/31/23,199463,NA
2024-25,1610612764,WAS,1631338,Mouhamadou Gueye,F,16,Signed on 10/13/24,NA,NA
2024-25,1610612737,ATL,1631342,Daeqwon Plowden,G-F,29,Signed on 09/27/24,424951,NA
2022-23,1610612763,MEM,1631367,Jacob Gilyard,G,NA,Signed on 09/23/22,5849,NA
2023-24,1610612763,MEM,1631367,Jacob Gilyard,G,NA,NA,701336,NA
2024-25,1610612757,POR,1631386,Tazé Moore,G,NA,Signed on 01/20/24,NA,NA
2024-25,1610612753,ORL,1631457,Alex Morales,G,NA,Signed on 10/08/22,NA,NA
2022-23,1610612757,POR,1631466,Nate Williams,G,49,Signed on 04/01/23,52644,NA
2023-24,1610612745,HOU,1631466,Nate Williams,G,49,Signed on 08/01/23,NA,NA
2024-25,1610612745,HOU,1631466,Nate Williams,G,19,NA,NA,NA
2022-23,1610612737,ATL,1631495,Donovan Williams,G,NA,NA,239822,NA
2023-24,1610612744,GSW,1631495,Donovan Williams,G,8,Signed on 09/28/23,NA,NA
2022-23,1610612764,WAS,1641645,Xavier Cooks,F,12,Signed on 03/17/23,140384,NA
2023-24,1610612764,WAS,1641645,Xavier Cooks,F,12,NA,1719864,NA
2023-24,1610612759,SAS,1641705,Victor Wembanyama,F-C,NA,+ACM-1 Pick in 2023 Draft,12160632,NA
2024-25,1610612759,SAS,1641705,Victor Wembanyama,F-C,1,NA,12768664,NA
2023-24,1610612766,CHA,1641706,Brandon Miller,F,NA,+ACM-2 Pick in 2023 Draft,10880364,NA
2024-25,1610612766,CHA,1641706,Brandon Miller,F,24,NA,11424382,NA
2023-24,1610612762,UTA,1641707,Taylor Hendricks,F,0,+ACM-9 Pick in 2023 Draft,5569872,NA
2024-25,1610612762,UTA,1641707,Taylor Hendricks,F,0,NA,5848366,NA
2023-24,1610612745,HOU,1641708,Amen Thompson,G-F,NA,+ACM-4 Pick in 2023 Draft,8809284,NA
2024-25,1610612745,HOU,1641708,Amen Thompson,G-F,1,NA,9249748,NA
2023-24,1610612765,DET,1641709,Ausar Thompson,G-F,NA,+ACM-5 Pick in 2023 Draft,7977420,NA
2024-25,1610612765,DET,1641709,Ausar Thompson,G-F,9,NA,8376291,NA
2023-24,1610612753,ORL,1641710,Anthony Black,G,0,+ACM-6 Pick in 2023 Draft,7245480,NA
2024-25,1610612753,ORL,1641710,Anthony Black,G,0,NA,7607754,NA
2023-24,1610612761,TOR,1641711,Gradey Dick,G,1,+ACM-13 Pick in 2023 Draft,4536708,NA
2024-25,1610612761,TOR,1641711,Gradey Dick,G-F,1,NA,4763543,NA
2023-24,1610612757,POR,1641712,Rayan Rupert,G-F,NA,+ACM-43 Pick in 2023 Draft,1119563,NA
2024-25,1610612757,POR,1641712,Rayan Rupert,G-F,21,NA,1891857,NA
2023-24,1610612763,MEM,1641713,GG Jackson,F,NA,+ACM-45 Pick in 2023 Draft,1991428,NA
2024-25,1610612763,MEM,1641713,GG Jackson,F,45,NA,1891857,NA
2023-24,1610612745,HOU,1641715,Cam Whitmore,F,NA,+ACM-20 Pick in 2023 Draft,NA,NA
2024-25,1610612745,HOU,1641715,Cam Whitmore,F,7,NA,NA,NA
2023-24,1610612754,IND,1641716,Jarace Walker,F,5,Draft Rights Traded from WAS on 06/23/23,6059460,NA
2024-25,1610612754,IND,1641716,Jarace Walker,F,5,NA,6362433,NA
2023-24,1610612760,OKC,1641717,Cason Wallace,G,22,Draft Rights Traded from DAL on 07/06/23,5291352,NA
2024-25,1610612760,OKC,1641717,Cason Wallace,G,22,NA,5555920,NA
2023-24,1610612762,UTA,1641718,Keyonte George,G,3,+ACM-16 Pick in 2023 Draft,3889776,NA
2024-25,1610612762,UTA,1641718,Keyonte George,G,3,NA,4084265,NA
2023-24,1610612747,LAL,1641720,Jalen Hood-Schifino,G,0,+ACM-17 Pick in 2023 Draft,3695076,NA
2024-25,1610612747,LAL,1641720,Jalen Hood-Schifino,G,0,NA,4021384,NA
2024-25,1610612755,PHI,1641720,Jalen Hood-Schifino,G,0,Traded from LAL on 14/03/25,4021384,2025-03-14
2023-24,1610612747,LAL,1641721,Maxwell Lewis,F,21,Draft Rights Traded from DEN on 06/23/23,1119563,NA
2024-25,1610612747,LAL,1641721,Maxwell Lewis,F,21,NA,1891857,NA
2024-25,1610612751,BKN,1641721,Maxwell Lewis,F,21,Traded from LAL on 01/01/25,1891857,2025-01-01
2023-24,1610612740,NOP,1641722,Jordan Hawkins,G,24,+ACM-14 Pick in 2023 Draft,4310196,NA
2024-25,1610612740,NOP,1641722,Jordan Hawkins,G,24,NA,4525706,NA
2023-24,1610612737,ATL,1641723,Kobe Bufkin,G,NA,+ACM-15 Pick in 2023 Draft,4094244,NA
2024-25,1610612737,ATL,1641723,Kobe Bufkin,G,4,NA,4299000,NA
2023-24,1610612753,ORL,1641724,Jett Howard,G,13,+ACM-11 Pick in 2023 Draft,5026824,NA
2024-25,1610612753,ORL,1641724,Jett Howard,G,13,NA,5278165,NA
2024-25,1610612743,DEN,1641725,Trey Alexander,G,23,Signed on 07/03/24,578577,NA
2023-24,1610612742,DAL,1641726,Dereck Lively II,C,2,Draft Rights Traded from OKC on 07/06/23,NA,NA
2024-25,1610612742,DAL,1641726,Dereck Lively II,C,2,NA,NA,NA
2023-24,1610612751,BKN,1641727,Dariq Whitehead,F,0,+ACM-22 Pick in 2023 Draft,2966040,NA
2024-25,1610612751,BKN,1641727,Dariq Whitehead,G-F,0,NA,3114342,NA
2023-24,1610612762,UTA,1641729,Brice Sensabaugh,F,8,+ACM-28 Pick in 2023 Draft,2448600,NA
2024-25,1610612762,UTA,1641729,Brice Sensabaugh,F,8,NA,2571030,NA
2023-24,1610612751,BKN,1641730,Noah Clowney,F,21,+ACM-21 Pick in 2023 Draft,3089460,NA
2024-25,1610612751,BKN,1641730,Noah Clowney,F-C,21,NA,3244080,NA
2023-24,1610612764,WAS,1641731,Bilal Coulibaly,G,NA,Draft Rights Traded from IND on 06/23/23,6614256,NA
2024-25,1610612764,WAS,1641731,Bilal Coulibaly,G,0,NA,6945240,NA
2023-24,1610612758,SAC,1641732,Colby Jones,G,NA,Draft Rights Traded from BOS on 06/28/23,2019706,NA
2024-25,1610612758,SAC,1641732,Colby Jones,G,20,NA,2120693,NA
2024-25,1610612764,WAS,1641732,Colby Jones,G,20,Traded from SAC on 10/02/25,2120693,2025-02-10
2023-24,1610612766,CHA,1641733,Nick Smith Jr.,G,NA,+ACM-27 Pick in 2023 Draft,NA,NA
2024-25,1610612766,CHA,1641733,Nick Smith Jr.,G,8,NA,NA,NA
2023-24,1610612739,CLE,1641734,Emoni Bates,F,21,+ACM-49 Pick in 2023 Draft,559782,NA
2024-25,1610612739,CLE,1641734,Emoni Bates,F,21,NA,578577,NA
2023-24,1610612766,CHA,1641735,Amari Bailey,G,NA,+ACM-41 Pick in 2023 Draft,559782,NA
2024-25,1610612751,BKN,1641735,Amari Bailey,G,10,Signed on 09/21/24,NA,NA
2024-25,1610612744,GSW,1641736,Reece Beekman,G,3,Signed on 07/03/24,578577,NA
2024-25,1610612751,BKN,1641736,Reece Beekman,G,3,Traded from GSW on 19/12/24,578577,2024-12-19
2024-25,1610612755,PHI,1641737,Adem Bona,F,NA,+ACM-41 Pick in 2024 Draft,1157153,NA
2023-24,1610612746,LAC,1641738,Kobe Brown,F,NA,+ACM-30 Pick in 2023 Draft,2413356,NA
2024-25,1610612746,LAC,1641738,Kobe Brown,F,21,NA,2534024,NA
2023-24,1610612757,POR,1641739,Toumani Camara,F,20,Traded from PHX on 09/27/23,1119563,NA
2024-25,1610612757,POR,1641739,Toumani Camara,F,33,NA,1891857,NA
2023-24,1610612750,MIN,1641740,Jaylen Clark,G,NA,+ACM-53 Pick in 2023 Draft,559782,NA
2024-25,1610612750,MIN,1641740,Jaylen Clark,G,22,NA,907334,NA
2023-24,1610612755,PHI,1641741,Ricky Council IV,G,16,Signed on 07/01/23,NA,NA
2024-25,1610612755,PHI,1641741,Ricky Council IV,G,14,NA,NA,NA
2024-25,1610612763,MEM,1641744,Zach Edey,C,NA,+ACM-9 Pick in 2024 Draft,5756880,NA
2024-25,1610612760,OKC,1641745,Adam Flagler,G,14,Signed on 10/19/23,578577,NA
2024-25,1610612743,DEN,1641747,DaRon Holmes II,F,14,Draft Rights Traded from PHX on 06/26/24,NA,NA
2023-24,1610612749,MIL,1641748,Andre Jackson Jr.,G,44,Draft Rights Traded from ORL on 06/22/23,NA,NA
2024-25,1610612749,MIL,1641748,Andre Jackson Jr.,G,44,NA,NA,NA
2023-24,1610612760,OKC,1641749,Keyontae Johnson,F,18,+ACM-50 Pick in 2023 Draft,559782,NA
2024-25,1610612766,CHA,1641749,Keyontae Johnson,F,18,Signed on 09/05/24,NA,NA
2024-25,1610612765,DET,1641752,Bobi Klintman,F,34,Draft Rights Traded from MIN on 07/06/24,1157153,NA
2023-24,1610612749,MIL,1641753,Chris Livingston,F,7,+ACM-58 Pick in 2023 Draft,1119563,NA
2024-25,1610612749,MIL,1641753,Chris Livingston,F,7,NA,1891857,NA
2023-24,1610612737,ATL,1641754,Seth Lundy,G,NA,+ACM-46 Pick in 2023 Draft,559782,NA
2024-25,1610612737,ATL,1641754,Seth Lundy,G-F,3,NA,328148,NA
2024-25,1610612752,NYK,1641755,Kevin McCullar Jr.,G,NA,Draft Rights Traded from PHX on 06/27/24,NA,NA
2023-24,1610612742,DAL,1641756,Mike Miles Jr.,G,14,Signed on 07/14/23,NA,NA
2023-24,1610612746,LAC,1641757,Jordan Miller,G,NA,+ACM-48 Pick in 2023 Draft,559782,NA
2024-25,1610612746,LAC,1641757,Jordan Miller,G,11,NA,1471445,NA
2023-24,1610612749,MIL,1641760,Omari Moore,G,NA,Signed on 07/05/23,75000,NA
2023-24,1610612741,CHI,1641763,Julian Phillips,F,NA,Draft Rights Traded from WAS on 06/28/23,1600000,NA
2024-25,1610612741,CHI,1641763,Julian Phillips,F,15,NA,1891857,NA
2023-24,1610612744,GSW,1641764,Brandin Podziemski,G,2,+ACM-19 Pick in 2023 Draft,3352404,NA
2024-25,1610612744,GSW,1641764,Brandin Podziemski,G,2,NA,3519960,NA
2023-24,1610612742,DAL,1641765,Olivier-Maxence Prosper,F,18,Draft Rights Traded from SAC on 07/06/23,2733720,NA
2024-25,1610612742,DAL,1641765,Olivier-Maxence Prosper,F,8,NA,2870406,NA
2023-24,1610612741,CHI,1641766,Adama Sanogo,F,NA,Signed on 07/10/23,559782,NA
2024-25,1610612741,CHI,1641766,Adama Sanogo,F,21,NA,578577,NA
2023-24,1610612754,IND,1641767,Ben Sheppard,G,26,+ACM-26 Pick in 2023 Draft,2537172,NA
2024-25,1610612754,IND,1641767,Ben Sheppard,G,26,NA,2663880,NA
2023-24,1610612758,SAC,1641771,Jalen Slawson,F,NA,+ACM-54 Pick in 2023 Draft,559782,NA
2024-25,1610612753,ORL,1641771,Jalen Slawson,F,18,Signed on 09/11/24,NA,NA
2023-24,1610612755,PHI,1641773,Azuolas Tubelis,F,20,Signed on 07/16/23,NA,NA
2024-25,1610612764,WAS,1641774,Tristan Vukcevic,F,0,+ACM-42 Pick in 2023 Draft,578577,NA
2023-24,1610612738,BOS,1641775,Jordan Walsh,G,NA,Draft Rights Traded from SAC on 06/28/23,1119563,NA
2024-25,1610612738,BOS,1641775,Jordan Walsh,G,27,NA,1891857,NA
2023-24,1610612759,SAS,1641777,Charles Bediako,C,NA,Signed on 09/30/23,215548,NA
2023-24,1610612766,CHA,1641778,Leaky Black,F,NA,Signed on 07/19/23,559782,NA
2024-25,1610612756,PHX,1641779,Jalen Bridges,F,NA,Signed on 07/02/24,578577,NA
2024-25,1610612753,ORL,1641783,Tristan da Silva,F,23,+ACM-18 Pick in 2024 Draft,3628440,NA
2023-24,1610612765,DET,1641787,Tosan Evbuomwan,F,NA,Signed on 07/25/23,295977,NA
2023-24,1610612747,LAL,1641788,Alex Fudge,F,17,Signed on 07/26/23,376405,NA
2023-24,1610612749,MIL,1641789,Jazian Gortman,G,NA,Signed on 07/15/23,NA,NA
2024-25,1610612742,DAL,1641789,Jazian Gortman,G,0,Signed on 07/10/24,578577,NA
2024-25,1610612743,DEN,1641790,PJ Hall,C,13,Signed on 07/10/24,578577,NA
2023-24,1610612747,LAL,1641793,D'Moi Hodge,G,55,Signed on 07/03/23,241285,NA
2024-25,1610612760,OKC,1641794,Dillon Jones,F,3,Draft Rights Traded from NYK on 06/27/24,2622360,NA
2024-25,1610612748,MIA,1641796,Pelle Larsson,G,9,Draft Rights Traded from HOU on 06/27/24,1157153,NA
2023-24,1610612752,NYK,1641798,Jaylen Martin,G,NA,Signed on 07/03/23,249766,NA
2024-25,1610612751,BKN,1641798,Jaylen Martin,G,16,Signed on 02/21/24,384594,NA
2024-25,1610612764,WAS,1641798,Jaylen Martin,G,16,Traded from BKN on 08/02/25,384594,2025-02-08
2024-25,1610612742,DAL,1641801,Emanuel Miller,F,3,Signed on 07/11/24,344234,NA
2024-25,1610612741,CHI,1641801,Emanuel Miller,F,3,Traded from DAL on 04/02/25,344234,2025-02-04
2024-25,1610612754,IND,1641803,Tristen Newton,G,4,+ACM-49 Pick in 2024 Draft,578577,NA
2024-25,1610612750,MIN,1641803,Tristen Newton,G,4,Traded from IND on 04/01/25,578577,2025-01-04
2023-24,1610612740,NOP,1641805,Landers Nolley II,F,2,Signed on 09/29/23,NA,NA
2023-24,1610612761,TOR,1641806,Markquis Nowell,G,24,Signed on 07/03/23,559782,NA
2023-24,1610612748,MIA,1641809,Drew Peterson,F,NA,Signed on 08/11/23,395708,NA
2024-25,1610612738,BOS,1641809,Drew Peterson,F,13,Signed on 12/14/23,578577,NA
2024-25,1610612740,NOP,1641810,Antonio Reeves,G,12,Draft Rights Traded from ORL on 06/27/24,1157153,NA
2023-24,1610612759,SAS,1641811,Sir'Jabari Rice,G,NA,Signed on 07/05/23,167291,NA
2024-25,1610612748,MIA,1641815,Isaiah Stevens,G,NA,Signed on 07/06/24,350668,NA
2023-24,1610612743,DEN,1641816,Hunter Tyson,F,NA,Draft Rights Traded from OKC on 06/23/23,1119563,NA
2024-25,1610612743,DEN,1641816,Hunter Tyson,F,5,NA,1891857,NA
2024-25,1610612738,BOS,1641817,Anton Watson,F,NA,+ACM-54 Pick in 2024 Draft,578577,NA
2024-25,1610612752,NYK,1641817,Anton Watson,F,NA,Traded from BOS on 06/03/25,578577,2025-03-06
2024-25,1610612741,CHI,1641824,Matas Buzelis,F,14,+ACM-11 Pick in 2024 Draft,5195520,NA
2024-25,1610612765,DET,1641842,Ronald Holland II,F,0,+ACM-5 Pick in 2024 Draft,NA,NA
2023-24,1610612743,DEN,1641847,Andrew Funk,G,NA,Signed on 07/17/23,160857,NA
2023-24,1610612743,DEN,1641848,Armaan Franklin,G,NA,Signed on 07/17/23,NA,NA
2023-24,1610612739,CLE,1641854,Craig Porter Jr.,G,9,Signed on 07/03/23,1500000,NA
2024-25,1610612739,CLE,1641854,Craig Porter Jr.,G,9,NA,NA,NA
2023-24,1610612740,NOP,1641856,Tevian Jones,G,55,Signed on 09/29/23,NA,NA
2024-25,1610612749,MIL,1641857,Liam Robbins,C,15,Signed on 08/27/24,578577,NA
2023-24,1610612743,DEN,1641859,Souley Boum,G,NA,Signed on 08/03/23,NA,NA
2023-24,1610612762,UTA,1641864,Keshawn Justice,NA,NA,Signed on 10/11/23,NA,NA
2023-24,1610612757,POR,1641871,Duop Reath,C,NA,Signed on 10/02/23,1951220,NA
2024-25,1610612757,POR,1641871,Duop Reath,C,26,NA,2048780,NA
2023-24,1610612766,CHA,1641877,Nathan Mensah,C,NA,Signed on 09/05/23,395708,NA
2023-24,1610612747,LAL,1641878,Damion Baugh,G,18,Signed on 09/07/23,NA,NA
2023-24,1610612744,GSW,1641881,Javan Johnson,F,31,Signed on 09/28/23,NA,NA
2024-25,1610612749,MIL,1641890,Tyler Smith,F,21,+ACM-33 Pick in 2024 Draft,1157153,NA
2024-25,1610612764,WAS,1641917,Taylor Funk,F,NA,Signed on 10/13/24,NA,NA
2023-24,1610612739,CLE,1641920,Justin Powell,G,24,Signed on 09/12/23,NA,NA
2023-24,1610612742,DAL,1641926,Dexter Dennis,G,38,Signed on 09/21/23,212331,NA
2023-24,1610612741,CHI,1641931,Onuralp Bitim,F,NA,Signed on 07/24/23,500000,NA
2023-24,1610612737,ATL,1641936,Miles Norris,F,NA,Signed on 07/06/23,193028,NA
2024-25,1610612763,MEM,1641936,Miles Norris,F,0,Signed on 10/16/24,131903,NA
2024-25,1610612738,BOS,1641936,Miles Norris,F,0,Traded from MEM on 05/03/25,131903,2025-03-05
2023-24,1610612747,LAL,1641941,Vincent Valerio-Bodon,G-F,27,Signed on 09/07/23,NA,NA
2023-24,1610612742,DAL,1641948,Jordan Walker,G,NA,Signed on 08/14/23,NA,NA
2024-25,1610612763,MEM,1641970,Mãozinha Pereira,F,NA,Signed on 03/20/24,NA,NA
2023-24,1610612741,CHI,1641972,Max Heidegger,G,NA,Signed on 09/07/23,NA,NA
2024-25,1610612746,LAC,1641989,Elijah Harkless,G,NA,Signed on 09/04/24,331365,NA
2024-25,1610612762,UTA,1641989,Elijah Harkless,G,NA,Traded from LAC on 11/01/25,331365,2025-01-11
2023-24,1610612740,NOP,1641998,Trey Jemison,C,56,Signed on 09/29/23,341017,NA
2024-25,1610612740,NOP,1641998,Trey Jemison,C,55,NA,864902,NA
2024-25,1610612747,LAL,1641998,Trey Jemison,C,55,Traded from NOP on 17/01/25,864902,2025-01-17
2023-24,1610612757,POR,1642022,George Conditt IV,NA,NA,Signed on 10/09/23,NA,NA
2024-25,1610612744,GSW,1642050,Jackson Rowe,F,44,Signed on 07/19/24,244502,NA
2024-25,1610612737,ATL,1642258,Zaccharie Risacher,F,10,+ACM-1 Pick in 2024 Draft,12569040,NA
2024-25,1610612764,WAS,1642259,Alexandre Sarr,C,12,+ACM-2 Pick in 2024 Draft,NA,NA
2024-25,1610612760,OKC,1642260,Nikola Topić,G,44,+ACM-12 Pick in 2024 Draft,NA,NA
2024-25,1610612747,LAL,1642261,Dalton Knecht,F,4,+ACM-17 Pick in 2024 Draft,3819120,NA
2024-25,1610612762,UTA,1642262,Cody Williams,F,NA,+ACM-10 Pick in 2024 Draft,5469120,NA
2024-25,1610612745,HOU,1642263,Reed Sheppard,G,15,+ACM-3 Pick in 2024 Draft,10098960,NA
2024-25,1610612759,SAS,1642264,Stephon Castle,G,NA,+ACM-4 Pick in 2024 Draft,9105120,NA
2024-25,1610612750,MIN,1642265,Rob Dillingham,G,4,Draft Rights Traded from SAS on 06/26/24,6262920,NA
2024-25,1610612761,TOR,1642266,Ja'Kobe Walter,G,NA,+ACM-19 Pick in 2024 Draft,3465000,NA
2024-25,1610612764,WAS,1642267,Carlton Carrington,G,17,Draft Rights Traded from POR on 07/06/24,4454880,NA
2024-25,1610612762,UTA,1642268,Isaiah Collier,G,NA,+ACM-29 Pick in 2024 Draft,2512680,NA
2024-25,1610612758,SAC,1642269,Devin Carter,G,NA,+ACM-13 Pick in 2024 Draft,4689000,NA
2024-25,1610612757,POR,1642270,Donovan Clingan,C,NA,+ACM-7 Pick in 2024 Draft,6836400,NA
2024-25,1610612762,UTA,1642271,Kyle Filipowski,C,22,+ACM-32 Pick in 2024 Draft,3000000,NA
2024-25,1610612755,PHI,1642272,Jared McCain,G,NA,+ACM-16 Pick in 2024 Draft,4020360,NA
2024-25,1610612764,WAS,1642273,Kyshawn George,F,18,Draft Rights Traded from NYK on 06/26/24,2825520,NA
2024-25,1610612740,NOP,1642274,Yves Missi,C,21,+ACM-21 Pick in 2024 Draft,3193200,NA
2024-25,1610612766,CHA,1642275,Tidjane Salaün,F,NA,+ACM-6 Pick in 2024 Draft,NA,NA
2024-25,1610612748,MIA,1642276,Kel'el Ware,C,7,+ACM-15 Pick in 2024 Draft,4231800,NA
2024-25,1610612754,IND,1642277,Johnny Furphy,G,12,Draft Rights Traded from SAS on 07/06/24,1850842,NA
2024-25,1610612752,NYK,1642278,Tyler Kolek,G,NA,Draft Rights Traded from POR on 06/27/24,2087519,NA
2024-25,1610612761,TOR,1642279,Ulrich Chomche,C,NA,Draft Rights Traded from MEM on 07/06/24,578577,NA
2024-25,1610612746,LAC,1642280,Trentyn Flowers,F,NA,Signed on 07/24/24,578577,NA
2024-25,1610612739,CLE,1642281,Jaylon Tyson,G-F,24,+ACM-20 Pick in 2024 Draft,3326160,NA
2024-25,1610612763,MEM,1642285,Cam Spencer,G,NA,Draft Rights Traded from DET on 07/06/24,578577,NA
2024-25,1610612756,PHX,1642345,Oso Ighodaro,F,4,Draft Rights Traded from NYK on 06/27/24,1862265,NA
2024-25,1610612756,PHX,1642346,Ryan Dunn,F,0,Draft Rights Traded from DEN on 06/26/24,2530800,NA
2024-25,1610612761,TOR,1642347,Jamal Shead,G,NA,Draft Rights Traded from SAC on 06/28/24,1862265,NA
2024-25,1610612755,PHI,1642348,Justin Edwards,F,NA,Signed on 07/04/24,782721,NA
2024-25,1610612760,OKC,1642349,Ajay Mitchell,G,25,Draft Rights Traded from NYK on 06/27/24,3347451,NA
2024-25,1610612748,MIA,1642352,Keshad Johnson,F,NA,Signed on 07/01/24,937214,NA
2024-25,1610612746,LAC,1642353,Cam Christie,G,12,+ACM-46 Pick in 2024 Draft,1157153,NA
2024-25,1610612766,CHA,1642354,K.J. Simpson,G,NA,+ACM-42 Pick in 2024 Draft,NA,NA
2024-25,1610612747,LAL,1642355,Bronny James,G,9,+ACM-55 Pick in 2024 Draft,1157153,NA
2024-25,1610612749,MIL,1642358,AJ Johnson,G,77,+ACM-23 Pick in 2024 Draft,2795294,NA
2024-25,1610612764,WAS,1642358,AJ Johnson,G,77,Traded from MIL on 07/02/25,2795294,2025-02-07
2024-25,1610612752,NYK,1642359,Pacôme Dadiet,F,NA,+ACM-25 Pick in 2024 Draft,NA,NA
2024-25,1610612744,GSW,1642366,Quinten Post,C,21,Draft Rights Traded from POR on 07/06/24,789588,NA
2024-25,1610612761,TOR,1642367,Jonathan Mogbo,F,NA,+ACM-31 Pick in 2024 Draft,1862265,NA
2024-25,1610612745,HOU,1642368,N'Faly Dante,C,NA,Signed on 07/09/24,578577,NA
2024-25,1610612763,MEM,1642377,Jaylen Wells,F,NA,+ACM-39 Pick in 2024 Draft,1157153,NA
2024-25,1610612761,TOR,1642382,Branden Carlson,C,NA,Signed on 07/04/24,795038,NA
2024-25,1610612760,OKC,1642382,Branden Carlson,C,NA,Traded from TOR on 17/11/24,795038,2024-11-17
2024-25,1610612758,SAC,1642384,Isaiah Crawford,F,NA,Signed on 07/02/24,578577,NA
2024-25,1610612751,BKN,1642385,Cui Yongxi,F,NA,Signed on 09/20/24,176943,NA
2024-25,1610612748,MIA,1642389,Zyon Pullin,G,NA,Signed on 07/01/24,379911,NA
2024-25,1610612763,MEM,1642389,Zyon Pullin,G,NA,Traded from MIA on 30/01/25,379911,2025-01-30
2024-25,1610612744,GSW,1642396,Blake Hinson,F,26,Signed on 09/23/24,NA,NA
2024-25,1610612750,MIN,1642399,Jesse Edwards,C,NA,Signed on 07/09/24,578577,NA
2024-25,1610612754,IND,1642402,Enrique Freeman,F,8,+ACM-50 Pick in 2024 Draft,578577,NA
2024-25,1610612758,SAC,1642403,Isaac Jones,F,NA,Signed on 07/03/24,641962,NA
2024-25,1610612758,SAC,1642407,Boogie Ellis,G,NA,Signed on 09/16/24,NA,NA
2024-25,1610612761,TOR,1642419,Jamison Battle,F,NA,Signed on 07/16/24,1350668,NA
2024-25,1610612747,LAL,1642422,Armel Traoré,F,94,Signed on 07/03/24,NA,NA
2024-25,1610612759,SAS,1642434,Riley Minix,F,NA,Signed on 07/20/24,578577,NA
2024-25,1610612747,LAL,1642439,Quincy Olivari,G,41,Signed on 08/13/24,578577,NA
2024-25,1610612765,DET,1642450,Daniss Jenkins,G,24,Signed on 07/06/24,578577,NA
2024-25,1610612743,DEN,1642461,Spencer Jones,F,21,Signed on 07/30/24,578577,NA
2024-25,1610612739,CLE,1642468,Darius Brown,NA,NA,Signed on 10/14/24,NA,NA
2024-25,1610612742,DAL,1642481,Jamarion Sharp,C,33,Signed on 08/02/24,NA,NA
2024-25,1610612760,OKC,1642502,Malevy Leons,F,NA,Signed on 09/27/24,126356,NA
2024-25,1610612760,OKC,1642504,Cormac Ryan,NA,NA,Signed on 09/27/24,NA,NA
2024-25,1610612760,OKC,1642505,Alex Ducas,G,NA,Signed on 07/15/24,578577,NA
2024-25,1610612748,MIA,1642514,Warren Washington,NA,NA,Signed on 10/10/24,NA,NA
2024-25,1610612763,MEM,1642530,Yuki Kawamura,G,NA,Signed on 09/06/24,578577,NA
2024-25,1610612757,POR,1642697,Nick Muszynski,C,NA,Signed on 10/17/24,NA,NA
