player_name,start_date,region,ailment,status,pred_games_median,pred_games_mean,p_next,p_3,p_10,actual_games,return_seen
LeBron James,2025-10-21,unknown,unknown,Out,5.0,7.0,0.15,0.37,0.78,14,1
Dorian Finney-Smith,2025-10-21,ankle,surgery,Out,10.0,12.8,0.08,0.22,0.53,27,1
Fred VanVleet,2025-10-21,knee_ligament,surgery,Out,72.0,64.0,0.01,0.04,0.11,88,0
Maxi Kleber,2025-10-21,back_core,strain,Out,13.0,22.1,0.05,0.14,0.45,9,1
De'Anthony Melton,2025-10-21,knee_ligament,surgery,Out,59.0,58.2,0.02,0.04,0.12,22,1
Kenrich Williams,2025-10-21,knee,surgery,Out,20.0,27.3,0.03,0.09,0.28,18,1
Isaiah Joe,2025-10-21,knee,contusion,Out,8.0,12.8,0.09,0.23,0.6,5,1
Jae'Sean Tate,2025-10-21,ankle,surgery,Out,25.0,36.2,0.04,0.1,0.27,2,1
Moses Moody,2025-10-21,lower_leg,strain,Out,11.0,16.4,0.05,0.14,0.49,2,1
Jalen Williams,2025-10-21,hand_wrist,surgery,Out,12.0,14.1,0.06,0.17,0.45,19,1
Nikola Topic,2025-10-21,systemic,surgery,Out,70.0,63.2,0.01,0.04,0.12,53,0
Isaiah Crawford,2025-10-21,ankle,sprain,Out,16.0,26.6,0.03,0.1,0.34,2,0
Thomas Sorber,2025-10-21,knee_ligament,surgery,Out,101.0,89.3,0.0,0.01,0.04,97,0
Adou Thiero,2025-10-21,knee,surgery,Out,101.0,84.2,0.01,0.02,0.05,12,0
Alex Toohey,2025-10-21,knee_ligament,soreness,Out,101.0,74.7,0.01,0.03,0.1,9,0
Kyrie Irving,2025-10-22,knee,surgery,Out,17.0,23.3,0.04,0.12,0.35,82,0
Damian Lillard,2025-10-22,achilles,recovery,Out,17.0,21.0,0.06,0.15,0.37,87,0
Kelly Olynyk,2025-10-22,foot,surgery,Out,23.0,29.5,0.03,0.09,0.27,6,1
Kevon Looney,2025-10-22,knee,sprain,Out,19.0,27.9,0.04,0.11,0.33,5,1
Domantas Sabonis,2025-10-22,hamstring,strain,Out,8.0,9.9,0.07,0.2,0.65,1,1
Dejounte Murray,2025-10-22,achilles,rupture_tear,Out,45.0,50.4,0.01,0.04,0.12,58,1
Georges Niang,2025-10-22,foot,fracture,Out,13.0,19.8,0.06,0.16,0.43,51,0
Jayson Tatum,2025-10-22,achilles,surgery,Out,26.0,35.5,0.03,0.08,0.21,62,1
Josh Hart,2025-10-22,back_core,soreness,Out,7.0,10.8,0.11,0.28,0.67,1,1
Mitchell Robinson,2025-10-22,ankle,management,Out,7.0,14.6,0.16,0.32,0.61,4,1
Moritz Wagner,2025-10-22,knee,recovery,Out,44.0,50.9,0.03,0.08,0.2,39,1
Haywood Highsmith,2025-10-22,knee,surgery,Out,23.0,31.7,0.03,0.09,0.27,55,0
Max Strus,2025-10-22,foot,surgery,Out,22.0,25.6,0.04,0.1,0.28,67,1
De'Andre Hunter,2025-10-22,knee,contusion,Out,8.0,14.0,0.09,0.24,0.58,2,1
Coby White,2025-10-22,lower_leg,strain,Out,8.0,9.8,0.08,0.22,0.65,11,1
Tyler Herro,2025-10-22,ankle,surgery,Out,11.0,15.0,0.07,0.19,0.5,17,1
Daniel Gafford,2025-10-22,ankle,sprain,Out,9.0,17.8,0.07,0.19,0.55,5,1
Ty Jerome,2025-10-22,lower_leg,strain,Out,11.0,17.6,0.05,0.15,0.47,46,1
Grant Williams,2025-10-22,knee,surgery,Out,29.0,39.2,0.04,0.09,0.24,38,1
Josh Green,2025-10-22,shoulder,surgery,Out,28.0,38.8,0.03,0.08,0.23,24,1
Jalen Green,2025-10-22,hamstring,strain,Out,7.0,8.1,0.09,0.25,0.74,8,1
Lindy Waters III,2025-10-22,head_face,surgery,Out,11.0,15.9,0.05,0.16,0.5,6,1
Trendon Watford,2025-10-22,hamstring,soreness,Out,7.0,11.1,0.1,0.26,0.65,3,1
Scotty Pippen Jr.,2025-10-22,foot,surgery,Out,19.0,26.7,0.04,0.12,0.31,49,1
Scoot Henderson,2025-10-22,hamstring,rupture_tear,Out,17.0,19.9,0.03,0.09,0.33,51,1
Keegan Murray,2025-10-22,elbow_arm,recovery,Out,10.0,11.9,0.08,0.22,0.54,15,1
Jeremy Sochan,2025-10-22,hand_wrist,sprain,Out,12.0,19.6,0.05,0.15,0.46,6,1
Marcus Sasser,2025-10-22,hip_groin,tendinopathy,Out,9.0,17.1,0.07,0.21,0.54,21,0
Vince Williams Jr.,2025-10-22,foot,soreness,Out,10.0,16.3,0.08,0.21,0.51,5,1
Karlo Matković,2025-10-22,back_core,soreness,Out,5.0,8.2,0.15,0.37,0.78,2,1
Bilal Coulibaly,2025-10-22,hand_wrist,surgery,Out,19.0,25.8,0.04,0.1,0.29,4,1
Zach Edey,2025-10-22,ankle,surgery,Out,12.0,16.9,0.06,0.17,0.46,7,0
Ja'Kobe Walter,2025-10-22,systemic,illness,Out,3.0,5.4,0.2,0.54,0.88,2,0
Isaiah Collier,2025-10-22,hamstring,strain,Out,7.0,8.0,0.08,0.24,0.74,4,0
Jared McCain,2025-10-22,hand_wrist,surgery,Out,28.0,39.6,0.03,0.08,0.23,6,1
Isaac Jones,2025-10-22,systemic,illness,Out,6.0,10.9,0.11,0.32,0.71,1,1
Danny Wolf,2025-10-22,ankle,sprain,Out,101.0,71.1,0.01,0.03,0.12,3,0
T.J. McConnell,2025-10-23,hamstring,strain,Out,8.0,11.4,0.06,0.19,0.64,10,1
Alex Caruso,2025-10-23,head_face,concussion,Out,2.0,2.4,0.43,0.8,0.99,3,1
Quenton Jackson,2025-10-23,hamstring,strain,Out,12.0,20.8,0.04,0.12,0.45,2,1
Cason Wallace,2025-10-23,knee,sprain,Out,3.0,7.1,0.26,0.52,0.81,1,1
Kam Jones,2025-10-23,back_core,fracture,Out,101.0,74.0,0.01,0.03,0.09,24,0
Kristaps Porziņģis,2025-10-24,systemic,unknown,Out,3.0,5.5,0.3,0.63,0.87,2,1
Caris LeVert,2025-10-24,knee,soreness,Probable,3.0,6.8,0.35,0.59,0.82,3,1
Brandon Clarke,2025-10-24,knee,surgery,Out,14.0,25.0,0.06,0.16,0.4,25,1
Jaxson Hayes,2025-10-24,knee,soreness,Out,6.0,11.9,0.15,0.34,0.66,3,1
Kevin Porter Jr.,2025-10-24,ankle,sprain,Out,5.0,8.1,0.14,0.39,0.77,19,1
Zaccharie Risacher,2025-10-24,ankle,sprain,Questionable,2.0,6.1,0.33,0.62,0.86,2,1
Yves Missi,2025-10-24,ankle,sprain,Questionable,2.0,5.2,0.41,0.68,0.89,1,1
Drake Powell,2025-10-24,ankle,sprain,Out,10.0,23.4,0.06,0.18,0.5,2,0
Paul George,2025-10-25,knee,surgery,Out,9.0,11.8,0.09,0.24,0.57,11,1
Zach Collins,2025-10-25,hand_wrist,fracture,Out,12.0,16.4,0.06,0.16,0.45,20,1
Andrew Nembhard,2025-10-25,shoulder,strain,Out,8.0,13.7,0.09,0.25,0.59,7,1
Tyrese Haliburton,2025-10-25,achilles,rupture_tear,Out,32.0,41.7,0.02,0.06,0.2,81,0
Jalen Johnson,2025-10-25,ankle,sprain,Out,3.0,7.2,0.33,0.56,0.82,1,1
Mark Williams,2025-10-25,knee,management,Out,1.0,2.7,0.75,0.88,0.95,1,1
Johnny Furphy,2025-10-25,foot,soreness,Out,17.0,29.5,0.04,0.12,0.34,4,1
Bradley Beal,2025-10-26,back_core,soreness,Out,3.0,6.7,0.28,0.52,0.8,2,1
Kyle Kuzma,2025-10-26,ankle,sprain,Out,4.0,7.1,0.21,0.46,0.81,1,1
Luke Kornet,2025-10-26,ankle,sprain,Out,2.0,3.0,0.43,0.77,0.96,7,1
Darius Garland,2025-10-26,foot,illness,Out,5.0,9.6,0.14,0.39,0.71,5,1
Cole Anthony,2025-10-26,systemic,illness,Out,1.0,2.3,0.51,0.88,0.98,1,1
Bennedict Mathurin,2025-10-26,foot,sprain,Out,3.0,6.4,0.37,0.56,0.81,11,1
Brandon Miller,2025-10-26,shoulder,soreness,Out,4.0,9.2,0.26,0.48,0.76,13,1
Jordan Miller,2025-10-26,hamstring,strain,Out,12.0,20.1,0.03,0.11,0.44,8,1
Rob Dillingham,2025-10-26,head_face,fracture,Out,13.0,20.1,0.05,0.15,0.42,1,1
Kobe Sanders,2025-10-26,knee,soreness,Out,14.0,28.7,0.08,0.2,0.42,6,0
Taelon Peter,2025-10-26,hip_groin,strain,Out,13.0,26.7,0.07,0.16,0.44,2,1
Marcus Smart,2025-10-27,quad,contusion,Out,1.0,1.5,0.77,0.94,0.99,2,1
Joel Embiid,2025-10-27,knee,management,Out,1.0,1.7,0.83,0.93,0.98,1,1
Dillon Brooks,2025-10-27,hip_groin,soreness,Questionable,2.0,5.4,0.39,0.66,0.88,6,1
Gabe Vincent,2025-10-27,ankle,sprain,Out,3.0,4.5,0.33,0.6,0.9,11,1
Zion Williamson,2025-10-27,foot,contusion,Out,2.0,4.9,0.41,0.68,0.88,1,1
Matisse Thybulle,2025-10-27,hip_groin,soreness,Out,2.0,5.9,0.39,0.62,0.86,1,1
Anthony Edwards,2025-10-27,hamstring,strain,Out,5.0,6.2,0.15,0.39,0.86,4,1
Ziaire Williams,2025-10-27,hip_groin,contusion,Out,2.0,4.6,0.44,0.71,0.9,2,1
Jaden Ivey,2025-10-27,knee,surgery,Out,22.0,31.6,0.04,0.11,0.28,11,0
Dereck Lively II,2025-10-27,knee,contusion,Out,2.0,9.6,0.37,0.57,0.76,9,1
Jaylen Clark,2025-10-27,lower_leg,soreness,Out,4.0,9.7,0.3,0.49,0.74,2,1
Norman Powell,2025-10-28,hip_groin,soreness,Out,1.0,3.1,0.51,0.78,0.95,3,1
Guerschon Yabusele,2025-10-28,knee,sprain,Out,5.0,11.3,0.18,0.36,0.69,1,1
Chet Holmgren,2025-10-28,back_core,soreness,Out,1.0,1.8,0.74,0.92,0.99,3,1
Dominick Barlow,2025-10-28,elbow_arm,contusion,Out,3.0,6.8,0.32,0.53,0.82,8,1
Danté Exum,2025-10-29,knee,management,Out,9.0,18.1,0.13,0.28,0.54,46,0
Jakob Pöltl,2025-10-29,back_core,soreness,Doubtful,1.0,2.9,0.52,0.79,0.96,3,1
Obi Toppin,2025-10-29,foot,fracture,Out,18.0,28.7,0.07,0.16,0.36,56,1
Sam Merrill,2025-10-29,hip_groin,contusion,Out,2.0,4.0,0.37,0.7,0.92,3,1
Kris Murray,2025-10-29,systemic,unknown,Questionable,1.0,3.1,0.5,0.84,0.95,1,1
Giannis Antetokounmpo,2025-10-30,knee,soreness,Out,1.0,2.1,0.64,0.87,0.98,1,1
Jalen Suggs,2025-10-30,knee,management,Out,1.0,2.3,0.8,0.92,0.97,1,1
Donovan Mitchell,2025-10-31,hamstring,soreness,Questionable,1.0,2.1,0.58,0.88,0.98,1,1
Trae Young,2025-10-31,knee,sprain,Out,5.0,7.6,0.14,0.4,0.78,22,1
Matisse Thybulle,2025-10-31,hand_wrist,sprain,Out,10.0,18.5,0.1,0.24,0.52,51,1
GG Jackson,2025-10-31,systemic,illness,Questionable,2.0,3.2,0.34,0.77,0.96,1,0
Anthony Davis,2025-11-01,lower_leg,strain,Out,8.0,11.0,0.1,0.25,0.61,14,1
Joel Embiid,2025-11-02,knee,recovery,Out,1.0,2.4,0.64,0.86,0.96,1,1
Deandre Ayton,2025-11-02,back_core,soreness,Out,2.0,3.1,0.44,0.75,0.96,1,1
Luguentz Dort,2025-11-02,systemic,illness,Out,1.0,2.1,0.56,0.89,0.98,1,1
Ayo Dosunmu,2025-11-02,quad,contusion,Out,2.0,3.2,0.49,0.78,0.95,2,1
Isaiah Livers,2025-11-02,hip_groin,contusion,Out,3.0,6.5,0.25,0.52,0.83,1,1
Keaton Wallace,2025-11-02,systemic,unknown,Out,3.0,6.5,0.23,0.57,0.85,1,1
Walker Kessler,2025-11-02,shoulder,tendinopathy,Out,4.0,11.3,0.28,0.49,0.73,77,0
Danny Wolf,2025-11-02,ankle,sprain,Out,86.0,65.4,0.01,0.04,0.13,1,1
Tobias Harris,2025-11-03,ankle,sprain,Questionable,1.0,2.2,0.54,0.87,0.99,9,1
Khris Middleton,2025-11-03,elbow_arm,contusion,Questionable,2.0,3.2,0.47,0.76,0.95,2,1
Mitchell Robinson,2025-11-03,ankle,unknown,Out,3.0,8.3,0.35,0.58,0.81,1,1
Luka Dončić,2025-11-03,unknown,contusion,Out,1.0,1.2,0.88,0.98,1.0,1,1
Austin Reaves,2025-11-03,hip_groin,soreness,Out,1.0,1.6,0.74,0.93,0.99,3,1
Jabari Smith Jr.,2025-11-03,ankle,sprain,Questionable,2.0,2.5,0.49,0.83,0.97,1,1
Blake Wesley,2025-11-03,foot,fracture,Out,17.0,29.2,0.07,0.19,0.39,43,1
Drake Powell,2025-11-03,ankle,sprain,Out,12.0,26.2,0.08,0.21,0.47,2,1
Al Horford,2025-11-04,foot,management,Out,1.0,2.1,0.77,0.89,0.97,1,1
Kawhi Leonard,2025-11-04,ankle,sprain,Out,1.0,2.3,0.58,0.84,0.98,10,1
Zion Williamson,2025-11-04,hamstring,strain,Out,5.0,7.2,0.18,0.4,0.79,8,1
Yves Missi,2025-11-04,systemic,illness,Out,2.0,2.3,0.5,0.89,0.98,4,1
Stephen Curry,2025-11-05,systemic,illness,Out,1.0,1.3,0.8,0.98,1.0,3,1
Jimmy Butler III,2025-11-05,back_core,strain,Out,3.0,4.5,0.26,0.51,0.92,1,1
Draymond Green,2025-11-05,back_core,contusion,Out,1.0,1.5,0.79,0.95,1.0,1,1
Zach LaVine,2025-11-05,back_core,soreness,Questionable,1.0,3.0,0.53,0.8,0.95,1,1
Joel Embiid,2025-11-05,knee,recovery,Out,1.0,1.4,0.82,0.96,0.99,1,1
Domantas Sabonis,2025-11-05,unknown,contusion,Questionable,1.0,3.3,0.52,0.79,0.94,2,1
De'Andre Hunter,2025-11-05,systemic,illness,Questionable,1.0,1.7,0.65,0.94,0.99,1,1
Luguentz Dort,2025-11-05,unknown,strain,Out,4.0,6.2,0.21,0.44,0.84,5,1
Jordan Poole,2025-11-05,knee,soreness,Questionable,1.0,4.5,0.59,0.76,0.89,18,1
Terrence Shannon Jr.,2025-11-05,foot,soreness,Questionable,2.0,4.4,0.36,0.67,0.91,9,1
Chet Holmgren,2025-11-05,back_core,sprain,Out,1.0,2.8,0.54,0.8,0.96,1,1
Quenton Jackson,2025-11-05,hamstring,strain,Out,7.0,11.8,0.14,0.31,0.67,17,0
Zach Edey,2025-11-05,ankle,surgery,Out,16.0,21.3,0.05,0.14,0.38,5,1
Jared McCain,2025-11-05,knee,recovery,Out,2.0,4.6,0.49,0.72,0.89,1,0
Johnny Furphy,2025-11-05,ankle,sprain,Out,8.0,18.5,0.12,0.27,0.57,14,1
Dylan Harper,2025-11-05,lower_leg,strain,Out,8.0,13.7,0.09,0.25,0.64,10,1
Al Horford,2025-11-07,foot,soreness,Out,2.0,4.0,0.44,0.69,0.9,1,1
Taurean Prince,2025-11-07,neck,strain,Out,5.0,9.2,0.15,0.35,0.74,55,1
Luke Kennard,2025-11-07,systemic,illness,Out,1.0,2.2,0.51,0.89,0.98,2,1
Bam Adebayo,2025-11-07,foot,sprain,Out,7.0,14.6,0.11,0.28,0.6,6,1
Collin Sexton,2025-11-07,neck,strain,Out,5.0,9.6,0.2,0.38,0.72,1,1
Dean Wade,2025-11-07,head_face,contusion,Out,2.0,3.2,0.4,0.71,0.96,1,1
Cam Thomas,2025-11-07,hamstring,strain,Out,7.0,11.6,0.09,0.25,0.65,20,1
Aaron Wiggins,2025-11-07,hip_groin,strain,Out,4.0,6.4,0.2,0.44,0.84,11,1
Bilal Coulibaly,2025-11-07,lower_leg,soreness,Out,5.0,12.3,0.17,0.34,0.69,4,1
Kyshawn George,2025-11-07,systemic,illness,Out,1.0,2.2,0.51,0.88,0.98,1,1
Klay Thompson,2025-11-08,systemic,illness,Out,1.0,1.4,0.77,0.98,1.0,1,1
Khris Middleton,2025-11-08,knee,management,Out,1.0,1.4,0.89,0.97,0.99,1,1
Aaron Gordon,2025-11-08,hamstring,management,Out,1.0,1.3,0.89,0.97,1.0,1,1
Larry Nance Jr.,2025-11-08,knee,contusion,Out,1.0,2.1,0.65,0.88,0.98,2,1
Jamal Murray,2025-11-08,lower_leg,soreness,Out,1.0,1.6,0.79,0.94,0.99,1,1
Jakob Pöltl,2025-11-08,back_core,management,Out,1.0,1.4,0.87,0.96,0.99,1,1
Nickeil Alexander-Walker,2025-11-08,back_core,soreness,Out,1.0,2.4,0.67,0.86,0.97,2,1
Jalen Johnson,2025-11-08,quad,contusion,Out,1.0,3.2,0.6,0.81,0.95,1,1
Johni Broome,2025-11-08,ankle,sprain,Out,9.0,18.2,0.07,0.22,0.54,3,0
Joel Embiid,2025-11-09,knee,management,Out,1.0,1.3,0.9,0.97,0.99,9,1
Aaron Nesmith,2025-11-09,elbow_arm,contusion,Out,1.0,3.4,0.57,0.77,0.93,1,1
Isaiah Stewart,2025-11-09,ankle,sprain,Out,4.0,6.0,0.19,0.47,0.86,3,1
Javon Small,2025-11-09,foot,soreness,Out,8.0,20.9,0.11,0.3,0.55,19,1
Bradley Beal,2025-11-10,hip_groin,soreness,Questionable,2.0,2.9,0.46,0.76,0.96,73,0
Caris LeVert,2025-11-10,knee,management,Out,1.0,1.4,0.88,0.97,0.99,1,1
Josh Giddey,2025-11-10,ankle,sprain,Questionable,1.0,2.0,0.59,0.91,0.99,2,1
Jalen Suggs,2025-11-10,knee,management,Out,1.0,1.8,0.84,0.94,0.98,1,1
Ausar Thompson,2025-11-10,ankle,sprain,Out,2.0,3.0,0.47,0.78,0.96,4,1
Ochai Agbaji,2025-11-11,back_core,soreness,Out,5.0,9.4,0.18,0.4,0.74,5,1
Day'Ron Sharpe,2025-11-11,hip_groin,contusion,Out,3.0,4.9,0.33,0.6,0.89,1,1
Sandro Mamukelashvili,2025-11-11,neck,contusion,Out,2.0,4.5,0.38,0.67,0.91,1,1
Taylor Hendricks,2025-11-11,hamstring,soreness,Out,3.0,6.4,0.25,0.53,0.85,4,1
Devin Carter,2025-11-11,systemic,illness,Out,3.0,6.9,0.24,0.6,0.85,1,1
Giannis Antetokounmpo,2025-11-12,knee_ligament,unknown,Out,2.0,6.0,0.35,0.61,0.83,1,1
Zach LaVine,2025-11-12,quad,contusion,Out,1.0,2.2,0.7,0.89,0.97,1,1
Malik Monk,2025-11-12,ankle,soreness,Questionable,1.0,3.0,0.59,0.84,0.95,1,1
Ja Morant,2025-11-12,ankle,soreness,Out,1.0,1.5,0.81,0.95,0.99,1,1
Jalen Green,2025-11-12,hamstring,strain,Out,6.0,8.6,0.11,0.28,0.72,32,1
Cade Cunningham,2025-11-12,hip_groin,contusion,Out,1.0,1.9,0.6,0.88,0.99,3,1
Jalen Duren,2025-11-12,ankle,sprain,Out,2.0,2.7,0.43,0.76,0.97,2,1
Jaylon Tyson,2025-11-12,head_face,concussion,Out,2.0,2.6,0.41,0.79,0.99,5,1
Kyle Anderson,2025-11-13,unknown,unknown,Out,5.0,13.4,0.17,0.38,0.67,2,1
Cody Martin,2025-11-13,systemic,illness,Out,2.0,2.5,0.41,0.86,0.98,1,0
Darius Garland,2025-11-13,foot,management,Out,1.0,2.5,0.71,0.86,0.96,4,1
Mark Williams,2025-11-13,knee,management,Out,1.0,1.6,0.85,0.94,0.98,1,1
Collin Murray-Boyles,2025-11-13,systemic,illness,Questionable,1.0,1.7,0.62,0.95,1.0,1,1
Jalen Brunson,2025-11-14,ankle,sprain,Out,2.0,3.9,0.39,0.69,0.92,2,1
P.J. Washington,2025-11-14,shoulder,strain,Out,7.0,13.7,0.09,0.24,0.61,1,1
Paolo Banchero,2025-11-14,hip_groin,strain,Out,7.0,10.6,0.09,0.25,0.7,10,1
Liam McNeeley,2025-11-14,systemic,illness,Out,2.0,2.9,0.39,0.81,0.97,4,1
Marcus Smart,2025-11-15,systemic,unknown,Out,1.0,1.7,0.66,0.95,0.99,1,1
Rui Hachimura,2025-11-15,lower_leg,soreness,Out,1.0,1.5,0.75,0.96,0.99,1,1
Cameron Johnson,2025-11-15,shoulder,strain,Out,6.0,10.7,0.1,0.28,0.68,1,1
Aaron Nesmith,2025-11-15,knee,sprain,Out,9.0,17.4,0.11,0.25,0.55,19,1
Jaylin Williams,2025-11-15,shoulder,soreness,Out,3.0,5.9,0.31,0.59,0.86,1,1
Christian Braun,2025-11-15,ankle,sprain,Out,4.0,6.8,0.21,0.47,0.84,23,1
Olivier-Maxence Prosper,2025-11-15,quad,contusion,Out,4.0,8.1,0.27,0.49,0.78,1,0
Jamison Battle,2025-11-15,knee,contusion,Out,8.0,17.4,0.12,0.29,0.57,1,0
Jrue Holiday,2025-11-16,lower_leg,soreness,Out,2.0,3.7,0.44,0.69,0.93,27,1
Kristaps Porziņģis,2025-11-16,knee,soreness,Out,3.0,6.8,0.35,0.57,0.81,2,1
Tre Jones,2025-11-16,ankle,tendinopathy,Out,1.0,2.7,0.5,0.8,0.97,3,1
Jalen Suggs,2025-11-16,hip_groin,soreness,Out,3.0,7.0,0.31,0.55,0.82,1,1
Tari Eason,2025-11-16,back_core,strain,Out,5.0,7.0,0.18,0.4,0.83,14,1
Victor Wembanyama,2025-11-16,lower_leg,soreness,Out,2.0,3.3,0.49,0.78,0.94,12,1
Devin Carter,2025-11-16,systemic,illness,Out,2.0,5.1,0.35,0.72,0.9,1,0
Ryan Nembhard,2025-11-16,knee,sprain,Out,29.0,45.2,0.03,0.09,0.27,5,1
Kelly Oubre Jr.,2025-11-17,knee,sprain,Out,7.0,13.0,0.13,0.32,0.62,22,1
Derrick Jones Jr.,2025-11-17,knee,soreness,Out,2.0,5.1,0.43,0.64,0.86,17,1
Daniel Gafford,2025-11-17,ankle,management,Out,1.0,1.4,0.88,0.96,0.99,1,1
Saddiq Bey,2025-11-17,ankle,sprain,Out,3.0,7.5,0.32,0.54,0.81,1,1
Julian Strawther,2025-11-17,back_core,soreness,Out,5.0,10.1,0.16,0.39,0.75,13,1
Dereck Lively II,2025-11-17,knee,management,Out,1.0,2.9,0.74,0.88,0.95,1,1
Adem Bona,2025-11-17,ankle,sprain,Out,5.0,10.3,0.14,0.39,0.73,5,1
Bobi Klintman,2025-11-17,ankle,sprain,Out,6.0,13.5,0.12,0.34,0.65,11,0
Jordan Miller,2025-11-17,hamstring,soreness,Out,4.0,7.3,0.29,0.48,0.79,7,1
Caris LeVert,2025-11-18,ankle,sprain,Out,1.0,2.6,0.54,0.79,0.98,1,1
Jordan McLaughlin,2025-11-18,hamstring,soreness,Out,7.0,10.0,0.08,0.24,0.66,10,1
Ja Morant,2025-11-18,lower_leg,strain,Out,10.0,17.3,0.08,0.21,0.56,10,1
Jonathan Kuminga,2025-11-18,knee_ligament,tendinopathy,Out,3.0,7.7,0.22,0.51,0.82,5,1
Zaccharie Risacher,2025-11-18,hip_groin,contusion,Questionable,2.0,2.9,0.49,0.81,0.96,1,1
Kyle Filipowski,2025-11-18,hand_wrist,sprain,Questionable,2.0,5.1,0.46,0.7,0.89,1,1
Ben Saraf,2025-11-18,ankle,sprain,Out,7.0,18.4,0.1,0.26,0.63,4,0
Al Horford,2025-11-19,foot,management,Out,1.0,1.2,0.92,0.98,1.0,1,1
Stephen Curry,2025-11-19,ankle,soreness,Out,1.0,1.5,0.78,0.94,1.0,1,1
Paul George,2025-11-19,knee,recovery,Out,1.0,1.6,0.75,0.94,0.99,1,1
Jimmy Butler III,2025-11-19,back_core,strain,Out,1.0,2.1,0.59,0.84,0.99,1,1
Draymond Green,2025-11-19,systemic,illness,Out,1.0,1.4,0.78,0.97,1.0,1,1
Aaron Gordon,2025-11-19,hamstring,management,Questionable,1.0,1.6,0.75,0.92,0.99,1,1
Domantas Sabonis,2025-11-19,knee,soreness,Out,2.0,5.0,0.44,0.67,0.88,27,1
Caleb Martin,2025-11-19,systemic,illness,Questionable,1.0,2.1,0.54,0.89,0.99,1,1
Robert Williams III,2025-11-19,knee,management,Out,1.0,1.6,0.82,0.95,0.99,1,1
Jaden McDaniels,2025-11-19,hand_wrist,sprain,Out,4.0,6.7,0.2,0.47,0.81,1,1
Sam Merrill,2025-11-19,hand_wrist,sprain,Questionable,1.0,2.3,0.53,0.86,0.98,14,1
Tre Mann,2025-11-19,ankle,soreness,Doubtful,1.0,2.2,0.61,0.89,0.98,2,1
Shaedon Sharpe,2025-11-19,lower_leg,soreness,Out,1.0,3.8,0.56,0.77,0.93,4,1
Nikola Jović,2025-11-19,hip_groin,tendinopathy,Questionable,2.0,3.3,0.43,0.76,0.95,5,1
Karlo Matković,2025-11-19,lower_leg,strain,Out,7.0,12.3,0.11,0.28,0.64,8,1
Alex Sarr,2025-11-19,foot,soreness,Questionable,2.0,4.7,0.38,0.7,0.9,2,1
Cooper Flagg,2025-11-19,systemic,illness,Questionable,1.0,1.6,0.65,0.95,1.0,1,1
Collin Murray-Boyles,2025-11-19,knee_ligament,sprain,Doubtful,3.0,10.7,0.27,0.56,0.77,2,1
Giannis Antetokounmpo,2025-11-20,hip_groin,strain,Out,5.0,7.6,0.13,0.34,0.81,4,1
Jaren Jackson Jr.,2025-11-20,ankle,sprain,Out,3.0,7.1,0.26,0.52,0.84,2,1
Stephon Castle,2025-11-20,hip_groin,strain,Out,5.0,8.4,0.16,0.38,0.76,8,1
Andrew Wiggins,2025-11-21,hip_groin,strain,Out,3.0,3.8,0.3,0.59,0.96,3,1
D'Angelo Russell,2025-11-21,systemic,illness,Out,1.0,2.0,0.54,0.93,0.99,2,1
Marvin Bagley III,2025-11-21,hip_groin,contusion,Out,2.0,4.5,0.34,0.66,0.91,3,0
Coby White,2025-11-21,lower_leg,strain,Out,3.0,6.0,0.36,0.56,0.85,1,1
Trentyn Flowers,2025-11-21,systemic,illness,Out,16.0,32.6,0.05,0.14,0.41,3,0
AJ Johnson,2025-11-21,ankle,contusion,Out,5.0,11.2,0.14,0.38,0.74,2,0
Rasheer Fleming,2025-11-21,ankle,sprain,Out,9.0,21.3,0.09,0.22,0.56,2,1
Khris Middleton,2025-11-22,knee,management,Out,1.0,1.5,0.87,0.95,0.99,1,1
Aaron Gordon,2025-11-22,hamstring,strain,Out,4.0,5.3,0.19,0.49,0.9,19,1
Bogdan Bogdanović,2025-11-22,hip_groin,soreness,Out,4.0,8.1,0.22,0.47,0.79,8,1
Zion Williamson,2025-11-22,hamstring,management,Out,1.0,1.4,0.88,0.96,0.99,1,1
Onyeka Okongwu,2025-11-22,ankle,tendinopathy,Questionable,1.0,1.9,0.62,0.92,0.99,1,1
Isaac Okoro,2025-11-22,back_core,unknown,Out,3.0,7.5,0.29,0.56,0.82,8,1
Patrick Williams,2025-11-22,hand_wrist,sprain,Out,2.0,6.0,0.29,0.58,0.85,1,1
Herbert Jones,2025-11-22,lower_leg,soreness,Out,1.0,1.9,0.7,0.9,0.98,8,1
Dalen Terry,2025-11-22,lower_leg,strain,Out,8.0,17.3,0.11,0.27,0.58,5,1
Dereck Lively II,2025-11-22,knee,unknown,Out,3.0,12.7,0.32,0.53,0.73,65,0
Tre Johnson,2025-11-22,hip_groin,soreness,Out,1.0,4.7,0.5,0.74,0.92,7,1
Pat Connaughton,2025-11-23,lower_leg,strain,Out,7.0,12.1,0.17,0.33,0.66,11,1
Jakob Pöltl,2025-11-23,back_core,management,Out,1.0,1.7,0.79,0.92,0.99,1,1
Luke Kennard,2025-11-23,hip_groin,tendinopathy,Out,2.0,4.8,0.46,0.67,0.9,1,1
Wendell Carter Jr.,2025-11-23,ankle,sprain,Out,2.0,2.4,0.49,0.84,0.99,1,1
Goga Bitadze,2025-11-23,ankle,soreness,Out,1.0,3.1,0.54,0.81,0.95,1,1
Robert Williams III,2025-11-23,knee,management,Out,1.0,3.6,0.72,0.86,0.93,1,1
Jalen Suggs,2025-11-23,knee,management,Out,1.0,1.5,0.88,0.96,0.99,1,1
Brandon Miller,2025-11-23,shoulder,management,Out,1.0,1.7,0.84,0.94,0.98,1,1
Ryan Kalkbrenner,2025-11-23,ankle,sprain,Out,3.0,7.4,0.27,0.51,0.85,1,1
Craig Porter Jr.,2025-11-23,hamstring,strain,Out,5.0,7.1,0.1,0.36,0.83,3,1
Ryan Dunn,2025-11-23,hand_wrist,sprain,Out,5.0,9.5,0.18,0.38,0.75,5,1
N'Faly Dante,2025-11-23,knee_ligament,sprain,Out,42.0,51.7,0.02,0.06,0.23,1,0
VJ Edgecombe,2025-11-23,lower_leg,soreness,Out,2.0,3.4,0.47,0.76,0.95,3,1
Al Horford,2025-11-24,unknown,tendinopathy,Out,2.0,5.3,0.32,0.62,0.87,4,1
Nikola Vučević,2025-11-24,knee,soreness,Questionable,1.0,2.1,0.71,0.89,0.98,1,1
Draymond Green,2025-11-24,foot,sprain,Questionable,1.0,2.3,0.53,0.88,0.98,1,1
Kevon Looney,2025-11-24,foot,contusion,Questionable,3.0,9.4,0.29,0.56,0.79,1,0
Norman Powell,2025-11-24,hip_groin,strain,Out,1.0,2.7,0.5,0.76,0.98,1,1
Jarrett Allen,2025-11-24,hand_wrist,strain,Out,2.0,4.3,0.39,0.6,0.92,1,1
Kevin Huerter,2025-11-24,hip_groin,illness,Questionable,1.0,1.9,0.66,0.91,0.99,1,1
Mitchell Robinson,2025-11-24,systemic,illness,Questionable,1.0,1.5,0.68,0.96,1.0,1,1
Landry Shamet,2025-11-24,shoulder,sprain,Out,7.0,11.3,0.12,0.29,0.68,25,1
RJ Barrett,2025-11-24,knee,sprain,Out,3.0,5.3,0.28,0.59,0.9,15,1
Darius Garland,2025-11-24,foot,management,Out,1.0,1.5,0.85,0.95,0.99,1,1
Dean Wade,2025-11-24,knee,dislocation,Out,2.0,5.2,0.4,0.62,0.86,1,1
Mark Williams,2025-11-24,knee,management,Out,1.0,1.5,0.86,0.96,0.99,1,1
Paul George,2025-11-25,ankle,sprain,Out,4.0,5.2,0.24,0.48,0.9,1,1
Jonathan Isaac,2025-11-25,back_core,soreness,Out,5.0,10.0,0.19,0.41,0.75,1,1
Deandre Ayton,2025-11-25,knee,contusion,Out,2.0,5.3,0.39,0.61,0.88,1,1
Kyshawn George,2025-11-25,systemic,illness,Out,1.0,2.2,0.56,0.88,0.98,1,1
Dennis Schröder,2025-11-26,hip_groin,soreness,Questionable,2.0,4.4,0.38,0.7,0.91,7,1
OG Anunoby,2025-11-26,hamstring,strain,Out,8.0,9.8,0.05,0.16,0.72,5,1
Neemias Queta,2025-11-26,ankle,sprain,Out,5.0,8.9,0.2,0.41,0.8,1,1
Marcus Smart,2025-11-28,back_core,soreness,Questionable,1.0,2.2,0.56,0.87,0.98,6,1
Kristaps Porziņģis,2025-11-28,systemic,illness,Questionable,1.0,1.6,0.68,0.95,1.0,4,1
Isaiah Hartenstein,2025-11-28,ankle,soreness,Out,1.0,2.0,0.62,0.88,0.99,6,1
Michael Porter Jr.,2025-11-28,back_core,soreness,Out,2.0,3.3,0.47,0.72,0.95,2,1
Andrew Nembhard,2025-11-28,quad,contusion,Questionable,2.0,3.4,0.5,0.78,0.94,1,1
Corey Kispert,2025-11-28,hand_wrist,fracture,Out,17.0,22.6,0.1,0.19,0.4,10,1
Trendon Watford,2025-11-28,hip_groin,strain,Out,5.0,6.7,0.14,0.39,0.86,17,1
Isaiah Livers,2025-11-28,hip_groin,soreness,Out,4.0,8.3,0.19,0.45,0.79,8,0
N'Faly Dante,2025-11-28,knee_ligament,sprain,Out,33.0,47.2,0.02,0.06,0.23,1,0
Caris LeVert,2025-11-29,knee,soreness,Out,1.0,3.2,0.6,0.77,0.95,1,1
Coby White,2025-11-29,lower_leg,strain,Out,1.0,2.9,0.6,0.79,0.95,3,1
Daniel Gafford,2025-11-29,ankle,management,Out,1.0,1.3,0.89,0.97,1.0,2,1
Jalen Smith,2025-11-29,hamstring,strain,Out,4.0,5.5,0.25,0.48,0.88,5,1
Trey Murphy III,2025-11-29,elbow_arm,soreness,Out,2.0,4.3,0.39,0.66,0.91,2,1
Mark Williams,2025-11-29,lower_leg,soreness,Out,2.0,4.3,0.42,0.72,0.9,1,1
Jaime Jaquez Jr.,2025-11-29,hip_groin,strain,Out,5.0,5.5,0.15,0.37,0.9,1,1
Trayce Jackson-Davis,2025-11-29,knee,soreness,Out,6.0,16.0,0.21,0.36,0.63,2,1
Jordan Hawkins,2025-11-29,systemic,illness,Out,2.0,2.5,0.47,0.87,0.98,2,1
Julian Phillips,2025-11-29,systemic,illness,Out,2.0,7.0,0.3,0.65,0.86,1,1
Noa Essengue,2025-11-29,shoulder,contusion,Out,13.0,28.0,0.09,0.22,0.46,64,0
LeBron James,2025-11-30,foot,unknown,Out,1.0,2.4,0.58,0.85,0.97,1,1
Larry Nance Jr.,2025-11-30,lower_leg,strain,Out,6.0,10.2,0.09,0.23,0.7,18,0
Jakob Pöltl,2025-11-30,back_core,management,Out,1.0,1.2,0.9,0.98,1.0,1,1
Alex Caruso,2025-11-30,quad,soreness,Out,2.0,3.9,0.43,0.69,0.92,4,1
Derrick White,2025-11-30,lower_leg,contusion,Out,1.0,1.8,0.76,0.91,0.99,1,1
Zion Williamson,2025-11-30,hamstring,management,Out,1.0,1.5,0.87,0.95,0.99,6,1
Jacob Toppin,2025-11-30,shoulder,sprain,Out,13.0,24.0,0.05,0.15,0.44,7,0
Donovan Clingan,2025-11-30,systemic,unknown,Out,2.0,4.5,0.33,0.68,0.91,1,1
Gary Harris,2025-12-01,achilles,soreness,Out,4.0,6.5,0.25,0.49,0.83,2,1
Lonzo Ball,2025-12-01,systemic,illness,Out,1.0,1.8,0.59,0.93,0.99,1,1
Grayson Allen,2025-12-01,systemic,illness,Out,1.0,2.4,0.53,0.83,0.97,1,1
P.J. Washington,2025-12-01,ankle,sprain,Out,4.0,7.2,0.24,0.46,0.85,3,1
Duncan Robinson,2025-12-01,ankle,sprain,Out,1.0,2.0,0.54,0.83,1.0,2,1
Terance Mann,2025-12-01,back_core,soreness,Out,4.0,8.3,0.23,0.44,0.82,2,1
Darius Garland,2025-12-01,foot,management,Out,1.0,1.4,0.88,0.96,0.99,1,1
Sharife Cooper,2025-12-01,lower_leg,strain,Out,14.0,26.9,0.05,0.13,0.41,4,0
Tre Mann,2025-12-01,ankle,tendinopathy,Out,4.0,13.3,0.17,0.35,0.73,7,1
Brandon Miller,2025-12-01,shoulder,dislocation,Out,14.0,28.8,0.09,0.2,0.44,2,1
Alex Sarr,2025-12-01,hip_groin,soreness,Out,4.0,7.6,0.25,0.45,0.83,6,1
Keshad Johnson,2025-12-01,head_face,illness,Out,2.0,3.5,0.31,0.68,0.96,2,0
Stephen Curry,2025-12-02,quad,contusion,Out,1.0,2.1,0.57,0.84,0.99,4,1
Khris Middleton,2025-12-02,knee,management,Out,1.0,1.3,0.88,0.98,1.0,1,1
Joel Embiid,2025-12-02,knee,recovery,Out,1.0,2.5,0.63,0.87,0.96,1,1
Luguentz Dort,2025-12-02,hip_groin,strain,Out,3.0,4.8,0.26,0.53,0.91,3,1
Quentin Grimes,2025-12-02,lower_leg,soreness,Out,2.0,3.5,0.44,0.67,0.94,1,1
Yves Missi,2025-12-02,ankle,soreness,Out,3.0,7.0,0.29,0.53,0.84,2,1
Alex Toohey,2025-12-02,knee,recovery,Out,101.0,76.5,0.01,0.03,0.08,4,0
Norman Powell,2025-12-03,ankle,sprain,Questionable,1.0,1.9,0.56,0.91,0.99,1,1
Kevin Huerter,2025-12-03,hamstring,strain,Out,5.0,9.4,0.09,0.37,0.75,4,1
Mitchell Robinson,2025-12-03,ankle,management,Out,1.0,1.5,0.83,0.95,0.99,1,1
Robert Williams III,2025-12-03,knee,management,Out,1.0,1.8,0.84,0.95,0.98,1,1
Tre Jones,2025-12-03,ankle,sprain,Questionable,1.0,2.4,0.51,0.9,0.98,3,1
Jalen Johnson,2025-12-03,lower_leg,soreness,Out,2.0,2.2,0.47,0.93,0.99,1,1
Kris Murray,2025-12-03,hip_groin,contusion,Out,2.0,5.2,0.42,0.7,0.89,1,1
Jordan Miller,2025-12-03,back_core,soreness,Questionable,3.0,8.1,0.24,0.54,0.79,3,0
Paul George,2025-12-04,knee,recovery,Out,1.0,1.8,0.7,0.93,0.99,1,1
Jimmy Butler III,2025-12-04,knee,soreness,Out,3.0,4.4,0.29,0.72,0.92,2,1
Jusuf Nurkić,2025-12-04,back_core,contusion,Out,3.0,5.3,0.34,0.72,0.89,1,1
Jakob Pöltl,2025-12-04,back_core,management,Out,1.0,1.9,0.78,0.89,0.98,1,1
Jaylen Brown,2025-12-04,systemic,illness,Out,1.0,1.6,0.64,0.96,1.0,1,1
Michael Porter Jr.,2025-12-04,back_core,management,Out,1.0,1.5,0.83,0.97,0.99,1,1
Bilal Coulibaly,2025-12-04,back_core,strain,Out,2.0,6.7,0.14,0.62,0.84,4,1
Drake Powell,2025-12-04,knee,management,Out,1.0,2.0,0.71,0.93,0.98,1,1
LeBron James,2025-12-05,foot,unknown,Out,1.0,1.4,0.77,0.96,1.0,1,1
Giannis Antetokounmpo,2025-12-05,lower_leg,strain,Out,5.0,10.7,0.11,0.33,0.68,8,1
Devin Booker,2025-12-05,hip_groin,strain,Out,3.0,4.2,0.22,0.56,0.94,3,1
Luke Kornet,2025-12-05,ankle,soreness,Out,1.0,2.0,0.67,0.88,0.98,1,1
Collin Sexton,2025-12-05,quad,strain,Out,4.0,10.3,0.1,0.42,0.75,7,1
Darius Garland,2025-12-05,foot,management,Out,1.0,1.6,0.79,0.96,0.98,1,1
Tyler Herro,2025-12-05,foot,tendinopathy,Out,2.0,3.4,0.48,0.87,0.94,2,1
Daniel Gafford,2025-12-05,ankle,management,Out,1.0,2.1,0.72,0.93,0.97,3,1
Isaiah Joe,2025-12-05,knee,soreness,Out,2.0,2.8,0.42,0.77,0.97,4,1
Ayo Dosunmu,2025-12-05,hand_wrist,sprain,Out,3.0,8.0,0.2,0.55,0.78,1,1
Alperen Sengun,2025-12-05,systemic,illness,Out,1.0,1.4,0.68,0.99,1.0,2,1
Marcus Sasser,2025-12-05,hip_groin,tendinopathy,Out,7.0,14.0,0.1,0.34,0.61,1,1
Ben Sheppard,2025-12-05,lower_leg,strain,Out,8.0,17.5,0.1,0.27,0.58,11,1
N'Faly Dante,2025-12-05,head_face,concussion,Out,9.0,16.0,0.06,0.18,0.55,4,0
Al Horford,2025-12-06,unknown,tendinopathy,Out,2.0,6.8,0.29,0.6,0.83,7,1
Klay Thompson,2025-12-06,knee,soreness,Out,1.0,2.5,0.76,0.89,0.96,1,1
Tobias Harris,2025-12-06,ankle,sprain,Out,1.0,1.3,0.88,0.97,1.0,1,1
Draymond Green,2025-12-06,foot,sprain,Out,3.0,7.1,0.18,0.54,0.82,2,0
Khris Middleton,2025-12-06,knee,soreness,Out,1.0,4.0,0.69,0.81,0.9,4,1
Seth Curry,2025-12-06,foot,soreness,Out,3.0,6.2,0.23,0.57,0.84,1,0
De'Anthony Melton,2025-12-06,knee,management,Out,1.0,2.8,0.76,0.88,0.95,1,1
Davion Mitchell,2025-12-06,hip_groin,soreness,Out,1.0,1.5,0.72,0.97,0.99,1,1
AJ Green,2025-12-06,shoulder,contusion,Out,1.0,4.0,0.6,0.79,0.9,3,1
Pelle Larsson,2025-12-06,hip_groin,soreness,Out,2.0,3.1,0.46,0.85,0.94,1,1
Karl-Anthony Towns,2025-12-07,lower_leg,soreness,Out,2.0,2.4,0.46,0.9,0.97,1,1
Lauri Markkanen,2025-12-07,systemic,illness,Out,1.0,1.9,0.73,0.93,0.98,1,1
Shai Gilgeous-Alexander,2025-12-07,elbow_arm,tendinopathy,Out,1.0,2.2,0.56,0.91,0.98,1,1
Robert Williams III,2025-12-07,systemic,unknown,Out,2.0,3.8,0.43,0.8,0.93,2,1
Moussa Diabaté,2025-12-07,knee,soreness,Out,3.0,9.0,0.4,0.6,0.78,1,1
Jamison Battle,2025-12-07,ankle,sprain,Out,2.0,5.9,0.18,0.63,0.86,3,1
Immanuel Quickley,2025-12-09,systemic,illness,Questionable,1.0,1.3,0.87,0.98,1.0,1,1
Franz Wagner,2025-12-09,ankle,sprain,Out,2.0,4.4,0.3,0.7,0.9,16,1
Miles McBride,2025-12-09,ankle,sprain,Out,2.0,3.6,0.39,0.77,0.92,8,1
Colin Castleton,2025-12-09,hand_wrist,fracture,Out,17.0,26.8,0.05,0.16,0.35,2,0
Pacôme Dadiet,2025-12-09,ankle,sprain,Out,11.0,18.4,0.06,0.18,0.5,1,0
Maxi Kleber,2025-12-10,back_core,strain,Out,4.0,7.5,0.19,0.43,0.79,2,1
Zach LaVine,2025-12-11,hand_wrist,soreness,Out,2.0,7.2,0.4,0.64,0.82,1,1
Chris Boucher,2025-12-11,systemic,illness,Out,5.0,9.5,0.13,0.36,0.75,1,0
Ron Harper Jr.,2025-12-11,knee,sprain,Out,19.0,34.8,0.04,0.13,0.35,1,0
Amari Williams,2025-12-11,hand_wrist,fracture,Out,23.0,38.9,0.05,0.14,0.3,1,0
Hansen Yang,2025-12-11,head_face,contusion,Out,2.0,5.4,0.32,0.63,0.87,1,0
Mike Conley,2025-12-12,achilles,tendinopathy,Out,2.0,5.8,0.3,0.58,0.84,4,1
Kristaps Porziņģis,2025-12-12,systemic,illness,Out,2.0,3.1,0.43,0.8,0.95,9,1
D'Angelo Russell,2025-12-12,systemic,illness,Out,2.0,2.9,0.45,0.84,0.96,2,1
John Konchar,2025-12-12,elbow_arm,rupture_tear,Out,9.0,15.1,0.12,0.27,0.54,14,1
Anthony Edwards,2025-12-12,foot,soreness,Out,2.0,3.2,0.5,0.79,0.94,3,1
Tyrese Maxey,2025-12-12,systemic,illness,Out,1.0,1.5,0.63,0.96,1.0,2,1
Ayo Dosunmu,2025-12-12,hand_wrist,sprain,Out,7.0,14.3,0.16,0.34,0.62,3,1
Malaki Branham,2025-12-12,hand_wrist,sprain,Out,10.0,18.6,0.08,0.24,0.51,3,0
Zach Edey,2025-12-12,ankle,fracture,Out,9.0,18.4,0.14,0.3,0.53,58,0
Hunter Sallis,2025-12-12,shoulder,sprain,Out,23.0,38.2,0.03,0.1,0.3,1,0
Isaac Jones,2025-12-12,knee,sprain,Out,18.0,33.3,0.03,0.09,0.32,1,0
Gary Payton II,2025-12-14,systemic,illness,Out,2.0,3.8,0.36,0.76,0.93,1,1
Drew Eubanks,2025-12-14,hand_wrist,rupture_tear,Out,12.0,21.8,0.11,0.22,0.46,7,1
LaMelo Ball,2025-12-14,ankle,unknown,Out,5.0,13.9,0.18,0.38,0.66,1,1
Austin Reaves,2025-12-14,lower_leg,strain,Out,2.0,3.3,0.43,0.71,0.95,3,1
Evan Mobley,2025-12-14,lower_leg,strain,Out,3.0,5.6,0.25,0.51,0.86,5,1
Ben Saraf,2025-12-14,systemic,illness,Out,2.0,4.7,0.33,0.71,0.92,1,0
Nicolas Batum,2025-12-15,systemic,illness,Questionable,1.0,1.7,0.68,0.95,0.99,1,1
Anthony Davis,2025-12-15,lower_leg,contusion,Questionable,1.0,2.6,0.6,0.82,0.96,1,1
Brandon Williams,2025-12-15,achilles,soreness,Out,3.0,10.3,0.32,0.52,0.76,1,1
Pelle Larsson,2025-12-15,ankle,sprain,Out,4.0,6.7,0.21,0.44,0.84,5,1
Ja Morant,2025-12-17,ankle,sprain,Out,4.0,9.9,0.21,0.43,0.76,4,1
James Harden,2025-12-18,lower_leg,contusion,Out,2.0,5.1,0.34,0.61,0.86,1,1
Zach LaVine,2025-12-18,ankle,sprain,Out,4.0,9.4,0.18,0.39,0.76,9,1
Karl-Anthony Towns,2025-12-18,knee,soreness,Questionable,1.0,2.1,0.66,0.9,0.98,1,1
Jakob Pöltl,2025-12-18,back_core,management,Questionable,1.0,1.9,0.75,0.92,0.98,2,1
Jonathan Isaac,2025-12-18,hip_groin,contusion,Out,5.0,9.4,0.17,0.38,0.73,1,1
Lauri Markkanen,2025-12-18,hip_groin,management,Questionable,1.0,1.9,0.72,0.91,0.98,2,1
Kyle Kuzma,2025-12-18,systemic,illness,Questionable,1.0,1.7,0.68,0.94,0.99,1,1
Josh Hart,2025-12-18,back_core,strain,Questionable,1.0,2.0,0.58,0.88,0.99,1,1
Grayson Allen,2025-12-18,knee,soreness,Questionable,2.0,3.8,0.49,0.79,0.92,9,1
Mitchell Robinson,2025-12-18,ankle,management,Questionable,1.0,1.5,0.83,0.96,0.99,1,1
Deandre Ayton,2025-12-18,elbow_arm,soreness,Out,2.0,3.4,0.45,0.73,0.93,2,1
Gabe Vincent,2025-12-18,back_core,soreness,Out,3.0,5.0,0.28,0.57,0.88,9,1
Cole Anthony,2025-12-18,neck,strain,Questionable,2.0,5.5,0.37,0.67,0.87,1,0
Jalen Suggs,2025-12-18,hip_groin,contusion,Out,2.0,3.8,0.42,0.7,0.92,7,1
Nikola Jović,2025-12-18,elbow_arm,contusion,Out,8.0,11.4,0.09,0.22,0.64,4,1
Jaylin Williams,2025-12-18,foot,tendinopathy,Out,3.0,5.3,0.27,0.61,0.87,13,1
Peyton Watson,2025-12-18,unknown,contusion,Questionable,2.0,3.3,0.4,0.76,0.95,2,1
Tristan da Silva,2025-12-18,shoulder,contusion,Questionable,2.0,4.4,0.4,0.72,0.91,4,1
Cam Christie,2025-12-18,foot,soreness,Questionable,5.0,14.7,0.16,0.4,0.64,1,0
Andrew Wiggins,2025-12-19,back_core,soreness,Out,1.0,1.7,0.76,0.92,0.99,1,1
Joel Embiid,2025-12-19,systemic,illness,Questionable,1.0,1.3,0.8,0.98,1.0,2,1
Donovan Mitchell,2025-12-19,systemic,illness,Questionable,1.0,1.3,0.79,0.98,1.0,1,1
Trae Young,2025-12-19,knee,management,Out,1.0,1.1,0.94,0.99,1.0,1,1
Tyler Herro,2025-12-19,foot,contusion,Out,5.0,9.8,0.19,0.39,0.72,8,0
Davion Mitchell,2025-12-19,ankle,sprain,Out,2.0,3.2,0.49,0.77,0.95,1,1
Aaron Wiggins,2025-12-19,hip_groin,soreness,Out,1.0,2.8,0.59,0.8,0.96,2,1
Jaylen Clark,2025-12-19,systemic,illness,Out,2.0,2.4,0.44,0.87,0.98,1,1
Craig Porter Jr.,2025-12-19,systemic,illness,Out,2.0,3.1,0.48,0.84,0.96,1,1
Paul George,2025-12-20,knee,management,Out,1.0,1.2,0.91,0.98,1.0,1,1
Jerami Grant,2025-12-20,achilles,soreness,Out,2.0,5.1,0.41,0.68,0.88,14,1
Jaylen Brown,2025-12-20,systemic,illness,Out,1.0,1.3,0.82,0.98,1.0,1,1
Rui Hachimura,2025-12-20,hip_groin,soreness,Out,1.0,2.9,0.56,0.8,0.95,2,1
Jonathan Kuminga,2025-12-20,systemic,illness,Out,2.0,4.0,0.34,0.78,0.93,1,0
Vince Williams Jr.,2025-12-20,knee,soreness,Out,4.0,9.9,0.24,0.49,0.75,8,1
Cam Whitmore,2025-12-20,shoulder,soreness,Out,10.0,18.0,0.09,0.23,0.53,57,0
Bilal Coulibaly,2025-12-20,ankle,sprain,Out,4.0,10.0,0.18,0.43,0.74,2,1
Jamir Watkins,2025-12-20,systemic,illness,Out,2.0,3.1,0.38,0.84,0.96,1,1
Khris Middleton,2025-12-21,knee,management,Out,1.0,1.6,0.88,0.95,0.99,1,1
Marvin Bagley III,2025-12-21,lower_leg,soreness,Out,3.0,12.4,0.34,0.52,0.72,1,1
Alex Sarr,2025-12-21,hip_groin,unknown,Out,2.0,9.5,0.38,0.58,0.77,1,1
Drake Powell,2025-12-21,ankle,sprain,Out,5.0,11.4,0.13,0.39,0.74,2,1
T.J. McConnell,2025-12-22,knee,soreness,Out,4.0,12.0,0.25,0.48,0.71,1,1
Isaiah Hartenstein,2025-12-22,lower_leg,soreness,Out,2.0,5.2,0.41,0.67,0.88,1,1
Brandon Clarke,2025-12-22,lower_leg,strain,Out,11.0,20.9,0.08,0.21,0.49,54,0
Chet Holmgren,2025-12-22,systemic,illness,Out,1.0,1.7,0.63,0.94,0.99,1,1
Max Christie,2025-12-22,systemic,illness,Out,2.0,3.1,0.41,0.84,0.96,2,1
Ousmane Dieng,2025-12-22,lower_leg,strain,Out,9.0,13.2,0.08,0.21,0.59,10,1
Ryan Kalkbrenner,2025-12-22,elbow_arm,sprain,Out,5.0,10.6,0.15,0.38,0.7,10,1
Jordan Walsh,2025-12-22,systemic,illness,Out,2.0,3.3,0.49,0.81,0.95,1,1
Ronald Holland II,2025-12-22,knee,soreness,Doubtful,2.0,4.1,0.46,0.79,0.94,2,1
Tamar Bates,2025-12-22,foot,surgery,Out,101.0,77.0,0.01,0.03,0.08,35,0
Klay Thompson,2025-12-23,knee,soreness,Out,1.0,2.4,0.72,0.88,0.96,1,1
Mason Plumlee,2025-12-23,hip_groin,strain,Out,7.0,11.3,0.14,0.29,0.67,32,0
Dwight Powell,2025-12-23,systemic,illness,Out,2.0,4.0,0.34,0.73,0.93,1,0
Jakob Pöltl,2025-12-23,back_core,strain,Out,7.0,13.1,0.13,0.28,0.64,24,1
Guerschon Yabusele,2025-12-23,systemic,illness,Out,2.0,4.5,0.27,0.67,0.92,1,0
Ivica Zubac,2025-12-23,ankle,sprain,Out,5.0,11.5,0.19,0.39,0.7,5,1
Lauri Markkanen,2025-12-23,hip_groin,management,Out,1.0,1.5,0.84,0.95,0.99,1,1
OG Anunoby,2025-12-23,ankle,soreness,Out,1.0,2.3,0.61,0.86,0.98,1,1
Jalen Brunson,2025-12-23,ankle,management,Out,1.0,1.4,0.85,0.96,1.0,1,1
P.J. Washington,2025-12-23,foot,soreness,Out,1.0,4.1,0.61,0.79,0.91,1,1
Goga Bitadze,2025-12-23,knee,strain,Out,5.0,9.8,0.23,0.43,0.73,3,1
Robert Williams III,2025-12-23,knee,management,Out,1.0,2.0,0.81,0.93,0.98,1,1
Quentin Grimes,2025-12-23,systemic,illness,Out,1.0,2.3,0.59,0.88,0.98,1,1
Jordan Poole,2025-12-23,ankle,soreness,Out,1.0,3.4,0.65,0.82,0.94,1,1
Jaden McDaniels,2025-12-23,back_core,contusion,Out,3.0,5.8,0.26,0.52,0.85,1,1
Herbert Jones,2025-12-23,ankle,sprain,Out,3.0,6.9,0.36,0.57,0.83,7,1
Isaiah Jackson,2025-12-23,head_face,concussion,Out,2.0,3.2,0.39,0.73,0.96,13,1
Dominick Barlow,2025-12-23,systemic,illness,Out,1.0,2.1,0.61,0.89,0.98,1,1
Mouhamed Gueye,2025-12-23,shoulder,sprain,Out,10.0,21.7,0.13,0.26,0.52,1,1
Devin Carter,2025-12-23,ankle,sprain,Out,8.0,18.5,0.09,0.23,0.56,3,1
Ajay Mitchell,2025-12-23,head_face,concussion,Out,2.0,2.4,0.48,0.82,0.98,2,1
N'Faly Dante,2025-12-23,knee_ligament,rupture_tear,Out,101.0,80.7,0.01,0.02,0.06,23,0
VJ Edgecombe,2025-12-23,systemic,illness,Out,1.0,1.9,0.65,0.91,0.99,1,1
Cedric Coward,2025-12-23,foot,soreness,Out,1.0,3.8,0.6,0.79,0.93,1,1
Seth Curry,2025-12-25,hip_groin,management,Out,7.0,15.5,0.14,0.3,0.6,33,1
Jaxson Hayes,2025-12-25,ankle,soreness,Out,3.0,7.2,0.32,0.58,0.84,2,1
Cameron Johnson,2025-12-25,knee,dislocation,Out,2.0,4.7,0.43,0.64,0.88,23,1
LJ Cryer,2025-12-25,back_core,strain,Out,99.0,68.2,0.01,0.03,0.12,1,0
Bam Adebayo,2025-12-26,back_core,soreness,Out,2.0,3.9,0.47,0.74,0.93,2,1
Gary Trent Jr.,2025-12-26,lower_leg,contusion,Out,4.0,7.7,0.22,0.49,0.79,2,1
Jock Landale,2025-12-26,lower_leg,soreness,Out,4.0,9.1,0.21,0.46,0.75,2,1
Corey Kispert,2025-12-26,hamstring,soreness,Out,6.0,11.1,0.14,0.34,0.68,5,1
Collin Murray-Boyles,2025-12-26,systemic,illness,Out,2.0,2.4,0.49,0.87,0.98,2,1
Anthony Davis,2025-12-27,hip_groin,soreness,Out,3.0,7.5,0.29,0.52,0.78,2,1
T.J. McConnell,2025-12-27,hamstring,soreness,Out,2.0,4.5,0.47,0.69,0.9,1,1
De'Aaron Fox,2025-12-27,hip_groin,illness,Out,1.0,1.7,0.64,0.93,1.0,1,1
Josh Hart,2025-12-27,ankle,sprain,Out,2.0,3.2,0.41,0.73,0.96,8,1
Brandon Williams,2025-12-27,lower_leg,contusion,Out,3.0,9.6,0.28,0.51,0.76,1,1
Terrence Shannon Jr.,2025-12-27,foot,strain,Out,9.0,16.6,0.09,0.25,0.55,23,0
Alperen Sengun,2025-12-27,lower_leg,soreness,Out,2.0,4.2,0.44,0.71,0.9,2,1
Keegan Murray,2025-12-27,lower_leg,strain,Out,9.0,16.5,0.1,0.23,0.56,2,1
Ryan Dunn,2025-12-27,knee,soreness,Out,2.0,6.7,0.43,0.65,0.84,2,1
Ace Bailey,2025-12-27,hip_groin,strain,Out,5.0,10.9,0.19,0.36,0.72,5,1
Joel Embiid,2025-12-28,knee,sprain,Out,2.0,6.4,0.45,0.64,0.84,1,1
Bogdan Bogdanović,2025-12-28,hamstring,management,Out,1.0,3.9,0.56,0.77,0.92,17,0
John Collins,2025-12-28,systemic,illness,Out,1.0,2.2,0.54,0.9,0.98,1,1
De'Anthony Melton,2025-12-28,knee,management,Out,1.0,4.2,0.72,0.84,0.93,1,1
Robert Williams III,2025-12-28,knee,management,Out,1.0,3.1,0.78,0.89,0.95,1,1
Austin Reaves,2025-12-28,lower_leg,strain,Out,7.0,10.7,0.09,0.27,0.68,19,1
Kyshawn George,2025-12-28,hip_groin,soreness,Out,3.0,8.5,0.31,0.55,0.81,7,1
Al Horford,2025-12-29,foot,management,Out,1.0,1.2,0.91,0.98,1.0,1,1
Khris Middleton,2025-12-29,knee,management,Out,1.0,1.4,0.89,0.96,0.99,1,1
Isaiah Hartenstein,2025-12-29,lower_leg,strain,Out,3.0,5.2,0.32,0.55,0.87,16,0
Mitchell Robinson,2025-12-29,ankle,management,Out,1.0,1.9,0.78,0.93,0.98,3,1
Trae Young,2025-12-29,quad,contusion,Out,1.0,2.8,0.54,0.8,0.96,7,0
Jalen Johnson,2025-12-29,systemic,illness,Out,1.0,1.6,0.68,0.96,1.0,1,1
Kris Murray,2025-12-29,quad,contusion,Out,1.0,2.4,0.65,0.86,0.97,1,1
Emanuel Miller,2025-12-29,hamstring,strain,Out,14.0,24.4,0.04,0.11,0.41,2,0
Trentyn Flowers,2025-12-29,knee,dislocation,Out,25.0,39.0,0.03,0.08,0.24,5,0
Kon Knueppel,2025-12-29,ankle,sprain,Out,5.0,10.6,0.15,0.37,0.75,1,1
Lachlan Olbrich,2025-12-29,ankle,sprain,Out,24.0,40.0,0.03,0.09,0.3,3,0
Caris LeVert,2025-12-30,knee,soreness,Out,3.0,7.1,0.28,0.55,0.83,4,1
Rui Hachimura,2025-12-30,lower_leg,soreness,Out,2.0,5.9,0.42,0.63,0.85,6,0
Nikola Jokić,2025-12-31,knee,management,Out,1.0,3.0,0.68,0.85,0.94,16,1
Jonathan Isaac,2025-12-31,knee,soreness,Out,7.0,15.3,0.18,0.35,0.63,1,0
Zach Collins,2025-12-31,foot,sprain,Out,4.0,9.3,0.22,0.46,0.76,50,0
Miles Bridges,2025-12-31,ankle,sprain,Out,6.0,10.7,0.12,0.32,0.72,1,1
De'Andre Hunter,2025-12-31,systemic,illness,Out,1.0,2.0,0.6,0.92,0.99,1,1
Coby White,2025-12-31,lower_leg,soreness,Out,5.0,13.0,0.18,0.38,0.68,3,1
Devin Vassell,2025-12-31,hip_groin,strain,Out,3.0,4.0,0.27,0.6,0.94,13,1
Josh Giddey,2025-12-31,hamstring,soreness,Out,4.0,8.0,0.22,0.46,0.8,11,1
Jett Howard,2025-12-31,systemic,illness,Out,3.0,6.0,0.25,0.64,0.88,1,0
Tobias Harris,2026-01-01,hip_groin,sprain,Out,4.0,5.9,0.19,0.42,0.86,5,1
Steven Adams,2026-01-01,ankle,sprain,Out,3.0,4.1,0.34,0.63,0.92,2,1
Clint Capela,2026-01-01,systemic,illness,Out,2.0,3.5,0.38,0.78,0.94,1,1
Jusuf Nurkić,2026-01-01,unknown,sprain,Out,4.0,9.9,0.22,0.45,0.76,2,1
D'Angelo Russell,2026-01-01,systemic,illness,Out,2.0,3.7,0.42,0.8,0.94,1,0
Lauri Markkanen,2026-01-01,knee,contusion,Out,2.0,4.2,0.48,0.73,0.91,1,1
Michael Porter Jr.,2026-01-01,systemic,illness,Out,1.0,2.5,0.55,0.89,0.97,2,1
Terance Mann,2026-01-01,hip_groin,contusion,Out,3.0,6.5,0.33,0.6,0.85,1,1
Keyonte George,2026-01-01,systemic,illness,Out,1.0,1.6,0.66,0.95,1.0,1,1
Bobi Klintman,2026-01-01,hip_groin,strain,Out,12.0,21.5,0.04,0.13,0.46,1,0
Pelle Larsson,2026-01-01,ankle,sprain,Out,4.0,9.0,0.18,0.4,0.77,2,1
Egor Demin,2026-01-01,back_core,soreness,Out,101.0,73.7,0.01,0.03,0.1,1,0
Stephen Curry,2026-01-02,ankle,sprain,Out,3.0,4.8,0.33,0.6,0.89,1,1
Jonas Valančiūnas,2026-01-02,lower_leg,strain,Out,4.0,5.8,0.19,0.43,0.86,11,1
Jimmy Butler III,2026-01-02,systemic,illness,Out,1.0,1.8,0.63,0.93,0.99,1,1
Gary Harris,2026-01-02,neck,strain,Out,7.0,13.9,0.11,0.3,0.65,1,1
Karl-Anthony Towns,2026-01-02,systemic,illness,Out,1.0,1.6,0.68,0.94,0.99,1,1
De'Anthony Melton,2026-01-02,knee,management,Out,1.0,3.3,0.76,0.87,0.94,1,1
Dean Wade,2026-01-02,knee,soreness,Out,3.0,8.1,0.34,0.55,0.79,2,1
Jonathan Kuminga,2026-01-02,back_core,soreness,Out,11.0,20.1,0.08,0.19,0.5,1,0
Sam Merrill,2026-01-02,ankle,sprain,Out,3.0,5.6,0.29,0.57,0.88,1,1
Trey Murphy III,2026-01-02,back_core,soreness,Out,2.0,3.8,0.48,0.74,0.93,1,1
Cam Thomas,2026-01-02,hamstring,management,Out,1.0,1.7,0.85,0.94,0.98,1,1
Moussa Diabaté,2026-01-02,hand_wrist,sprain,Out,7.0,15.3,0.15,0.32,0.62,2,1
Victor Wembanyama,2026-01-02,knee,soreness,Out,2.0,6.8,0.34,0.62,0.83,2,1
Tristan Vukcevic,2026-01-02,systemic,illness,Out,3.0,5.5,0.24,0.64,0.9,1,1
Derik Queen,2026-01-02,quad,contusion,Out,2.0,3.9,0.4,0.7,0.93,1,1
Adou Thiero,2026-01-02,knee_ligament,sprain,Out,21.0,35.6,0.04,0.13,0.32,21,1
Al Horford,2026-01-03,foot,management,Out,1.0,1.2,0.92,0.98,1.0,1,1
Luke Kennard,2026-01-03,back_core,soreness,Out,1.0,4.7,0.51,0.71,0.9,1,1
Robert Williams III,2026-01-03,knee,management,Out,1.0,1.7,0.86,0.95,0.98,1,1
Tidjane Salaün,2026-01-03,ankle,soreness,Out,1.0,3.2,0.56,0.79,0.95,1,1
Jarrett Allen,2026-01-04,systemic,illness,Out,1.0,1.7,0.65,0.94,0.99,1,1
Ja Morant,2026-01-04,lower_leg,contusion,Out,3.0,7.9,0.36,0.58,0.81,6,1
Jalen Suggs,2026-01-04,knee_ligament,contusion,Out,5.0,14.7,0.22,0.41,0.66,8,1
Bennedict Mathurin,2026-01-04,hand_wrist,sprain,Out,9.0,17.4,0.11,0.27,0.53,11,1
Jalen Duren,2026-01-04,ankle,sprain,Out,3.0,4.7,0.25,0.57,0.91,4,1
Jaime Jaquez Jr.,2026-01-04,ankle,sprain,Out,3.0,6.9,0.2,0.53,0.83,2,1
James Harden,2026-01-05,shoulder,soreness,Out,3.0,8.1,0.34,0.56,0.79,1,1
Tim Hardaway Jr.,2026-01-05,systemic,management,Out,1.0,1.2,0.89,0.99,1.0,1,1
Aaron Gordon,2026-01-05,hamstring,strain,Out,3.0,4.6,0.35,0.57,0.9,1,1
Jamal Murray,2026-01-05,ankle,sprain,Out,1.0,1.8,0.65,0.9,0.99,1,1
Derrick Jones Jr.,2026-01-05,knee,sprain,Out,7.0,18.1,0.17,0.33,0.6,15,1
Alex Caruso,2026-01-05,back_core,soreness,Out,1.0,2.2,0.65,0.85,0.98,2,1
Jalen Smith,2026-01-05,head_face,concussion,Out,2.0,3.9,0.28,0.69,0.94,2,1
Alperen Sengun,2026-01-05,ankle,sprain,Out,4.0,6.9,0.17,0.42,0.81,3,1
Jamaree Bouyea,2026-01-05,head_face,concussion,Out,2.0,2.7,0.4,0.77,0.98,8,0
Christian Braun,2026-01-05,ankle,sprain,Out,2.0,3.7,0.47,0.71,0.93,1,1
P.J. Washington,2026-01-06,ankle,sprain,Out,5.0,11.4,0.17,0.39,0.74,4,1
Saddiq Bey,2026-01-06,hip_groin,strain,Out,4.0,6.4,0.24,0.49,0.85,4,1
Corey Kispert,2026-01-06,hamstring,management,Out,1.0,4.2,0.65,0.79,0.91,2,0
Keegan Murray,2026-01-06,ankle,sprain,Out,5.0,12.2,0.21,0.41,0.71,20,0
Cedric Coward,2026-01-06,ankle,sprain,Out,4.0,7.5,0.17,0.41,0.84,2,1
LeBron James,2026-01-07,foot,unknown,Out,1.0,1.5,0.77,0.95,0.99,1,1
Khris Middleton,2026-01-07,knee,management,Out,1.0,1.6,0.88,0.96,0.99,1,1
CJ McCollum,2026-01-07,quad,soreness,Out,1.0,1.7,0.76,0.93,0.99,1,0
Gary Payton II,2026-01-07,ankle,sprain,Out,3.0,4.7,0.27,0.58,0.91,1,1
Coby White,2026-01-07,lower_leg,management,Out,1.0,3.9,0.68,0.83,0.92,1,1
Onyeka Okongwu,2026-01-07,systemic,illness,Out,1.0,1.8,0.64,0.94,0.99,1,1
Herbert Jones,2026-01-07,ankle,soreness,Out,1.0,3.3,0.63,0.82,0.94,8,1
Trey Murphy III,2026-01-07,back_core,soreness,Out,1.0,1.7,0.77,0.92,0.99,1,1
Cade Cunningham,2026-01-07,hand_wrist,contusion,Out,1.0,2.3,0.57,0.9,0.96,2,1
Jose Alvarado,2026-01-07,back_core,soreness,Out,1.0,3.7,0.53,0.75,0.92,9,1
Josh Minott,2026-01-07,ankle,sprain,Out,6.0,13.8,0.11,0.32,0.67,11,1
Kris Murray,2026-01-07,back_core,soreness,Out,3.0,7.8,0.31,0.54,0.82,19,1
Vince Williams Jr.,2026-01-07,knee_ligament,tendinopathy,Out,3.0,14.2,0.32,0.52,0.69,1,1
Brandon Miller,2026-01-07,knee,contusion,Out,3.0,9.9,0.34,0.55,0.77,1,1
Isaiah Crawford,2026-01-07,systemic,illness,Out,17.0,32.7,0.04,0.12,0.36,2,0
Ben Saraf,2026-01-07,knee,soreness,Out,10.0,19.3,0.08,0.21,0.52,2,0
Jusuf Nurkić,2026-01-08,unknown,sprain,Out,2.0,4.4,0.47,0.7,0.91,2,1
Andrew Nembhard,2026-01-08,back_core,soreness,Out,2.0,4.6,0.43,0.7,0.91,1,1
Dean Wade,2026-01-08,knee,contusion,Out,3.0,8.4,0.27,0.5,0.77,5,1
Ace Bailey,2026-01-08,hip_groin,strain,Out,5.0,7.9,0.17,0.39,0.8,2,1
Kristaps Porziņģis,2026-01-09,achilles,tendinopathy,Out,4.0,13.3,0.26,0.47,0.7,13,0
Brandon Ingram,2026-01-09,hand_wrist,sprain,Out,7.0,11.3,0.13,0.31,0.65,2,1
Jamal Murray,2026-01-09,ankle,sprain,Out,2.0,2.6,0.49,0.79,0.98,2,1
Guerschon Yabusele,2026-01-09,quad,contusion,Out,4.0,8.9,0.21,0.47,0.77,2,1
Shai Gilgeous-Alexander,2026-01-09,ankle,sprain,Out,1.0,1.7,0.65,0.91,1.0,1,1
Scottie Barnes,2026-01-09,knee,sprain,Out,3.0,5.6,0.28,0.55,0.86,1,1
E.J. Liddell,2026-01-09,knee,soreness,Out,15.0,27.4,0.06,0.15,0.39,1,0
Chet Holmgren,2026-01-09,unknown,soreness,Out,1.0,2.2,0.62,0.86,0.98,1,1
Cason Wallace,2026-01-09,foot,soreness,Out,2.0,3.4,0.5,0.77,0.93,1,1
Tristan da Silva,2026-01-09,back_core,soreness,Out,3.0,7.2,0.24,0.61,0.84,1,1
Zaccharie Risacher,2026-01-09,knee,tendinopathy,Out,3.0,8.7,0.35,0.59,0.8,11,1
Spencer Jones,2026-01-09,ankle,tendinopathy,Out,3.0,5.4,0.31,0.6,0.89,1,1
Anthony Davis,2026-01-10,hand_wrist,sprain,Out,6.0,12.3,0.18,0.37,0.65,12,0
Pat Connaughton,2026-01-10,systemic,illness,Out,3.0,9.7,0.2,0.51,0.78,2,1
Isaiah Stewart,2026-01-10,systemic,illness,Out,1.0,1.4,0.85,0.96,0.99,1,1
Brandon Williams,2026-01-10,systemic,illness,Out,2.0,3.3,0.38,0.82,0.96,2,1
Paul George,2026-01-11,knee,soreness,Out,1.0,3.4,0.56,0.78,0.93,1,1
Joel Embiid,2026-01-11,knee,management,Out,1.0,2.0,0.83,0.92,0.97,1,1
Norman Powell,2026-01-11,back_core,soreness,Out,1.0,2.7,0.66,0.84,0.96,1,1
Wendell Carter Jr.,2026-01-11,hip_groin,strain,Out,3.0,6.8,0.26,0.59,0.82,1,1
Trae Young,2026-01-11,knee_ligament,sprain,Out,12.0,19.7,0.08,0.19,0.48,24,1
RJ Barrett,2026-01-11,ankle,sprain,Out,2.0,3.1,0.43,0.73,0.96,7,1
Ziaire Williams,2026-01-11,systemic,illness,Out,2.0,2.7,0.5,0.86,0.97,5,1
Tari Eason,2026-01-11,ankle,sprain,Out,4.0,6.1,0.21,0.49,0.85,5,1
Christian Braun,2026-01-11,ankle,sprain,Out,3.0,6.1,0.27,0.56,0.86,12,1
Chucky Hepburn,2026-01-11,knee,surgery,Out,57.0,57.4,0.02,0.06,0.17,1,0
Drake Powell,2026-01-11,knee,management,Out,1.0,2.8,0.72,0.86,0.95,1,1
Jaylen Brown,2026-01-12,back_core,soreness,Out,1.0,1.8,0.71,0.9,0.99,1,1
Collin Sexton,2026-01-12,hamstring,soreness,Out,3.0,7.3,0.34,0.54,0.82,1,1
Daniel Gafford,2026-01-12,ankle,sprain,Out,3.0,7.3,0.27,0.52,0.84,1,1
Cam Thomas,2026-01-12,hamstring,management,Out,1.0,2.2,0.81,0.91,0.97,1,1
Ja'Kobe Walter,2026-01-12,hip_groin,contusion,Out,3.0,5.0,0.31,0.59,0.88,7,1
Myles Turner,2026-01-13,systemic,illness,Out,1.0,2.0,0.58,0.91,0.98,1,1
Dorian Finney-Smith,2026-01-13,ankle,management,Out,1.0,1.6,0.82,0.95,0.99,2,1
Luke Kennard,2026-01-13,neck,sprain,Out,5.0,10.6,0.17,0.38,0.72,1,1
Coby White,2026-01-13,lower_leg,management,Out,1.0,3.9,0.71,0.84,0.93,1,1
Jaxson Hayes,2026-01-13,hamstring,soreness,Out,2.0,6.2,0.39,0.59,0.84,3,1
Luguentz Dort,2026-01-13,foot,soreness,Out,2.0,4.1,0.42,0.69,0.91,1,1
Deni Avdija,2026-01-13,back_core,soreness,Out,2.0,2.9,0.49,0.76,0.96,3,1
Julian Phillips,2026-01-13,hand_wrist,sprain,Out,12.0,23.7,0.08,0.21,0.46,3,1
Ivica Zubac,2026-01-14,ankle,sprain,Questionable,2.0,5.4,0.39,0.7,0.89,1,1
Sandro Mamukelashvili,2026-01-14,systemic,illness,Questionable,1.0,1.6,0.64,0.95,1.0,1,1
Max Christie,2026-01-14,systemic,illness,Doubtful,1.0,2.4,0.56,0.9,0.98,2,1
Devin Booker,2026-01-15,ankle,sprain,Out,2.0,3.3,0.41,0.7,0.95,1,1
Lauri Markkanen,2026-01-15,systemic,illness,Out,1.0,1.8,0.67,0.94,0.99,5,0
Jalen Brunson,2026-01-15,ankle,sprain,Out,3.0,4.9,0.26,0.54,0.89,2,1
Mitchell Robinson,2026-01-15,ankle,management,Out,1.0,1.3,0.89,0.97,1.0,1,1
P.J. Washington,2026-01-15,ankle,management,Out,1.0,1.7,0.85,0.94,0.98,2,0
Daniel Gafford,2026-01-15,ankle,sprain,Out,2.0,3.8,0.45,0.72,0.93,4,1
Davion Mitchell,2026-01-15,shoulder,contusion,Out,3.0,8.9,0.29,0.53,0.78,2,1
Colin Castleton,2026-01-15,hand_wrist,fracture,Out,25.0,39.4,0.04,0.1,0.24,2,0
Jaime Jaquez Jr.,2026-01-15,knee,soreness,Out,3.0,10.7,0.3,0.52,0.75,2,1
Jett Howard,2026-01-15,systemic,illness,Out,2.0,4.4,0.33,0.72,0.91,2,1
Cooper Flagg,2026-01-15,ankle,sprain,Out,4.0,6.4,0.19,0.45,0.86,2,1
Garrett Temple,2026-01-16,back_core,soreness,Questionable,5.0,11.0,0.15,0.38,0.72,1,1
Kawhi Leonard,2026-01-16,ankle,sprain,Questionable,1.0,2.3,0.59,0.87,0.97,3,1
Khris Middleton,2026-01-16,knee,management,Out,1.0,2.5,0.8,0.9,0.96,1,1
John Collins,2026-01-16,hip_groin,soreness,Questionable,1.0,4.4,0.52,0.75,0.91,1,1
Darius Garland,2026-01-16,foot,soreness,Out,2.0,5.2,0.45,0.65,0.86,9,0
Anthony Edwards,2026-01-16,foot,management,Out,1.0,1.8,0.77,0.92,0.98,1,1
Immanuel Quickley,2026-01-16,back_core,soreness,Questionable,1.0,2.0,0.62,0.89,0.98,1,1
Sam Merrill,2026-01-16,hand_wrist,sprain,Out,7.0,11.8,0.18,0.32,0.62,6,1
Keon Ellis,2026-01-16,knee,soreness,Out,8.0,19.2,0.14,0.32,0.58,2,0
Bilal Coulibaly,2026-01-16,back_core,soreness,Out,5.0,13.5,0.2,0.43,0.69,4,0
Tristan Vukcevic,2026-01-16,knee,soreness,Out,7.0,17.4,0.14,0.32,0.6,10,1
Jamison Battle,2026-01-16,ankle,sprain,Doubtful,2.0,4.4,0.37,0.68,0.91,1,1
Rudy Gobert,2026-01-17,hip_groin,contusion,Out,1.0,1.5,0.8,0.95,0.99,1,1
T.J. McConnell,2026-01-17,knee,management,Out,1.0,2.1,0.83,0.93,0.97,1,1
D'Angelo Russell,2026-01-17,systemic,illness,Out,2.0,4.7,0.36,0.73,0.91,2,0
Josh Hart,2026-01-17,ankle,soreness,Out,1.0,2.6,0.58,0.83,0.96,1,1
Chris Boucher,2026-01-17,back_core,soreness,Out,8.0,12.4,0.09,0.24,0.64,2,0
Deandre Ayton,2026-01-17,knee,soreness,Questionable,1.0,2.9,0.6,0.85,0.95,1,1
Luka Dončić,2026-01-17,hip_groin,soreness,Out,1.0,2.3,0.59,0.84,0.98,1,1
Andrew Nembhard,2026-01-17,back_core,management,Out,1.0,1.5,0.87,0.96,0.99,1,1
Tyler Herro,2026-01-17,foot,contusion,Questionable,1.0,2.5,0.59,0.86,0.97,7,0
Payton Pritchard,2026-01-17,ankle,soreness,Doubtful,1.0,2.3,0.57,0.86,0.98,1,1
Gui Santos,2026-01-17,ankle,sprain,Out,5.0,11.6,0.13,0.33,0.71,2,1
Dyson Daniels,2026-01-17,ankle,sprain,Questionable,1.0,2.1,0.56,0.87,0.98,1,1
Moussa Diabaté,2026-01-17,hamstring,soreness,Questionable,2.0,5.6,0.37,0.67,0.88,1,1
Jrue Holiday,2026-01-18,lower_leg,management,Out,1.0,1.2,0.91,0.98,1.0,1,1
Jerami Grant,2026-01-18,achilles,management,Out,1.0,1.4,0.86,0.96,0.99,1,1
Aaron Gordon,2026-01-18,hamstring,strain,Out,2.0,3.2,0.47,0.69,0.95,1,1
Moritz Wagner,2026-01-18,knee,management,Out,1.0,5.4,0.68,0.81,0.89,1,1
Robert Williams III,2026-01-18,knee,management,Out,1.0,1.8,0.85,0.94,0.98,1,1
Grant Williams,2026-01-18,knee,management,Out,1.0,1.4,0.89,0.97,0.99,1,1
Patrick Williams,2026-01-18,ankle,sprain,Questionable,2.0,3.5,0.41,0.76,0.94,2,1
Drake Powell,2026-01-18,knee,recovery,Out,2.0,5.3,0.42,0.67,0.86,1,1
Paul George,2026-01-19,knee,management,Questionable,1.0,1.6,0.82,0.94,0.99,2,1
Draymond Green,2026-01-19,ankle,sprain,Probable,1.0,2.3,0.52,0.87,0.98,1,1
De'Anthony Melton,2026-01-19,knee,management,Out,1.0,2.7,0.78,0.89,0.95,1,1
Day'Ron Sharpe,2026-01-19,systemic,contusion,Out,1.0,2.6,0.53,0.86,0.97,1,1
Cam Thomas,2026-01-19,hamstring,management,Out,1.0,1.8,0.84,0.94,0.98,1,1
Jalen Williams,2026-01-19,hamstring,strain,Out,6.0,8.1,0.1,0.28,0.73,10,1
Brice Sensabaugh,2026-01-19,systemic,illness,Out,1.0,1.8,0.6,0.93,0.99,2,1
Egor Demin,2026-01-19,foot,management,Out,101.0,74.9,0.01,0.03,0.09,1,0
Al Horford,2026-01-20,foot,management,Out,1.0,1.2,0.92,0.98,1.0,1,1
Jimmy Butler III,2026-01-20,knee_ligament,rupture_tear,Out,36.0,46.4,0.06,0.11,0.2,38,0
Steven Adams,2026-01-20,ankle,sprain,Out,2.0,3.8,0.37,0.68,0.93,48,0
Joel Embiid,2026-01-20,ankle,management,Out,1.0,1.3,0.89,0.97,1.0,1,1
Kel'el Ware,2026-01-20,hamstring,soreness,Out,3.0,6.9,0.31,0.52,0.81,4,1
Collin Murray-Boyles,2026-01-20,hand_wrist,contusion,Out,2.0,4.7,0.39,0.66,0.89,4,1
Myles Turner,2026-01-21,ankle,sprain,Questionable,2.0,3.2,0.48,0.81,0.95,1,1
Domantas Sabonis,2026-01-21,knee,management,Out,1.0,1.3,0.91,0.97,0.99,1,1
Caris LeVert,2026-01-21,systemic,illness,Questionable,1.0,1.6,0.66,0.95,0.99,7,1
Alex Caruso,2026-01-21,hip_groin,strain,Out,4.0,6.4,0.17,0.42,0.82,6,1
Kevin Porter Jr.,2026-01-21,back_core,strain,Questionable,2.0,3.4,0.42,0.78,0.94,6,1
Santi Aldama,2026-01-21,knee,soreness,Questionable,2.0,5.3,0.42,0.72,0.88,2,1
Cade Cunningham,2026-01-21,hip_groin,contusion,Out,1.0,2.7,0.53,0.8,0.96,1,1
Aaron Wiggins,2026-01-21,hip_groin,soreness,Out,1.0,2.8,0.53,0.79,0.96,2,1
Jaylin Williams,2026-01-21,unknown,contusion,Questionable,2.0,2.7,0.48,0.81,0.96,1,1
Tidjane Salaün,2026-01-21,achilles,tendinopathy,Probable,2.0,7.2,0.35,0.64,0.84,1,1
KJ Simpson,2026-01-21,hip_groin,strain,Out,10.0,16.3,0.05,0.16,0.54,4,0
Luke Kornet,2026-01-22,hip_groin,soreness,Questionable,1.0,1.8,0.65,0.92,0.99,1,1
Marvin Bagley III,2026-01-22,systemic,illness,Questionable,1.0,2.1,0.59,0.91,0.98,4,0
Aaron Holiday,2026-01-22,back_core,soreness,Questionable,3.0,5.4,0.24,0.56,0.88,3,0
Grant Williams,2026-01-22,knee,management,Out,1.0,1.8,0.87,0.95,0.98,1,1
Franz Wagner,2026-01-22,ankle,soreness,Out,3.0,8.0,0.34,0.56,0.8,9,1
Tre Mann,2026-01-22,systemic,illness,Out,3.0,8.0,0.28,0.63,0.84,1,0
AJ Johnson,2026-01-22,systemic,illness,Questionable,1.0,1.7,0.59,0.93,1.0,1,0
Ja Morant,2026-01-23,elbow_arm,sprain,Out,6.0,12.3,0.17,0.33,0.63,40,0
Quenton Jackson,2026-01-23,ankle,sprain,Questionable,2.0,3.1,0.5,0.82,0.96,1,1
Ajay Mitchell,2026-01-23,back_core,strain,Out,4.0,7.1,0.19,0.41,0.8,20,1
Zach LaVine,2026-01-25,back_core,soreness,Out,3.0,10.8,0.3,0.51,0.77,2,0
Devin Booker,2026-01-25,ankle,sprain,Out,2.0,3.7,0.39,0.67,0.95,7,1
Jalen Green,2026-01-25,hamstring,management,Out,1.0,1.9,0.71,0.91,0.99,3,1
Jonathan Kuminga,2026-01-25,knee,soreness,Out,6.0,15.1,0.16,0.35,0.67,5,0
Davion Mitchell,2026-01-25,shoulder,sprain,Out,5.0,12.2,0.23,0.4,0.71,4,1
Cam Thomas,2026-01-25,ankle,sprain,Out,5.0,11.9,0.17,0.39,0.73,1,1
TyTy Washington Jr.,2026-01-25,hamstring,soreness,Out,8.0,15.5,0.09,0.24,0.6,1,0
Noah Clowney,2026-01-25,back_core,soreness,Out,2.0,4.0,0.45,0.72,0.93,5,1
Nolan Traore,2026-01-25,systemic,illness,Out,1.0,1.9,0.59,0.93,0.99,2,0
Al Horford,2026-01-26,foot,management,Out,1.0,1.2,0.92,0.99,1.0,1,1
Stephen Curry,2026-01-26,knee_ligament,tendinopathy,Out,1.0,2.2,0.67,0.9,0.97,1,1
Paul George,2026-01-26,knee,management,Out,1.0,1.8,0.84,0.93,0.98,1,1
Draymond Green,2026-01-26,back_core,soreness,Out,1.0,2.7,0.62,0.85,0.96,1,1
Joel Embiid,2026-01-26,knee,management,Out,1.0,2.2,0.8,0.91,0.97,1,1
Chris Boucher,2026-01-26,systemic,illness,Out,7.0,13.5,0.1,0.29,0.67,1,0
De'Anthony Melton,2026-01-26,knee,management,Out,1.0,1.5,0.87,0.96,0.99,1,1
De'Andre Hunter,2026-01-26,knee,soreness,Questionable,1.0,3.2,0.52,0.8,0.95,1,1
Anthony Edwards,2026-01-26,foot,management,Out,1.0,1.3,0.89,0.97,1.0,1,1
Deni Avdija,2026-01-26,back_core,strain,Questionable,2.0,4.0,0.38,0.72,0.94,1,1
Tre Jones,2026-01-26,hamstring,strain,Doubtful,2.0,3.5,0.38,0.72,0.95,10,0
Luka Garza,2026-01-26,systemic,illness,Out,2.0,2.3,0.47,0.89,0.98,1,1
Duop Reath,2026-01-26,foot,soreness,Out,9.0,15.8,0.09,0.26,0.59,4,0
LJ Cryer,2026-01-26,hamstring,soreness,Out,8.0,16.2,0.1,0.24,0.6,8,0
Giannis Antetokounmpo,2026-01-27,lower_leg,strain,Out,6.0,9.2,0.18,0.37,0.75,15,1
Aaron Gordon,2026-01-27,hamstring,strain,Out,6.0,6.8,0.15,0.35,0.84,17,1
Jusuf Nurkić,2026-01-27,systemic,illness,Doubtful,1.0,1.7,0.66,0.95,0.99,1,1
Malik Monk,2026-01-27,ankle,soreness,Questionable,2.0,4.0,0.46,0.75,0.93,2,1
Tyrese Martin,2026-01-27,knee,soreness,Questionable,3.0,9.8,0.3,0.57,0.8,1,0
Cason Wallace,2026-01-27,hip_groin,soreness,Questionable,1.0,2.5,0.51,0.83,0.98,1,0
Gary Payton II,2026-01-28,lower_leg,contusion,Probable,1.0,2.6,0.51,0.83,0.97,1,0
Evan Mobley,2026-01-28,lower_leg,strain,Out,4.0,5.5,0.22,0.47,0.88,9,1
Jeremy Sochan,2026-01-28,quad,soreness,Questionable,3.0,4.7,0.25,0.6,0.91,5,1
Leonard Miller,2026-01-28,back_core,soreness,Questionable,5.0,14.0,0.15,0.38,0.7,1,0
Cooper Flagg,2026-01-28,ankle,management,Questionable,1.0,2.0,0.71,0.91,0.98,1,0
Russell Westbrook,2026-01-29,foot,soreness,Out,2.0,4.0,0.45,0.72,0.92,3,1
Gary Harris,2026-01-29,hamstring,soreness,Out,6.0,13.5,0.21,0.37,0.67,4,1
Dorian Finney-Smith,2026-01-29,ankle,management,Out,1.0,1.4,0.88,0.96,0.99,1,1
Kevin Huerter,2026-01-29,back_core,soreness,Out,2.0,7.2,0.41,0.62,0.85,1,1
Quentin Grimes,2026-01-29,ankle,sprain,Out,3.0,4.5,0.29,0.59,0.93,1,1
Grant Williams,2026-01-29,knee,management,Out,1.0,1.9,0.87,0.95,0.98,1,1
Onyeka Okongwu,2026-01-29,head_face,fracture,Out,2.0,3.6,0.45,0.71,0.93,4,1
Ziaire Williams,2026-01-29,lower_leg,contusion,Out,4.0,10.7,0.28,0.49,0.75,3,1
Jalen Johnson,2026-01-29,lower_leg,soreness,Out,1.0,2.0,0.7,0.89,0.98,1,1
Cam Thomas,2026-01-29,hamstring,management,Out,1.0,3.7,0.73,0.85,0.93,1,1
Josh Giddey,2026-01-29,hamstring,strain,Out,2.0,4.9,0.47,0.66,0.89,8,0
Tari Eason,2026-01-29,lower_leg,management,Out,1.0,1.8,0.83,0.93,0.98,1,1
Egor Demin,2026-01-29,foot,management,Out,101.0,72.9,0.01,0.04,0.1,1,0
Kevin Love,2026-01-30,systemic,illness,Out,2.0,4.1,0.42,0.8,0.93,1,1
Khris Middleton,2026-01-30,knee,management,Out,1.0,2.8,0.77,0.89,0.95,1,1
Jusuf Nurkić,2026-01-30,systemic,illness,Out,1.0,2.6,0.54,0.88,0.97,1,1
Domantas Sabonis,2026-01-30,knee,management,Out,1.0,2.8,0.78,0.89,0.96,2,1
Miles McBride,2026-01-30,ankle,management,Out,1.0,1.9,0.74,0.9,0.98,27,1
Craig Porter Jr.,2026-01-30,knee,soreness,Out,4.0,8.7,0.23,0.48,0.78,1,1
Coby White,2026-01-31,lower_leg,management,Questionable,1.0,2.2,0.78,0.91,0.97,1,1
Jalen Smith,2026-01-31,lower_leg,soreness,Questionable,2.0,4.3,0.45,0.72,0.92,2,1
Emanuel Miller,2026-01-31,systemic,illness,Questionable,7.0,16.5,0.07,0.23,0.61,1,0
Kevin Huerter,2026-02-01,back_core,soreness,Out,1.0,5.3,0.51,0.67,0.89,2,1
Tyler Herro,2026-02-01,unknown,unknown,Out,5.0,9.5,0.2,0.4,0.75,6,1
Deni Avdija,2026-02-01,back_core,strain,Out,5.0,9.4,0.17,0.38,0.79,4,1
Jalen Green,2026-02-01,hamstring,contusion,Out,1.0,2.6,0.62,0.79,0.97,3,1
Nikola Jović,2026-02-01,hip_groin,tendinopathy,Out,4.0,12.3,0.3,0.48,0.73,1,1
Keyonte George,2026-02-01,ankle,sprain,Out,3.0,6.1,0.26,0.52,0.89,3,1
Alex Sarr,2026-02-01,lower_leg,soreness,Out,5.0,13.2,0.24,0.41,0.71,1,1
Stephon Castle,2026-02-01,hip_groin,soreness,Out,1.0,1.8,0.75,0.91,0.99,1,1
Bronny James,2026-02-01,lower_leg,soreness,Out,8.0,16.3,0.09,0.24,0.56,1,1
Tre Johnson,2026-02-01,ankle,sprain,Out,4.0,6.8,0.24,0.46,0.86,5,1
Kevin Durant,2026-02-02,ankle,sprain,Out,2.0,2.5,0.46,0.76,0.99,1,1
John Konchar,2026-02-02,unknown,contusion,Out,2.0,5.1,0.38,0.64,0.88,1,0
Santi Aldama,2026-02-02,knee,management,Out,3.0,12.5,0.38,0.55,0.75,1,1
Kevin Love,2026-02-03,systemic,illness,Out,2.0,3.0,0.5,0.84,0.96,2,1
Stephen Curry,2026-02-03,knee_ligament,soreness,Out,3.0,5.5,0.32,0.51,0.87,27,1
Andrew Wiggins,2026-02-03,hamstring,soreness,Out,2.0,3.5,0.45,0.64,0.95,1,1
Joel Embiid,2026-02-03,knee,management,Out,1.0,1.5,0.87,0.95,0.99,1,1
T.J. McConnell,2026-02-03,knee,management,Out,1.0,2.5,0.79,0.9,0.96,1,1
D'Angelo Russell,2026-02-03,systemic,illness,Out,5.0,13.9,0.13,0.35,0.67,1,0
Bobby Portis,2026-02-03,hip_groin,contusion,Out,3.0,5.9,0.34,0.57,0.87,2,1
Mitchell Robinson,2026-02-03,ankle,management,Out,1.0,1.8,0.81,0.91,0.98,1,1
P.J. Washington,2026-02-03,head_face,concussion,Out,3.0,5.3,0.24,0.54,0.89,2,1
Andrew Nembhard,2026-02-03,back_core,management,Out,1.0,2.0,0.81,0.92,0.98,1,1
Aaron Nesmith,2026-02-03,hand_wrist,strain,Out,2.0,5.5,0.41,0.6,0.88,1,1
Brandon Williams,2026-02-03,lower_leg,contusion,Questionable,3.0,7.3,0.28,0.58,0.84,2,1
Micah Potter,2026-02-03,hip_groin,contusion,Out,2.0,5.7,0.37,0.61,0.87,1,1
Julian Phillips,2026-02-03,hand_wrist,sprain,Questionable,5.0,15.4,0.2,0.42,0.67,1,0
Kelly Olynyk,2026-02-04,foot,soreness,Out,12.0,22.3,0.05,0.14,0.45,1,0
Jaylen Brown,2026-02-04,knee,soreness,Out,1.0,1.6,0.73,0.91,0.99,1,1
Dorian Finney-Smith,2026-02-04,ankle,management,Out,1.0,1.9,0.81,0.92,0.98,1,1
Alex Caruso,2026-02-04,hip_groin,management,Out,1.0,1.5,0.84,0.94,0.99,1,1
Isaiah Hartenstein,2026-02-04,head_face,unknown,Out,2.0,3.0,0.48,0.72,0.96,1,1
Josh Hart,2026-02-04,ankle,sprain,Out,3.0,3.6,0.35,0.63,0.96,1,1
Shai Gilgeous-Alexander,2026-02-04,back_core,strain,Out,2.0,2.9,0.49,0.69,0.97,8,0
Luguentz Dort,2026-02-04,knee_ligament,tendinopathy,Out,1.0,4.3,0.59,0.72,0.9,1,1
Lindy Waters III,2026-02-04,knee,dislocation,Out,15.0,28.5,0.07,0.18,0.42,7,0
Sam Hauser,2026-02-04,hand_wrist,strain,Out,3.0,4.0,0.29,0.55,0.93,1,1
Chet Holmgren,2026-02-04,back_core,soreness,Out,1.0,2.0,0.7,0.85,0.98,1,1
Dylan Harper,2026-02-04,ankle,soreness,Out,2.0,3.8,0.42,0.72,0.95,1,1
Tobias Harris,2026-02-05,hip_groin,soreness,Out,1.0,2.5,0.53,0.78,0.97,1,1
Luke Kornet,2026-02-05,ankle,soreness,Out,1.0,2.6,0.53,0.79,0.97,1,1
RJ Barrett,2026-02-05,knee,sprain,Out,1.0,2.7,0.63,0.87,0.96,1,1
Coby White,2026-02-05,lower_leg,strain,Out,4.0,12.0,0.15,0.29,0.72,7,1
Jae'Sean Tate,2026-02-05,hand_wrist,contusion,Out,4.0,7.5,0.25,0.49,0.78,2,0
Tari Eason,2026-02-05,lower_leg,management,Out,1.0,1.5,0.84,0.94,0.99,1,1
Tidjane Salaün,2026-02-05,systemic,illness,Out,4.0,8.5,0.16,0.45,0.8,1,0
KJ Simpson,2026-02-05,hip_groin,strain,Out,9.0,16.0,0.05,0.14,0.55,1,0
Kyle Anderson,2026-02-06,systemic,illness,Out,2.0,3.9,0.35,0.72,0.94,1,1
Karl-Anthony Towns,2026-02-06,head_face,contusion,Out,2.0,2.3,0.46,0.79,0.99,1,1
Domantas Sabonis,2026-02-06,back_core,soreness,Out,4.0,11.9,0.29,0.46,0.74,30,0
OG Anunoby,2026-02-06,foot,soreness,Out,2.0,2.9,0.43,0.73,0.96,4,0
Kyle Kuzma,2026-02-06,lower_leg,soreness,Out,4.0,6.9,0.31,0.5,0.85,1,1
Ty Jerome,2026-02-06,lower_leg,management,Out,1.0,2.7,0.78,0.9,0.96,1,1
Santi Aldama,2026-02-06,knee,management,Out,1.0,4.7,0.68,0.79,0.91,33,0
Jalen Duren,2026-02-06,knee,soreness,Out,3.0,5.8,0.39,0.78,0.88,1,1
Zach LaVine,2026-02-07,hand_wrist,soreness,Out,3.0,8.7,0.34,0.73,0.82,29,0
Kristaps Porziņģis,2026-02-07,achilles,management,Out,5.0,12.9,0.19,0.44,0.67,3,0
Malik Monk,2026-02-07,systemic,illness,Out,1.0,2.5,0.57,0.92,0.97,3,0
Grayson Allen,2026-02-07,knee,sprain,Out,3.0,4.1,0.3,0.82,0.93,4,1
Deandre Ayton,2026-02-07,knee,soreness,Out,3.0,6.3,0.29,0.5,0.88,1,1
Luka Dončić,2026-02-07,hamstring,strain,Out,4.0,4.9,0.11,0.28,0.92,4,1
Robert Williams III,2026-02-07,knee,management,Out,1.0,1.8,0.83,0.94,0.98,1,1
De'Andre Hunter,2026-02-07,head_face,unknown,Out,2.0,3.3,0.42,0.87,0.95,29,0
Dean Wade,2026-02-07,ankle,sprain,Out,3.0,6.1,0.17,0.65,0.85,3,0
Jalen Smith,2026-02-07,lower_leg,strain,Out,3.0,11.4,0.11,0.51,0.73,3,0
Jonathan Kuminga,2026-02-07,knee,contusion,Out,10.0,20.6,0.08,0.25,0.53,6,1
Isaiah Livers,2026-02-07,shoulder,sprain,Out,7.0,14.7,0.1,0.36,0.62,3,0
Scotty Pippen Jr.,2026-02-07,foot,management,Out,1.0,1.2,0.92,0.99,1.0,1,1
Scoot Henderson,2026-02-07,hamstring,management,Out,1.0,1.3,0.89,0.97,0.99,1,1
Shaedon Sharpe,2026-02-07,lower_leg,soreness,Out,4.0,9.7,0.22,0.4,0.8,28,1
Peyton Watson,2026-02-07,hamstring,strain,Out,3.0,2.8,0.23,0.88,0.99,19,1
Bilal Coulibaly,2026-02-07,back_core,soreness,Out,3.0,8.4,0.33,0.74,0.84,1,1
Alex Sarr,2026-02-07,ankle,soreness,Out,3.0,7.5,0.22,0.74,0.86,1,1
Kyshawn George,2026-02-07,knee,contusion,Out,3.0,7.4,0.22,0.76,0.86,1,1
Cam Spencer,2026-02-07,ankle,soreness,Out,1.0,2.2,0.58,0.93,0.98,1,1
Jaylen Wells,2026-02-07,shoulder,soreness,Out,2.0,4.5,0.44,0.85,0.92,1,1
Spencer Jones,2026-02-07,head_face,concussion,Out,3.0,2.7,0.26,0.86,0.99,3,1
Cedric Coward,2026-02-07,shoulder,soreness,Out,2.0,3.1,0.49,0.92,0.96,1,1
Anthony Davis,2026-02-08,hand_wrist,sprain,Out,4.0,8.6,0.15,0.45,0.72,31,0
Darius Garland,2026-02-08,foot,sprain,Out,7.0,16.6,0.08,0.31,0.59,8,1
Anthony Gill,2026-02-08,hand_wrist,contusion,Out,1.0,3.6,0.57,0.83,0.92,1,1
Sam Hauser,2026-02-08,back_core,soreness,Out,1.0,1.9,0.53,0.95,0.99,1,1
Pelle Larsson,2026-02-08,elbow_arm,contusion,Out,3.0,5.6,0.23,0.71,0.88,3,1
Joel Embiid,2026-02-09,knee,management,Out,1.0,2.3,0.7,0.94,0.97,5,1
Norman Powell,2026-02-09,back_core,soreness,Out,1.0,2.2,0.6,0.91,0.97,2,1
Michael Porter Jr.,2026-02-09,knee,tendinopathy,Out,2.0,9.7,0.21,0.73,0.81,2,0
Quentin Grimes,2026-02-09,systemic,illness,Out,1.0,1.7,0.54,0.96,0.99,2,0
Jalen Johnson,2026-02-09,knee,tendinopathy,Out,2.0,3.3,0.31,0.89,0.95,1,1
Dyson Daniels,2026-02-09,ankle,tendinopathy,Out,2.0,3.4,0.31,0.89,0.95,1,1
Dominick Barlow,2026-02-09,systemic,illness,Out,2.0,2.1,0.43,0.93,0.99,1,1
Keyonte George,2026-02-09,ankle,sprain,Out,3.0,11.0,0.11,0.62,0.78,6,1
Walter Clayton Jr.,2026-02-09,lower_leg,contusion,Out,2.0,5.1,0.26,0.79,0.9,3,1
Liam McNeeley,2026-02-09,ankle,sprain,Out,9.0,17.2,0.06,0.24,0.56,7,0
LeBron James,2026-02-10,foot,unknown,Out,1.0,1.5,0.68,0.97,0.99,1,1
Marcus Smart,2026-02-10,ankle,soreness,Out,1.0,1.4,0.74,0.98,1.0,1,1
Ivica Zubac,2026-02-10,ankle,sprain,Out,2.0,8.0,0.16,0.64,0.83,12,1
Mitchell Robinson,2026-02-10,ankle,management,Out,1.0,1.5,0.81,0.96,0.99,1,1
Deandre Ayton,2026-02-10,knee,soreness,Out,1.0,1.9,0.65,0.95,0.98,2,1
Austin Reaves,2026-02-10,lower_leg,management,Out,1.0,1.4,0.83,0.97,0.99,1,1
Jarace Walker,2026-02-10,systemic,illness,Out,1.0,1.8,0.55,0.96,0.99,1,1
Johnny Furphy,2026-02-10,knee_ligament,rupture_tear,Out,83.0,66.1,0.02,0.1,0.15,29,0
Russell Westbrook,2026-02-11,ankle,soreness,Out,1.0,4.2,0.71,0.8,0.91,1,0
Andrew Wiggins,2026-02-11,foot,tendinopathy,Out,1.0,2.2,0.84,0.91,0.96,1,1
T.J. McConnell,2026-02-11,hamstring,soreness,Out,1.0,5.7,0.59,0.72,0.86,2,1
Devin Booker,2026-02-11,ankle,management,Out,1.0,1.2,0.94,0.98,1.0,6,1
Pascal Siakam,2026-02-11,hamstring,soreness,Out,1.0,1.8,0.86,0.93,0.98,1,0
Dorian Finney-Smith,2026-02-11,ankle,management,Out,1.0,1.4,0.88,0.96,0.99,1,0
Andrew Nembhard,2026-02-11,back_core,management,Out,1.0,1.8,0.89,0.95,0.98,3,1
Nic Claxton,2026-02-11,hip_groin,soreness,Out,1.0,4.0,0.76,0.84,0.92,3,1
Isaac Okoro,2026-02-11,knee,soreness,Out,1.0,3.4,0.78,0.85,0.93,1,0
Aaron Nesmith,2026-02-11,back_core,soreness,Out,1.0,2.8,0.79,0.88,0.95,1,0
Jalen Green,2026-02-11,hamstring,management,Out,1.0,1.3,0.89,0.96,1.0,1,0
Ryan Rollins,2026-02-11,foot,tendinopathy,Out,2.0,2.8,0.42,0.88,0.95,2,1
Jett Howard,2026-02-11,ankle,sprain,Out,6.0,18.4,0.24,0.37,0.59,1,0
Noah Clowney,2026-02-11,ankle,sprain,Out,1.0,6.7,0.64,0.73,0.85,1,0
Tristan Vukcevic,2026-02-11,systemic,illness,Out,2.0,4.4,0.5,0.74,0.91,1,0
Alex Sarr,2026-02-11,hamstring,soreness,Out,1.0,8.5,0.6,0.68,0.81,10,1
Yves Missi,2026-02-11,lower_leg,soreness,Out,1.0,8.9,0.57,0.67,0.8,5,1
Collin Murray-Boyles,2026-02-11,hand_wrist,sprain,Out,1.0,7.0,0.58,0.68,0.83,1,0
Micah Peavy,2026-02-11,foot,sprain,Out,5.0,11.8,0.24,0.42,0.68,4,0
Cedric Coward,2026-02-11,knee,soreness,Out,1.0,9.0,0.59,0.67,0.8,7,1
Will Richard,2026-02-11,knee,contusion,Out,2.0,9.1,0.5,0.63,0.8,1,0
Myles Turner,2026-02-12,lower_leg,soreness,Out,1.0,1.8,0.86,0.92,0.98,2,1
Isaiah Hartenstein,2026-02-12,lower_leg,management,Out,1.0,1.3,0.91,0.97,0.99,1,1
Jaren Jackson Jr.,2026-02-12,knee,management,Out,1.0,1.6,0.9,0.96,0.98,27,0
Caleb Martin,2026-02-12,ankle,sprain,Out,3.0,9.3,0.41,0.56,0.77,1,1
Robert Williams III,2026-02-12,knee,management,Out,1.0,2.4,0.81,0.91,0.96,1,1
Deni Avdija,2026-02-12,back_core,management,Out,1.0,1.6,0.9,0.95,0.98,1,1
Jalen Williams,2026-02-12,hamstring,strain,Out,1.0,3.2,0.65,0.76,0.93,16,1
Branden Carlson,2026-02-12,back_core,soreness,Out,5.0,12.9,0.19,0.38,0.68,1,0
Cooper Flagg,2026-02-12,foot,sprain,Out,1.0,6.0,0.65,0.73,0.86,8,1
Franz Wagner,2026-02-19,ankle,sprain,Out,5.0,12.9,0.19,0.37,0.71,22,1
Nae'Qwan Tomlin,2026-02-19,lower_leg,soreness,Out,6.0,10.3,0.16,0.36,0.74,1,1
Dylan Cardwell,2026-02-19,ankle,sprain,Out,4.0,7.1,0.17,0.43,0.83,11,1
Kentavious Caldwell-Pope,2026-02-20,hand_wrist,surgery,Out,9.0,14.7,0.11,0.26,0.54,29,0
Jusuf Nurkić,2026-02-20,head_face,management,Out,2.0,4.2,0.41,0.67,0.92,26,0
Pascal Siakam,2026-02-20,hamstring,management,Out,4.0,8.7,0.27,0.47,0.77,1,1
Lauri Markkanen,2026-02-20,systemic,illness,Out,2.0,5.5,0.32,0.68,0.9,1,1
Ty Jerome,2026-02-20,lower_leg,management,Out,2.0,9.4,0.45,0.62,0.8,1,1
Grant Williams,2026-02-20,knee,management,Out,1.0,4.8,0.55,0.76,0.9,1,1
Aaron Nesmith,2026-02-20,ankle,sprain,Out,5.0,13.2,0.15,0.33,0.68,5,1
Trey Murphy III,2026-02-20,shoulder,contusion,Out,5.0,13.4,0.18,0.39,0.67,5,1
Scotty Pippen Jr.,2026-02-20,foot,management,Out,2.0,8.3,0.47,0.66,0.82,1,1
Max Christie,2026-02-20,ankle,sprain,Out,4.0,7.3,0.19,0.46,0.83,1,1
Kyshawn George,2026-02-20,foot,sprain,Out,8.0,19.2,0.1,0.26,0.56,1,1
Kyle Anderson,2026-02-21,knee,soreness,Out,1.0,5.3,0.51,0.71,0.88,2,0
Davion Mitchell,2026-02-21,head_face,illness,Out,1.0,1.5,0.75,0.95,1.0,1,1
Jalen Suggs,2026-02-21,back_core,soreness,Out,4.0,9.6,0.2,0.41,0.77,3,1
Jaden Ivey,2026-02-21,knee_ligament,soreness,Out,11.0,23.3,0.09,0.22,0.48,18,0
Nikola Jović,2026-02-21,back_core,soreness,Out,2.0,7.0,0.38,0.59,0.83,11,0
Draymond Green,2026-02-22,back_core,soreness,Out,4.0,7.7,0.21,0.47,0.81,1,1
Kristaps Porziņģis,2026-02-22,systemic,illness,Out,4.0,12.4,0.17,0.44,0.71,6,1
T.J. McConnell,2026-02-22,hamstring,soreness,Out,5.0,12.1,0.19,0.39,0.69,1,1
Alex Caruso,2026-02-22,ankle,sprain,Out,4.0,6.0,0.2,0.48,0.86,1,1
John Collins,2026-02-22,head_face,contusion,Out,1.0,3.4,0.5,0.76,0.94,2,1
Dillon Brooks,2026-02-22,hand_wrist,fracture,Out,6.0,11.6,0.13,0.37,0.64,18,1
Grayson Allen,2026-02-22,knee,management,Out,1.0,1.4,0.87,0.97,0.99,1,1
Mitchell Robinson,2026-02-22,ankle,management,Out,1.0,1.5,0.86,0.95,0.99,1,1
Anfernee Simons,2026-02-22,hand_wrist,sprain,Out,8.0,16.2,0.15,0.32,0.59,25,0
Jalen Pickett,2026-02-22,knee,soreness,Out,9.0,20.2,0.09,0.22,0.54,1,0
Naz Reid,2026-02-22,shoulder,soreness,Out,3.0,6.6,0.35,0.63,0.84,1,1
Justin Champagnie,2026-02-22,knee,tendinopathy,Out,8.0,21.3,0.13,0.31,0.56,1,1
Jordan Goodwin,2026-02-22,lower_leg,strain,Out,3.0,6.4,0.25,0.55,0.82,7,1
Tristan Vukcevic,2026-02-22,hand_wrist,contusion,Out,6.0,15.7,0.17,0.37,0.63,1,1
Johni Broome,2026-02-22,knee_ligament,rupture_tear,Out,50.0,55.0,0.02,0.05,0.16,26,0
Ty Jerome,2026-02-23,systemic,illness,Out,1.0,2.2,0.55,0.91,0.98,1,1
Jae'Sean Tate,2026-02-23,knee,sprain,Out,12.0,21.2,0.07,0.19,0.46,14,1
Devin Carter,2026-02-23,back_core,soreness,Out,5.0,12.4,0.16,0.41,0.72,1,0
Al Horford,2026-02-24,foot,management,Out,1.0,2.0,0.81,0.92,0.97,1,1
Jakob Pöltl,2026-02-24,back_core,strain,Out,2.0,6.4,0.4,0.58,0.84,1,1
Jaylen Brown,2026-02-24,knee,contusion,Out,1.0,3.8,0.54,0.77,0.92,1,1
Pascal Siakam,2026-02-24,hand_wrist,sprain,Doubtful,2.0,9.0,0.31,0.62,0.8,3,1
Jaxson Hayes,2026-02-24,ankle,sprain,Doubtful,2.0,4.4,0.37,0.7,0.92,1,1
Deni Avdija,2026-02-24,back_core,management,Out,1.0,5.5,0.58,0.76,0.9,6,1
Jalen Smith,2026-02-24,lower_leg,strain,Out,9.0,20.3,0.1,0.24,0.54,5,1
Russell Westbrook,2026-02-26,quad,contusion,Out,1.0,2.2,0.69,0.88,0.98,1,1
Kawhi Leonard,2026-02-26,ankle,soreness,Out,1.0,3.5,0.52,0.75,0.94,1,1
Lauri Markkanen,2026-02-26,ankle,sprain,Out,4.0,10.5,0.23,0.46,0.77,24,0
P.J. Washington,2026-02-26,ankle,sprain,Out,3.0,7.4,0.28,0.53,0.84,3,1
Rui Hachimura,2026-02-26,systemic,unknown,Out,2.0,3.6,0.38,0.74,0.94,2,1
Nickeil Alexander-Walker,2026-02-26,foot,sprain,Out,4.0,12.8,0.2,0.43,0.69,1,1
Daniel Gafford,2026-02-26,ankle,management,Out,1.0,2.6,0.75,0.9,0.97,1,1
Patrick Williams,2026-02-26,quad,strain,Out,4.0,9.9,0.21,0.43,0.76,4,1
Jalen Johnson,2026-02-26,hip_groin,tendinopathy,Out,4.0,11.9,0.21,0.46,0.71,1,1
Keegan Murray,2026-02-26,ankle,sprain,Out,4.0,13.8,0.26,0.45,0.72,22,0
Vince Williams Jr.,2026-02-26,knee,management,Out,1.0,8.4,0.51,0.7,0.84,7,0
Donovan Clingan,2026-02-26,systemic,unknown,Out,2.0,4.7,0.35,0.74,0.92,1,1
Kyshawn George,2026-02-26,knee,contusion,Out,5.0,15.1,0.22,0.44,0.68,1,1
James Harden,2026-02-27,hand_wrist,fracture,Out,5.0,9.2,0.16,0.44,0.65,1,1
Donovan Mitchell,2026-02-27,hip_groin,strain,Out,3.0,3.9,0.28,0.69,0.93,3,1
Marvin Bagley III,2026-02-27,neck,sprain,Out,2.0,4.7,0.47,0.71,0.9,5,1
Caleb Martin,2026-02-27,back_core,soreness,Out,2.0,5.0,0.48,0.69,0.89,1,1
Ty Jerome,2026-02-27,quad,contusion,Out,2.0,5.2,0.42,0.7,0.89,2,1
Dean Wade,2026-02-27,ankle,sprain,Out,3.0,4.8,0.28,0.65,0.9,3,1
Keon Ellis,2026-02-27,hand_wrist,fracture,Out,10.0,18.4,0.12,0.32,0.52,1,1
Branden Carlson,2026-02-27,back_core,strain,Out,7.0,15.8,0.09,0.27,0.62,11,1
Norman Powell,2026-02-28,hip_groin,strain,Out,6.0,12.4,0.14,0.31,0.68,7,1
Jabari Smith Jr.,2026-02-28,ankle,sprain,Out,2.0,4.2,0.33,0.66,0.92,2,1
Collin Murray-Boyles,2026-02-28,hand_wrist,sprain,Out,6.0,11.9,0.19,0.38,0.66,11,1
Thanasis Antetokounmpo,2026-03-01,systemic,illness,Out,2.0,5.0,0.27,0.66,0.9,1,1
Joel Embiid,2026-03-01,back_core,strain,Out,4.0,8.6,0.21,0.45,0.78,13,1
Robert Williams III,2026-03-01,knee,management,Out,1.0,1.8,0.86,0.94,0.98,1,1
Andrew Nembhard,2026-03-01,back_core,soreness,Out,3.0,9.1,0.37,0.58,0.81,1,1
Zion Williamson,2026-03-01,ankle,sprain,Out,5.0,12.9,0.19,0.4,0.72,1,1
Nic Claxton,2026-03-01,hand_wrist,sprain,Out,7.0,16.5,0.16,0.33,0.61,1,1
Naji Marshall,2026-03-01,hand_wrist,contusion,Out,4.0,12.1,0.26,0.48,0.71,2,1
Anthony Black,2026-03-01,quad,contusion,Out,3.0,8.2,0.31,0.58,0.83,2,1
Spencer Jones,2026-03-01,shoulder,strain,Out,7.0,14.7,0.1,0.29,0.63,3,1
Egor Demin,2026-03-01,foot,management,Out,101.0,73.5,0.01,0.03,0.09,6,0
Jaylen Brown,2026-03-02,systemic,illness,Out,1.0,1.2,0.85,0.99,1.0,1,1
Gary Payton II,2026-03-02,ankle,tendinopathy,Out,3.0,9.4,0.31,0.54,0.79,2,1
John Collins,2026-03-02,neck,soreness,Out,1.0,5.7,0.54,0.72,0.88,7,1
Cameron Johnson,2026-03-02,ankle,tendinopathy,Out,1.0,2.5,0.65,0.85,0.96,2,1
Anthony Gill,2026-03-02,systemic,illness,Out,1.0,1.8,0.61,0.94,0.99,2,1
Tristan Vukcevic,2026-03-02,quad,contusion,Out,3.0,6.6,0.32,0.62,0.86,4,1
Leaky Black,2026-03-02,ankle,sprain,Out,3.0,6.8,0.23,0.52,0.84,1,1
Will Richard,2026-03-02,ankle,sprain,Out,4.0,8.9,0.2,0.43,0.8,4,1
Klay Thompson,2026-03-03,hip_groin,contusion,Out,3.0,5.7,0.3,0.59,0.87,1,1
Harrison Barnes,2026-03-03,ankle,soreness,Out,2.0,4.6,0.38,0.66,0.91,5,1
Kelly Oubre Jr.,2026-03-03,systemic,illness,Out,1.0,1.7,0.63,0.94,0.99,2,1
Isaiah Hartenstein,2026-03-03,lower_leg,management,Out,1.0,1.5,0.85,0.95,0.99,1,1
Wendell Carter Jr.,2026-03-03,ankle,soreness,Out,2.0,4.1,0.48,0.73,0.93,1,1
Shai Gilgeous-Alexander,2026-03-03,back_core,strain,Out,1.0,3.1,0.53,0.74,0.95,1,1
Coby White,2026-03-03,lower_leg,management,Out,1.0,3.3,0.75,0.87,0.95,1,1
Kyshawn George,2026-03-03,elbow_arm,sprain,Out,5.0,14.0,0.21,0.4,0.67,22,0
Jamir Watkins,2026-03-03,ankle,sprain,Out,3.0,5.5,0.28,0.58,0.88,4,1
Mitchell Robinson,2026-03-04,ankle,management,Out,1.0,1.4,0.87,0.97,0.99,1,1
Kevin Porter Jr.,2026-03-04,knee,effusion,Out,4.0,11.4,0.29,0.5,0.74,4,1
Ty Jerome,2026-03-04,lower_leg,management,Out,1.0,1.7,0.87,0.95,0.98,1,1
Grant Williams,2026-03-04,knee,management,Out,1.0,1.8,0.88,0.95,0.98,1,1
Jonathan Kuminga,2026-03-04,knee,tendinopathy,Out,3.0,15.4,0.34,0.52,0.69,3,1
Scotty Pippen Jr.,2026-03-04,foot,management,Out,1.0,2.3,0.84,0.92,0.97,1,1
Kris Murray,2026-03-04,systemic,unknown,Out,3.0,8.3,0.2,0.55,0.82,2,1
Taylor Hendricks,2026-03-04,systemic,illness,Out,1.0,1.7,0.73,0.94,0.99,1,1
Tidjane Salaün,2026-03-04,knee,sprain,Out,7.0,17.4,0.11,0.28,0.6,13,0
VJ Edgecombe,2026-03-04,back_core,contusion,Out,1.0,3.2,0.59,0.77,0.94,3,1
Cedric Coward,2026-03-04,knee,management,Out,1.0,2.1,0.81,0.92,0.97,1,1
Jonathan Isaac,2026-03-05,knee,soreness,Out,12.0,27.6,0.11,0.24,0.46,3,0
Maxi Kleber,2026-03-05,back_core,soreness,Out,4.0,7.5,0.27,0.49,0.8,2,1
Brandon Williams,2026-03-05,quad,contusion,Out,2.0,3.5,0.46,0.76,0.94,1,1
Moses Moody,2026-03-05,hand_wrist,sprain,Out,6.0,15.3,0.15,0.33,0.64,10,1
Josh Giddey,2026-03-05,ankle,sprain,Out,3.0,8.7,0.28,0.52,0.82,1,1
Mark Williams,2026-03-05,foot,fracture,Out,13.0,18.8,0.1,0.21,0.44,15,1
Simone Fontecchio,2026-03-05,hip_groin,strain,Out,6.0,12.0,0.13,0.32,0.69,3,1
Keyonte George,2026-03-05,ankle,management,Out,1.0,1.9,0.82,0.93,0.98,1,1
Matas Buzelis,2026-03-05,ankle,sprain,Out,4.0,11.2,0.22,0.42,0.77,1,1
LeBron James,2026-03-06,foot,unknown,Out,1.0,1.6,0.77,0.94,0.99,3,1
Andrew Wiggins,2026-03-06,foot,tendinopathy,Out,1.0,3.7,0.61,0.79,0.92,8,1
Deandre Ayton,2026-03-06,knee,soreness,Out,3.0,8.8,0.35,0.56,0.79,1,1
Darius Garland,2026-03-06,foot,management,Out,1.0,2.7,0.77,0.89,0.96,1,1
Daniel Gafford,2026-03-06,ankle,management,Out,1.0,1.2,0.91,0.98,1.0,1,1
Jabari Smith Jr.,2026-03-06,ankle,sprain,Out,1.0,2.5,0.56,0.83,0.98,1,1
Jordan Walsh,2026-03-06,systemic,illness,Out,2.0,3.2,0.44,0.83,0.96,1,0
Kyle Anderson,2026-03-07,knee,soreness,Out,3.0,10.4,0.31,0.5,0.75,1,1
Alex Caruso,2026-03-07,hip_groin,contusion,Out,2.0,3.5,0.42,0.74,0.93,2,1
Isaiah Hartenstein,2026-03-07,lower_leg,contusion,Out,2.0,3.9,0.43,0.72,0.91,3,1
De'Anthony Melton,2026-03-07,knee,management,Out,1.0,2.8,0.74,0.89,0.96,1,1
Cade Cunningham,2026-03-07,quad,contusion,Out,1.0,2.2,0.6,0.86,0.98,1,1
Chet Holmgren,2026-03-07,systemic,illness,Out,1.0,1.5,0.71,0.97,1.0,2,1
Ausar Thompson,2026-03-07,ankle,sprain,Out,4.0,8.5,0.16,0.41,0.8,5,1
Jase Richardson,2026-03-07,back_core,soreness,Out,6.0,13.5,0.13,0.33,0.66,2,0
DeMar DeRozan,2026-03-08,systemic,illness,Out,1.0,2.1,0.58,0.91,0.98,1,1
Nikola Vučević,2026-03-08,hand_wrist,fracture,Out,12.0,16.2,0.08,0.21,0.46,14,1
Giannis Antetokounmpo,2026-03-08,lower_leg,management,Out,1.0,1.4,0.89,0.97,0.99,1,1
Caris LeVert,2026-03-08,hand_wrist,sprain,Out,4.0,7.7,0.25,0.47,0.79,3,1
Jarrett Allen,2026-03-08,knee,tendinopathy,Out,3.0,9.0,0.29,0.52,0.76,10,1
Kyle Kuzma,2026-03-08,back_core,contusion,Out,1.0,3.0,0.66,0.85,0.96,1,1
Grayson Allen,2026-03-08,knee,management,Out,1.0,2.3,0.75,0.89,0.97,1,1
Anthony Black,2026-03-08,back_core,strain,Out,6.0,11.3,0.17,0.34,0.71,16,1
Tyrese Proctor,2026-03-08,quad,strain,Out,8.0,15.2,0.09,0.26,0.62,8,0
Al Horford,2026-03-09,foot,management,Out,1.0,1.9,0.82,0.93,0.98,1,1
Kristaps Porziņģis,2026-03-09,systemic,illness,Out,1.0,1.6,0.81,0.96,0.99,1,1
Mitchell Robinson,2026-03-09,ankle,management,Out,1.0,1.3,0.89,0.97,1.0,1,1
Ty Jerome,2026-03-09,lower_leg,management,Out,1.0,2.2,0.81,0.93,0.97,1,1
Tyrese Maxey,2026-03-09,hand_wrist,sprain,Out,4.0,10.1,0.23,0.44,0.73,10,1
Scotty Pippen Jr.,2026-03-09,foot,soreness,Out,3.0,7.6,0.35,0.59,0.82,20,0
Taylor Hendricks,2026-03-09,hand_wrist,soreness,Out,4.0,16.5,0.24,0.43,0.67,1,1
Isaiah Collier,2026-03-09,systemic,illness,Out,2.0,3.1,0.5,0.86,0.96,1,1
Ace Bailey,2026-03-09,systemic,illness,Out,1.0,2.9,0.51,0.87,0.97,1,1
Cedric Coward,2026-03-09,knee,management,Out,1.0,3.8,0.71,0.85,0.94,1,1
Seth Curry,2026-03-10,unknown,management,Out,1.0,1.6,0.81,0.94,0.99,1,1
T.J. McConnell,2026-03-10,hamstring,soreness,Out,4.0,11.3,0.26,0.47,0.74,2,1
Bobby Portis,2026-03-10,back_core,contusion,Out,3.0,8.1,0.34,0.59,0.83,1,1
Jakob Pöltl,2026-03-10,systemic,illness,Out,1.0,1.8,0.65,0.93,0.99,1,1
Pascal Siakam,2026-03-10,knee,sprain,Out,5.0,14.3,0.2,0.39,0.67,6,1
De'Anthony Melton,2026-03-10,hip_groin,soreness,Out,1.0,3.1,0.63,0.81,0.95,1,1
Collin Sexton,2026-03-10,lower_leg,contusion,Out,3.0,8.4,0.29,0.55,0.81,4,1
Trae Young,2026-03-10,knee,management,Out,1.0,1.7,0.82,0.94,0.98,1,1
Andrew Nembhard,2026-03-10,back_core,soreness,Out,3.0,10.5,0.33,0.55,0.79,1,1
Coby White,2026-03-10,lower_leg,management,Out,1.0,3.0,0.77,0.9,0.95,1,1
Tyler Herro,2026-03-10,quad,soreness,Out,1.0,3.7,0.55,0.8,0.93,2,1
Isaac Okoro,2026-03-10,knee_ligament,soreness,Out,6.0,19.8,0.22,0.41,0.63,7,1
Patrick Williams,2026-03-10,ankle,sprain,Out,6.0,15.6,0.15,0.36,0.68,2,1
Payton Pritchard,2026-03-10,neck,soreness,Out,1.0,3.3,0.53,0.79,0.95,1,1
Lindy Waters III,2026-03-10,systemic,illness,Out,3.0,5.3,0.23,0.62,0.89,1,0
Ziaire Williams,2026-03-10,systemic,illness,Out,1.0,3.3,0.56,0.86,0.95,2,1
Day'Ron Sharpe,2026-03-10,hand_wrist,sprain,Out,4.0,11.5,0.26,0.47,0.73,18,0
Jericho Sims,2026-03-10,knee_ligament,tendinopathy,Out,9.0,19.2,0.17,0.32,0.54,1,1
Trayce Jackson-Davis,2026-03-10,hand_wrist,dislocation,Out,18.0,32.8,0.05,0.14,0.35,1,1
Kel'el Ware,2026-03-10,shoulder,strain,Out,6.0,16.0,0.15,0.35,0.64,1,1
Quinten Post,2026-03-10,foot,soreness,Out,2.0,7.6,0.5,0.66,0.82,1,1
Walter Clayton Jr.,2026-03-10,ankle,sprain,Out,2.0,5.4,0.4,0.68,0.9,3,1
Liam McNeeley,2026-03-10,ankle,sprain,Out,11.0,20.8,0.06,0.18,0.5,3,0
Russell Westbrook,2026-03-11,quad,contusion,Out,1.0,2.3,0.69,0.88,0.97,1,1
Dorian Finney-Smith,2026-03-11,ankle,management,Out,1.0,1.2,0.91,0.98,1.0,1,1
Malik Monk,2026-03-11,ankle,soreness,Out,3.0,10.5,0.36,0.57,0.79,4,1
Josh Hart,2026-03-11,knee,soreness,Out,1.0,2.7,0.59,0.83,0.96,2,1
Grant Williams,2026-03-11,knee,management,Out,1.0,1.7,0.86,0.95,0.98,1,1
John Konchar,2026-03-11,lower_leg,soreness,Out,3.0,10.4,0.31,0.53,0.75,3,1
Ayo Dosunmu,2026-03-11,hand_wrist,sprain,Out,3.0,7.6,0.29,0.51,0.81,1,1
Bryce McGowens,2026-03-11,foot,fracture,Out,28.0,41.4,0.06,0.14,0.29,16,0
Devin Carter,2026-03-11,lower_leg,soreness,Out,5.0,17.8,0.31,0.45,0.65,5,1
Andre Drummond,2026-03-12,back_core,soreness,Out,4.0,9.0,0.25,0.48,0.78,2,1
Aaron Gordon,2026-03-12,hamstring,management,Out,1.0,1.2,0.91,0.98,1.0,1,1
Marcus Smart,2026-03-12,hip_groin,contusion,Out,1.0,2.2,0.61,0.86,0.98,1,1
Kelly Oubre Jr.,2026-03-12,elbow_arm,sprain,Out,5.0,9.7,0.19,0.39,0.71,8,1
Guerschon Yabusele,2026-03-12,foot,soreness,Out,3.0,7.5,0.32,0.58,0.84,1,1
Jayson Tatum,2026-03-12,achilles,management,Out,1.0,1.2,0.89,0.98,1.0,1,1
Derrick White,2026-03-12,knee,contusion,Out,1.0,2.6,0.58,0.84,0.96,1,1
Maxi Kleber,2026-03-12,back_core,strain,Out,6.0,10.0,0.15,0.33,0.72,6,0
Grayson Allen,2026-03-12,knee,management,Out,1.0,2.2,0.79,0.91,0.97,1,1
Michael Porter Jr.,2026-03-12,ankle,sprain,Out,5.0,13.5,0.19,0.39,0.71,17,0
Jaxson Hayes,2026-03-12,back_core,soreness,Out,3.0,6.1,0.32,0.58,0.87,1,1
Ty Jerome,2026-03-12,lower_leg,management,Out,1.0,2.4,0.82,0.92,0.97,1,1
Obi Toppin,2026-03-12,foot,management,Out,1.0,2.5,0.79,0.91,0.97,1,1
Aaron Nesmith,2026-03-12,ankle,management,Out,1.0,3.1,0.75,0.88,0.96,1,1
Dyson Daniels,2026-03-12,foot,sprain,Out,3.0,8.3,0.24,0.51,0.8,1,1
Quenton Jackson,2026-03-12,lower_leg,soreness,Out,5.0,13.7,0.21,0.41,0.67,2,1
Victor Wembanyama,2026-03-12,ankle,soreness,Out,1.0,2.0,0.64,0.89,0.99,1,1
Adem Bona,2026-03-12,back_core,soreness,Out,4.0,10.1,0.22,0.45,0.75,1,1
Cam Spencer,2026-03-12,back_core,soreness,Out,3.0,9.2,0.28,0.54,0.79,1,1
Egor Dëmin,2026-03-12,foot,management,Out,7.0,19.3,0.18,0.35,0.61,17,0
Cedric Coward,2026-03-12,knee,management,Out,1.0,4.1,0.73,0.85,0.93,1,1
Tobias Harris,2026-03-13,hip_groin,soreness,Out,1.0,2.4,0.62,0.83,0.97,1,1
Draymond Green,2026-03-13,back_core,management,Out,1.0,2.6,0.72,0.88,0.96,2,1
Karl-Anthony Towns,2026-03-13,knee,soreness,Out,1.0,4.3,0.52,0.78,0.91,1,1
P.J. Washington,2026-03-13,ankle,soreness,Out,1.0,3.6,0.66,0.83,0.95,1,1
Robert Williams III,2026-03-13,knee,management,Out,1.0,4.0,0.7,0.86,0.93,1,1
Darius Garland,2026-03-13,foot,management,Out,1.0,3.4,0.74,0.86,0.94,1,1
Jalen Smith,2026-03-13,lower_leg,strain,Out,2.0,7.3,0.48,0.64,0.84,1,1
Sam Merrill,2026-03-13,hamstring,soreness,Out,2.0,4.0,0.38,0.66,0.92,2,1
Alperen Sengun,2026-03-13,back_core,soreness,Out,2.0,4.8,0.48,0.68,0.89,2,1
Jeremy Sochan,2026-03-13,systemic,illness,Out,2.0,4.7,0.26,0.66,0.9,1,0
GG Jackson,2026-03-13,foot,soreness,Out,1.0,3.8,0.63,0.81,0.93,2,1
Keyonte George,2026-03-13,hamstring,strain,Out,8.0,18.6,0.09,0.25,0.57,16,0
Jaylen Wells,2026-03-13,shoulder,contusion,Out,1.0,5.8,0.59,0.75,0.89,1,1
Giannis Antetokounmpo,2026-03-14,ankle,sprain,Out,2.0,4.4,0.4,0.68,0.92,1,1
Jonathan Isaac,2026-03-14,knee,sprain,Out,16.0,31.9,0.07,0.17,0.4,24,0
Drew Eubanks,2026-03-14,hand_wrist,soreness,Out,7.0,18.1,0.16,0.33,0.61,15,0
Jonathan Kuminga,2026-03-14,knee,management,Out,1.0,3.8,0.7,0.85,0.94,1,1
Jabari Walker,2026-03-14,systemic,illness,Out,2.0,3.3,0.43,0.82,0.95,3,1
Ousmane Dieng,2026-03-14,systemic,illness,Out,2.0,2.7,0.45,0.86,0.97,2,1
Jett Howard,2026-03-14,systemic,illness,Out,1.0,2.1,0.54,0.91,0.99,1,1
Dylan Harper,2026-03-14,lower_leg,contusion,Out,2.0,5.5,0.35,0.62,0.88,2,1
Drake Powell,2026-03-14,knee,management,Out,1.0,2.6,0.74,0.88,0.96,1,1
Al Horford,2026-03-15,lower_leg,strain,Out,8.0,13.8,0.1,0.24,0.61,14,1
Russell Westbrook,2026-03-15,foot,soreness,Out,1.0,2.7,0.7,0.87,0.96,1,1
Seth Curry,2026-03-15,hip_groin,strain,Out,5.0,9.6,0.2,0.4,0.75,8,1
Kristaps Porziņģis,2026-03-15,systemic,illness,Out,1.0,1.4,0.83,0.97,0.99,1,1
De'Anthony Melton,2026-03-15,knee,management,Out,1.0,3.3,0.77,0.88,0.95,1,1
Andrew Nembhard,2026-03-15,lower_leg,contusion,Out,3.0,13.7,0.28,0.51,0.72,3,1
Kevin Porter Jr.,2026-03-15,knee,tendinopathy,Out,1.0,6.5,0.58,0.75,0.87,1,1
Daniel Gafford,2026-03-15,systemic,illness,Out,1.0,1.5,0.7,0.96,1.0,2,1
Isaiah Stewart,2026-03-15,lower_leg,strain,Out,5.0,9.0,0.14,0.34,0.74,13,1
Dalen Terry,2026-03-15,shoulder,tendinopathy,Out,3.0,11.2,0.35,0.54,0.74,1,1
Ben Sheppard,2026-03-15,ankle,sprain,Out,5.0,13.4,0.16,0.42,0.73,1,1
Craig Porter Jr.,2026-03-15,hip_groin,strain,Out,5.0,9.6,0.12,0.33,0.76,7,1
Jaylon Tyson,2026-03-15,ankle,soreness,Out,3.0,6.1,0.29,0.57,0.88,1,1
Ace Bailey,2026-03-15,head_face,concussion,Out,3.0,6.2,0.29,0.59,0.88,1,1
Kawhi Leonard,2026-03-16,ankle,sprain,Out,2.0,4.6,0.39,0.68,0.92,1,1
Dejounte Murray,2026-03-16,systemic,illness,Out,1.0,1.6,0.69,0.96,1.0,1,1
Luke Kornet,2026-03-16,knee,soreness,Out,3.0,8.9,0.31,0.53,0.78,1,1
Caleb Martin,2026-03-16,foot,soreness,Out,4.0,14.0,0.27,0.48,0.7,14,0
Robert Williams III,2026-03-16,knee,management,Out,1.0,1.3,0.9,0.97,0.99,1,1
Terance Mann,2026-03-16,achilles,soreness,Out,3.0,10.0,0.27,0.51,0.78,1,1
Ty Jerome,2026-03-16,shoulder,contusion,Out,3.0,11.5,0.33,0.57,0.76,1,1
Vít Krejčí,2026-03-16,lower_leg,contusion,Out,3.0,10.6,0.29,0.52,0.76,13,1
Leaky Black,2026-03-16,ankle,sprain,Out,3.0,6.3,0.28,0.56,0.88,4,1
Alex Sarr,2026-03-16,hamstring,management,Out,1.0,5.1,0.66,0.8,0.91,2,1
Quinten Post,2026-03-16,foot,management,Out,1.0,1.7,0.86,0.95,0.99,1,1
LJ Cryer,2026-03-16,hamstring,management,Out,1.0,2.8,0.71,0.86,0.96,2,1
Giannis Antetokounmpo,2026-03-17,knee,dislocation,Out,6.0,14.1,0.19,0.38,0.63,15,0
Myles Turner,2026-03-17,lower_leg,strain,Out,6.0,14.6,0.17,0.35,0.67,1,1
Bam Adebayo,2026-03-17,lower_leg,soreness,Out,2.0,4.4,0.48,0.72,0.91,1,1
Grayson Allen,2026-03-17,knee,soreness,Out,1.0,3.6,0.57,0.77,0.94,4,1
Jalen Brunson,2026-03-17,ankle,strain,Out,1.0,2.4,0.57,0.81,0.98,1,1
Trae Young,2026-03-17,quad,contusion,Out,1.0,2.3,0.69,0.88,0.97,15,0
Anthony Edwards,2026-03-17,knee,tendinopathy,Out,1.0,4.2,0.5,0.75,0.92,6,1
Devin Vassell,2026-03-17,ankle,soreness,Out,1.0,1.5,0.79,0.95,1.0,1,1
Micah Potter,2026-03-17,shoulder,strain,Out,8.0,17.5,0.1,0.28,0.6,2,1
Bilal Coulibaly,2026-03-17,unknown,tendinopathy,Out,1.0,4.9,0.59,0.78,0.91,2,1
Aaron Gordon,2026-03-18,hamstring,management,Out,1.0,1.3,0.89,0.96,0.99,1,1
Isaiah Hartenstein,2026-03-18,lower_leg,management,Out,1.0,1.4,0.88,0.96,0.99,1,1
Naz Reid,2026-03-18,ankle,sprain,Out,2.0,3.2,0.42,0.73,0.96,2,1
Obi Toppin,2026-03-18,foot,management,Out,1.0,1.6,0.88,0.96,0.99,1,1
Brandon Williams,2026-03-18,head_face,concussion,Out,3.0,4.7,0.31,0.64,0.92,3,1
Bennedict Mathurin,2026-03-18,foot,recovery,Out,2.0,7.4,0.45,0.68,0.83,4,1
Ben Saraf,2026-03-18,foot,soreness,Out,3.0,8.3,0.26,0.51,0.8,1,1
Jahmai Mashack,2026-03-18,ankle,sprain,Out,3.0,7.5,0.24,0.5,0.84,6,1
Kawhi Leonard,2026-03-19,ankle,sprain,Out,1.0,2.4,0.62,0.85,0.98,1,1
Royce O'Neale,2026-03-19,knee,soreness,Out,1.0,3.3,0.5,0.75,0.95,3,1
Dejounte Murray,2026-03-19,achilles,management,Out,1.0,1.7,0.88,0.96,0.98,1,1
Donovan Mitchell,2026-03-19,head_face,contusion,Out,1.0,2.5,0.52,0.82,0.98,1,1
Wendell Carter Jr.,2026-03-19,back_core,contusion,Out,2.0,4.1,0.48,0.74,0.92,1,1
Haywood Highsmith,2026-03-19,knee,management,Out,1.0,2.1,0.77,0.93,0.98,12,1
Darius Garland,2026-03-19,foot,management,Out,1.0,1.6,0.88,0.96,0.99,1,1
Kevin Porter Jr.,2026-03-19,knee,tendinopathy,Out,4.0,17.7,0.28,0.46,0.66,14,0
John Konchar,2026-03-19,quad,contusion,Out,2.0,8.3,0.38,0.63,0.83,1,1
Jalen Smith,2026-03-19,lower_leg,strain,Out,2.0,9.0,0.42,0.57,0.79,1,1
Cade Cunningham,2026-03-19,unknown,unknown,Out,4.0,7.4,0.22,0.5,0.79,11,1
Jaime Jaquez Jr.,2026-03-19,hip_groin,soreness,Out,3.0,7.1,0.31,0.56,0.84,2,1
Brice Sensabaugh,2026-03-19,systemic,illness,Out,1.0,1.6,0.72,0.95,0.99,2,1
Stephon Castle,2026-03-19,hip_groin,soreness,Out,3.0,6.6,0.32,0.59,0.86,2,1
Isaiah Collier,2026-03-19,hamstring,soreness,Out,1.0,5.4,0.53,0.73,0.89,13,0
Nique Clifford,2026-03-19,hamstring,soreness,Out,2.0,8.4,0.39,0.58,0.81,1,1
Taj Gibson,2026-03-20,foot,soreness,Out,11.0,23.3,0.11,0.25,0.49,1,1
Josh Hart,2026-03-20,knee_ligament,unknown,Out,4.0,13.8,0.24,0.42,0.67,1,1
Kevin Huerter,2026-03-20,shoulder,contusion,Out,1.0,3.4,0.64,0.81,0.93,1,1
Terance Mann,2026-03-20,systemic,illness,Out,2.0,3.1,0.47,0.86,0.96,1,1
Jonathan Kuminga,2026-03-20,knee,management,Out,1.0,2.2,0.83,0.92,0.97,1,1
Marcus Sasser,2026-03-20,hip_groin,soreness,Out,2.0,5.5,0.46,0.66,0.87,3,1
GG Jackson,2026-03-20,knee,soreness,Out,5.0,15.6,0.24,0.44,0.67,1,1
Noah Clowney,2026-03-20,hand_wrist,sprain,Out,12.0,25.0,0.08,0.21,0.48,4,1
Quinten Post,2026-03-20,foot,management,Out,1.0,3.4,0.73,0.87,0.94,1,1
Gary Harris,2026-03-21,hip_groin,contusion,Out,7.0,17.4,0.15,0.34,0.62,3,0
Kristaps Porziņģis,2026-03-21,back_core,soreness,Out,1.0,4.1,0.53,0.76,0.92,1,1
Bobby Portis,2026-03-21,back_core,unknown,Out,5.0,17.7,0.21,0.42,0.64,1,1
Norman Powell,2026-03-21,lower_leg,soreness,Out,2.0,7.0,0.38,0.6,0.82,1,1
Gary Payton II,2026-03-21,hip_groin,contusion,Out,1.0,1.8,0.73,0.91,0.99,1,1
Ivica Zubac,2026-03-21,back_core,fracture,Out,19.0,29.8,0.09,0.18,0.37,12,0
Amir Coffey,2026-03-21,ankle,sprain,Out,7.0,16.6,0.09,0.29,0.61,7,0
Luguentz Dort,2026-03-21,knee,contusion,Out,2.0,5.6,0.36,0.62,0.86,1,1
Ty Jerome,2026-03-21,lower_leg,management,Out,1.0,1.6,0.88,0.96,0.99,1,1
Devin Vassell,2026-03-21,hamstring,soreness,Out,2.0,3.4,0.48,0.77,0.93,1,1
Jalen Johnson,2026-03-21,shoulder,tendinopathy,Out,1.0,3.9,0.61,0.79,0.92,2,1
Jaylon Tyson,2026-03-21,foot,sprain,Out,4.0,9.8,0.22,0.41,0.74,10,1
Tre Johnson,2026-03-21,foot,soreness,Out,3.0,12.5,0.27,0.52,0.74,3,1
Russell Westbrook,2026-03-22,foot,soreness,Out,3.0,10.1,0.31,0.53,0.74,11,0
Jerami Grant,2026-03-22,foot,soreness,Out,2.0,6.4,0.41,0.66,0.86,2,1
Landry Shamet,2026-03-22,knee,soreness,Out,3.0,8.7,0.29,0.56,0.79,5,1
Daeqwon Plowden,2026-03-22,foot,soreness,Out,2.0,7.3,0.35,0.61,0.83,1,1
Isaiah Stevens,2026-03-22,ankle,soreness,Out,18.0,30.9,0.05,0.13,0.37,1,0
Alex Sarr,2026-03-22,foot,tendinopathy,Out,2.0,10.0,0.47,0.65,0.8,2,1
Marcus Smart,2026-03-23,ankle,soreness,Out,1.0,1.8,0.68,0.91,0.99,9,1
Brandon Ingram,2026-03-23,foot,tendinopathy,Out,1.0,2.3,0.69,0.87,0.96,1,1
Jakob Pöltl,2026-03-23,back_core,strain,Out,2.0,5.3,0.48,0.64,0.88,1,1
Guerschon Yabusele,2026-03-23,ankle,sprain,Out,3.0,8.4,0.24,0.51,0.81,1,1
John Collins,2026-03-23,ankle,sprain,Out,3.0,8.8,0.28,0.53,0.8,1,1
Kyle Kuzma,2026-03-23,achilles,soreness,Out,3.0,14.5,0.28,0.51,0.71,4,1
Robert Williams III,2026-03-23,knee,management,Out,1.0,1.4,0.89,0.97,0.99,1,1
Rui Hachimura,2026-03-23,lower_leg,soreness,Out,3.0,6.8,0.27,0.51,0.81,2,1
Quentin Grimes,2026-03-23,systemic,illness,Out,1.0,1.5,0.7,0.95,1.0,1,1
Immanuel Quickley,2026-03-23,foot,tendinopathy,Out,1.0,4.0,0.55,0.76,0.91,8,1
Jalen Suggs,2026-03-23,systemic,illness,Out,1.0,1.9,0.61,0.93,0.99,2,1
Cody Williams,2026-03-23,shoulder,soreness,Out,3.0,9.5,0.34,0.58,0.77,1,1
Cam Spencer,2026-03-23,back_core,soreness,Out,3.0,10.4,0.27,0.5,0.76,1,1
Quinten Post,2026-03-23,foot,management,Out,1.0,4.4,0.63,0.82,0.91,3,1
Danny Wolf,2026-03-23,ankle,sprain,Out,4.0,13.1,0.21,0.43,0.71,11,0
Javon Small,2026-03-23,back_core,soreness,Out,3.0,7.0,0.35,0.6,0.84,1,1
Drake Powell,2026-03-23,knee,management,Out,1.0,1.8,0.84,0.94,0.98,1,1
Pat Connaughton,2026-03-24,systemic,illness,Out,3.0,6.5,0.27,0.63,0.86,1,0
Larry Nance Jr.,2026-03-24,systemic,illness,Out,6.0,10.3,0.12,0.32,0.72,1,0
Killian Hayes,2026-03-24,foot,soreness,Out,6.0,16.6,0.17,0.37,0.59,1,1
Precious Achiuwa,2026-03-24,back_core,soreness,Out,3.0,8.1,0.35,0.58,0.79,1,1
Peyton Watson,2026-03-24,hamstring,management,Out,1.0,1.9,0.8,0.91,0.98,1,1
Ryan Dunn,2026-03-24,hip_groin,soreness,Out,2.0,7.2,0.44,0.63,0.83,1,1
Nique Clifford,2026-03-24,foot,soreness,Out,5.0,14.5,0.2,0.41,0.62,2,1
Aaron Gordon,2026-03-25,hamstring,management,Out,1.0,1.3,0.9,0.97,0.99,1,1
Myles Turner,2026-03-25,lower_leg,soreness,Out,4.0,13.9,0.27,0.47,0.69,1,1
Bobby Portis,2026-03-25,hand_wrist,sprain,Out,12.0,20.8,0.15,0.29,0.49,11,0
De'Aaron Fox,2026-03-25,back_core,soreness,Out,1.0,1.9,0.72,0.89,0.98,1,1
Luke Kornet,2026-03-25,knee,management,Out,1.0,2.4,0.79,0.9,0.96,1,1
Deandre Ayton,2026-03-25,back_core,soreness,Out,2.0,3.7,0.49,0.76,0.93,1,1
Max Strus,2026-03-25,foot,unknown,Out,1.0,2.6,0.67,0.85,0.95,1,1
Daniel Gafford,2026-03-25,shoulder,sprain,Out,7.0,20.9,0.17,0.35,0.55,2,1
Ty Jerome,2026-03-25,ankle,sprain,Out,3.0,7.0,0.32,0.6,0.84,11,0
Dean Wade,2026-03-25,ankle,sprain,Out,1.0,2.6,0.52,0.81,0.97,7,1
Ayo Dosunmu,2026-03-25,lower_leg,soreness,Out,1.0,3.6,0.52,0.76,0.92,2,1
Moses Moody,2026-03-25,knee_ligament,rupture_tear,Out,80.0,64.8,0.03,0.07,0.14,10,0
Jordan Miller,2026-03-25,back_core,soreness,Out,3.0,8.3,0.27,0.52,0.77,1,1
Tristan Vukcevic,2026-03-25,back_core,soreness,Out,3.0,9.1,0.29,0.54,0.78,1,0
Kyle Filipowski,2026-03-25,systemic,illness,Out,1.0,3.0,0.52,0.87,0.96,1,1
Jaylen Wells,2026-03-25,foot,soreness,Out,5.0,16.5,0.19,0.39,0.62,11,0
Malevy Leons,2026-03-25,systemic,illness,Out,2.0,4.0,0.36,0.77,0.93,1,1
Adou Thiero,2026-03-25,knee,soreness,Out,11.0,20.2,0.09,0.22,0.49,3,1
Caris LeVert,2026-03-26,knee,soreness,Out,1.0,5.5,0.53,0.72,0.86,1,1
Duncan Robinson,2026-03-26,hip_groin,management,Out,1.0,1.3,0.89,0.97,1.0,1,1
Trey Murphy III,2026-03-26,ankle,sprain,Out,3.0,9.0,0.26,0.59,0.77,3,1
Liam McNeeley,2026-03-26,systemic,illness,Out,3.0,5.8,0.24,0.65,0.88,1,0
Khris Middleton,2026-03-27,systemic,illness,Out,1.0,2.8,0.55,0.89,0.96,1,1
Dejounte Murray,2026-03-27,achilles,management,Out,1.0,1.8,0.88,0.96,0.98,1,1
Jaylen Brown,2026-03-27,achilles,tendinopathy,Out,1.0,2.8,0.58,0.83,0.95,2,1
De'Anthony Melton,2026-03-27,knee,management,Out,1.0,5.1,0.67,0.83,0.9,1,1
Jock Landale,2026-03-27,shoulder,tendinopathy,Out,2.0,4.6,0.46,0.72,0.89,1,1
Jalen Smith,2026-03-27,lower_leg,strain,Out,15.0,27.1,0.09,0.22,0.41,10,0
Nick Richards,2026-03-27,elbow_arm,sprain,Out,9.0,14.9,0.11,0.27,0.52,10,0
Chet Holmgren,2026-03-27,hip_groin,contusion,Out,2.0,3.2,0.47,0.78,0.94,1,1
Trayce Jackson-Davis,2026-03-27,knee,tendinopathy,Out,10.0,21.5,0.11,0.27,0.5,1,1
Taj Gibson,2026-03-28,foot,soreness,Out,4.0,12.3,0.28,0.48,0.67,4,1
Thanasis Antetokounmpo,2026-03-28,lower_leg,soreness,Out,8.0,15.3,0.11,0.28,0.55,4,1
Guerschon Yabusele,2026-03-28,ankle,sprain,Out,1.0,4.8,0.56,0.75,0.89,1,1
Onyeka Okongwu,2026-03-28,hand_wrist,sprain,Out,2.0,6.5,0.39,0.61,0.82,1,1
Jaden McDaniels,2026-03-28,knee,soreness,Out,2.0,3.5,0.49,0.77,0.93,6,1
Jonathan Kuminga,2026-03-28,knee,management,Out,1.0,1.4,0.89,0.97,0.99,1,1
Dyson Daniels,2026-03-28,foot,sprain,Out,2.0,4.2,0.49,0.74,0.9,1,1
Taylor Hendricks,2026-03-28,hand_wrist,soreness,Out,1.0,7.1,0.53,0.72,0.84,1,1
Cam Spencer,2026-03-28,back_core,soreness,Out,1.0,4.8,0.57,0.76,0.88,1,1
DeMar DeRozan,2026-03-29,hamstring,soreness,Out,1.0,3.5,0.65,0.79,0.91,1,1
Jerami Grant,2026-03-29,lower_leg,strain,Out,3.0,8.4,0.21,0.51,0.77,7,1
Aaron Gordon,2026-03-29,lower_leg,soreness,Out,1.0,3.4,0.58,0.79,0.92,1,1
Myles Turner,2026-03-29,knee_ligament,tendinopathy,Out,2.0,12.4,0.46,0.64,0.74,1,1
Norman Powell,2026-03-29,systemic,illness,Out,1.0,1.9,0.65,0.94,0.98,4,1
Brandon Ingram,2026-03-29,foot,tendinopathy,Out,2.0,6.8,0.41,0.63,0.82,1,1
Malik Monk,2026-03-29,shoulder,contusion,Out,1.0,11.2,0.52,0.65,0.76,1,1
Derrick White,2026-03-29,knee,contusion,Out,1.0,2.7,0.61,0.84,0.96,1,1
Grant Williams,2026-03-29,knee,management,Out,1.0,1.8,0.88,0.96,0.98,1,1
Aaron Nesmith,2026-03-29,neck,strain,Out,4.0,11.3,0.26,0.48,0.68,8,0
Isaiah Jackson,2026-03-29,ankle,sprain,Out,3.0,6.6,0.23,0.57,0.82,8,0
Jalen Wilson,2026-03-29,systemic,illness,Out,2.0,4.1,0.41,0.82,0.92,1,1
Ryan Rollins,2026-03-29,hip_groin,soreness,Out,2.0,6.7,0.46,0.66,0.82,1,1
Josh Minott,2026-03-29,hip_groin,contusion,Out,2.0,8.0,0.32,0.6,0.78,1,1
Jarace Walker,2026-03-29,back_core,contusion,Out,3.0,10.0,0.3,0.52,0.72,4,1
Alex Sarr,2026-03-29,foot,tendinopathy,Out,1.0,10.3,0.5,0.66,0.78,9,0
Jamison Battle,2026-03-29,systemic,illness,Out,2.0,3.9,0.35,0.75,0.93,3,1
Tre Johnson,2026-03-29,foot,sprain,Out,4.0,15.6,0.29,0.47,0.65,1,1
Collin Murray-Boyles,2026-03-29,back_core,soreness,Out,4.0,9.9,0.22,0.45,0.75,1,1
Will Richard,2026-03-29,foot,soreness,Out,3.0,10.9,0.34,0.57,0.72,1,1
Tobias Harris,2026-03-30,hip_groin,management,Out,1.0,1.6,0.84,0.95,0.98,1,1
Jayson Tatum,2026-03-30,achilles,management,Out,1.0,1.2,0.91,0.98,1.0,1,1
Jarrett Allen,2026-03-30,knee,management,Out,1.0,3.4,0.74,0.86,0.94,1,1
Isaiah Hartenstein,2026-03-30,lower_leg,management,Out,1.0,1.3,0.91,0.98,0.99,1,1
Grayson Allen,2026-03-30,knee,management,Out,1.0,2.8,0.8,0.9,0.95,1,1
Marvin Bagley III,2026-03-30,shoulder,tendinopathy,Out,4.0,18.6,0.26,0.46,0.6,3,1
P.J. Washington,2026-03-30,systemic,illness,Out,1.0,2.9,0.57,0.89,0.96,3,1
Jock Landale,2026-03-30,systemic,illness,Out,1.0,1.9,0.61,0.93,0.99,1,1
Duncan Robinson,2026-03-30,hip_groin,management,Out,1.0,1.6,0.83,0.94,0.98,1,1
Max Strus,2026-03-30,foot,management,Out,1.0,2.3,0.8,0.91,0.96,1,1
Neemias Queta,2026-03-30,hand_wrist,sprain,Out,2.0,4.9,0.4,0.66,0.88,1,1
Naji Marshall,2026-03-30,systemic,illness,Out,1.0,2.3,0.59,0.91,0.97,2,1
Jalen Duren,2026-03-30,knee,management,Out,1.0,1.9,0.83,0.93,0.97,1,1
Jalen Williams,2026-03-30,hamstring,management,Out,1.0,1.3,0.9,0.97,0.99,1,1
Ron Harper Jr.,2026-03-30,ankle,sprain,Out,6.0,15.3,0.15,0.33,0.65,1,0
Bilal Coulibaly,2026-03-30,unknown,tendinopathy,Out,2.0,16.7,0.39,0.56,0.68,1,1
Olivier-Maxence Prosper,2026-03-30,hand_wrist,soreness,Out,5.0,14.0,0.23,0.44,0.62,1,1
Elijah Harkless,2026-03-30,hamstring,soreness,Out,3.0,6.9,0.31,0.55,0.79,7,0
Javon Small,2026-03-30,back_core,soreness,Out,3.0,7.9,0.28,0.52,0.77,1,1
Terance Mann,2026-03-31,achilles,soreness,Out,4.0,12.9,0.31,0.49,0.66,1,1
Sam Merrill,2026-03-31,hamstring,management,Out,1.0,1.4,0.87,0.96,0.99,1,1
Joel Embiid,2026-04-01,systemic,illness,Out,1.0,1.7,0.71,0.95,0.99,1,1
Kristaps Porziņģis,2026-04-01,systemic,illness,Out,1.0,2.0,0.78,0.94,0.97,1,1
T.J. McConnell,2026-04-01,hamstring,soreness,Out,6.0,13.3,0.23,0.42,0.63,7,0
Myles Turner,2026-04-01,ankle,sprain,Out,1.0,5.5,0.51,0.72,0.86,1,1
Brandon Ingram,2026-04-01,foot,tendinopathy,Out,1.0,1.9,0.81,0.92,0.98,1,1
Taurean Prince,2026-04-01,neck,surgery,Out,1.0,3.6,0.65,0.81,0.91,1,1
Gary Payton II,2026-04-01,knee,management,Out,1.0,4.0,0.74,0.86,0.92,1,1
Kyle Kuzma,2026-04-01,achilles,tendinopathy,Out,2.0,10.0,0.48,0.65,0.77,1,1
Luke Kornet,2026-04-01,knee,management,Out,1.0,2.1,0.83,0.92,0.97,1,1
Jalen Brunson,2026-04-01,ankle,soreness,Out,1.0,1.5,0.79,0.95,0.99,1,1
De'Anthony Melton,2026-04-01,hand_wrist,strain,Out,10.0,17.8,0.16,0.32,0.53,1,1
Mitchell Robinson,2026-04-01,ankle,management,Out,1.0,1.4,0.88,0.96,0.99,1,1
Andrew Nembhard,2026-04-01,back_core,management,Out,1.0,8.0,0.62,0.76,0.84,7,0
Zeke Nnaji,2026-04-01,hip_groin,sprain,Out,11.0,22.3,0.08,0.21,0.49,2,0
Miles McBride,2026-04-01,hip_groin,management,Out,1.0,1.5,0.83,0.94,0.99,1,1
Josh Giddey,2026-04-01,hamstring,soreness,Out,3.0,10.9,0.36,0.55,0.72,1,1
Gui Santos,2026-04-01,hip_groin,contusion,Out,2.0,4.7,0.42,0.68,0.87,1,1
Ryan Rollins,2026-04-01,hip_groin,strain,Out,2.0,6.6,0.39,0.61,0.81,2,1
Taylor Hendricks,2026-04-01,hand_wrist,soreness,Out,9.0,20.5,0.19,0.37,0.54,1,1
Quinten Post,2026-04-01,foot,management,Out,1.0,8.3,0.55,0.71,0.81,7,0
Spencer Jones,2026-04-01,hamstring,strain,Out,7.0,11.3,0.13,0.31,0.68,6,1
Seth Curry,2026-04-02,hip_groin,management,Out,1.0,2.2,0.8,0.92,0.97,1,1
Alex Caruso,2026-04-02,systemic,illness,Out,1.0,1.7,0.68,0.93,0.99,1,1
Anthony Edwards,2026-04-02,knee_ligament,illness,Out,2.0,3.8,0.47,0.8,0.92,1,1
Karlo Matković,2026-04-02,back_core,soreness,Out,4.0,9.3,0.29,0.48,0.73,6,0
Victor Wembanyama,2026-04-02,ankle,management,Out,1.0,1.5,0.86,0.95,0.99,1,1
PJ Hall,2026-04-02,ankle,soreness,Out,12.0,24.5,0.08,0.2,0.46,6,0
Karl-Anthony Towns,2026-04-03,elbow_arm,tendinopathy,Out,2.0,4.7,0.42,0.7,0.87,1,1
Dejounte Murray,2026-04-03,achilles,management,Out,1.0,2.7,0.83,0.92,0.95,5,0
Gary Trent Jr.,2026-04-03,hip_groin,contusion,Out,4.0,10.5,0.25,0.49,0.71,3,1
Jock Landale,2026-04-03,ankle,sprain,Out,3.0,6.4,0.25,0.51,0.83,11,0
Grant Williams,2026-04-03,knee,management,Out,1.0,2.6,0.84,0.92,0.96,1,1
Moussa Diabaté,2026-04-03,ankle,soreness,Out,1.0,4.2,0.55,0.76,0.9,1,1
Olivier-Maxence Prosper,2026-04-03,back_core,soreness,Out,4.0,10.7,0.28,0.48,0.7,1,1
Cam Spencer,2026-04-03,back_core,soreness,Out,7.0,12.1,0.24,0.43,0.66,2,1
Walter Clayton Jr.,2026-04-03,hip_groin,soreness,Out,5.0,12.5,0.25,0.45,0.66,1,1
Chucky Hepburn,2026-04-03,knee,surgery,Out,47.0,53.8,0.02,0.06,0.18,6,0
Joel Embiid,2026-04-04,back_core,illness,Out,1.0,1.3,0.87,0.98,1.0,1,1
Peyton Watson,2026-04-04,hamstring,strain,Out,7.0,10.2,0.11,0.27,0.68,11,0
Tristan Vukcevic,2026-04-04,knee,contusion,Out,4.0,13.9,0.29,0.48,0.65,6,0
David Jones Garcia,2026-04-04,ankle,surgery,Out,26.0,41.9,0.04,0.11,0.28,5,0
Pascal Siakam,2026-04-05,ankle,sprain,Out,6.0,10.8,0.24,0.43,0.71,5,0
Jarrett Allen,2026-04-05,knee,management,Out,1.0,3.6,0.75,0.86,0.93,1,1
Luka Dončić,2026-04-05,hamstring,strain,Out,5.0,7.3,0.19,0.41,0.79,15,0
Terance Mann,2026-04-05,knee_ligament,soreness,Out,14.0,25.2,0.15,0.26,0.44,5,0
Nic Claxton,2026-04-05,hand_wrist,soreness,Out,8.0,15.6,0.22,0.37,0.57,5,0
Anthony Edwards,2026-04-05,knee_ligament,soreness,Out,2.0,8.0,0.37,0.58,0.78,2,0
Sam Merrill,2026-04-05,hamstring,management,Out,1.0,2.3,0.76,0.87,0.96,1,1
Trey Murphy III,2026-04-05,ankle,sprain,Out,6.0,9.9,0.23,0.37,0.71,4,0
Ziaire Williams,2026-04-05,foot,soreness,Out,6.0,9.9,0.24,0.42,0.69,5,0
Justin Champagnie,2026-04-05,knee,contusion,Out,2.0,6.9,0.47,0.66,0.82,1,1
Austin Reaves,2026-04-05,back_core,strain,Out,4.0,6.9,0.21,0.45,0.8,9,1
Josh Giddey,2026-04-05,hamstring,strain,Out,9.0,18.4,0.19,0.3,0.54,5,0
Evan Mobley,2026-04-05,lower_leg,management,Out,1.0,2.6,0.75,0.87,0.95,1,1
GG Jackson,2026-04-05,knee,soreness,Out,8.0,19.4,0.26,0.4,0.57,1,1
Jett Howard,2026-04-05,ankle,sprain,Out,6.0,13.6,0.14,0.34,0.68,5,0
Noah Clowney,2026-04-05,ankle,soreness,Out,8.0,18.8,0.19,0.35,0.58,5,0
Bilal Coulibaly,2026-04-05,unknown,tendinopathy,Out,3.0,16.3,0.38,0.52,0.66,1,1
Ben Sheppard,2026-04-05,hip_groin,sprain,Out,8.0,13.9,0.15,0.3,0.61,5,0
Matas Buzelis,2026-04-05,systemic,illness,Out,2.0,3.5,0.49,0.81,0.93,3,1
Tre Johnson,2026-04-05,foot,sprain,Out,7.0,17.8,0.27,0.42,0.6,5,0
Ben Saraf,2026-04-05,back_core,soreness,Out,6.0,11.2,0.23,0.41,0.68,1,1
Cedric Coward,2026-04-05,back_core,soreness,Out,6.0,13.7,0.3,0.46,0.67,1,1
Javon Small,2026-04-05,quad,contusion,Out,4.0,9.8,0.31,0.49,0.73,4,1
Jahmai Mashack,2026-04-05,head_face,unknown,Out,6.0,8.5,0.22,0.44,0.75,2,1
LJ Cryer,2026-04-05,systemic,illness,Out,2.0,4.0,0.42,0.74,0.91,2,1
Taj Gibson,2026-04-06,foot,management,Out,2.0,9.9,0.45,0.55,0.73,1,1
Tobias Harris,2026-04-06,knee,contusion,Out,1.0,4.1,0.6,0.77,0.91,1,1
Cameron Payne,2026-04-06,hamstring,strain,Out,9.0,12.2,0.08,0.19,0.59,2,0
Caris LeVert,2026-04-06,knee,management,Out,1.0,4.5,0.65,0.79,0.9,1,1
Donovan Mitchell,2026-04-06,ankle,sprain,Out,1.0,2.6,0.57,0.8,0.97,1,1
Thomas Bryant,2026-04-06,lower_leg,strain,Out,3.0,5.3,0.37,0.57,0.87,6,1
Duncan Robinson,2026-04-06,hip_groin,strain,Out,5.0,6.6,0.19,0.42,0.82,1,1
Max Strus,2026-04-06,foot,management,Out,1.0,1.2,0.92,0.98,1.0,1,1
Franz Wagner,2026-04-06,ankle,sprain,Out,1.0,4.3,0.55,0.73,0.91,1,1
Taylor Hendricks,2026-04-06,hand_wrist,sprain,Out,12.0,22.7,0.12,0.2,0.45,1,1
LeBron James,2026-04-07,foot,management,Questionable,1.0,1.6,0.82,0.95,0.99,1,1
DeMar DeRozan,2026-04-07,hamstring,soreness,Questionable,4.0,7.5,0.32,0.38,0.8,3,0
Kristaps Porziņģis,2026-04-07,knee,soreness,Questionable,2.0,8.2,0.42,0.59,0.79,2,1
Myles Turner,2026-04-07,ankle,sprain,Out,6.0,11.7,0.22,0.32,0.69,1,0
Kyle Kuzma,2026-04-07,achilles,tendinopathy,Out,8.0,18.3,0.26,0.35,0.58,1,0
Coby White,2026-04-07,hip_groin,soreness,Probable,4.0,9.8,0.37,0.44,0.75,1,1
Daniel Gafford,2026-04-07,shoulder,tendinopathy,Doubtful,4.0,15.4,0.37,0.5,0.67,4,0
Brandon Williams,2026-04-07,systemic,illness,Questionable,1.0,2.7,0.62,0.81,0.96,4,0
Gui Santos,2026-04-07,hip_groin,contusion,Out,5.0,6.9,0.3,0.43,0.8,2,1
Nikola Jović,2026-04-07,ankle,sprain,Out,13.0,26.6,0.08,0.18,0.44,4,0
Jalen Williams,2026-04-07,hamstring,management,Out,1.0,1.8,0.83,0.92,0.98,1,1
Ryan Rollins,2026-04-07,hip_groin,strain,Out,7.0,11.1,0.19,0.28,0.66,1,1
Ace Bailey,2026-04-07,knee,contusion,Questionable,2.0,5.7,0.45,0.54,0.86,1,1
Victor Wembanyama,2026-04-08,back_core,contusion,Doubtful,2.0,4.3,0.44,0.72,0.91,1,1
GG Jackson,2026-04-08,knee,soreness,Out,14.0,26.5,0.09,0.13,0.43,3,0
Olivier-Maxence Prosper,2026-04-08,ankle,soreness,Doubtful,6.0,12.4,0.2,0.27,0.69,3,0
Stephon Castle,2026-04-08,knee,soreness,Doubtful,2.0,5.0,0.48,0.76,0.9,2,1
Cam Spencer,2026-04-08,back_core,soreness,Out,9.0,17.5,0.09,0.14,0.54,3,0
Stephen Curry,2026-04-09,knee,management,Questionable,1.0,4.5,0.59,0.66,0.89,1,1
Jaylen Brown,2026-04-09,achilles,tendinopathy,Questionable,1.0,2.5,0.62,0.85,0.96,1,1
Jaxson Hayes,2026-04-09,foot,soreness,Out,3.0,6.4,0.35,0.57,0.83,3,1
Isaac Okoro,2026-04-09,quad,contusion,Out,8.0,16.7,0.14,0.2,0.59,3,0
Dru Smith,2026-04-09,foot,soreness,Questionable,5.0,8.2,0.25,0.34,0.77,3,0
Jaden Hardy,2026-04-09,back_core,soreness,Questionable,5.0,8.6,0.24,0.32,0.77,1,0
Josh Minott,2026-04-09,ankle,soreness,Out,8.0,16.3,0.13,0.18,0.59,3,0
Bilal Coulibaly,2026-04-09,unknown,tendinopathy,Questionable,7.0,19.4,0.2,0.26,0.58,1,1
Kobe Brown,2026-04-09,back_core,sprain,Questionable,4.0,6.2,0.32,0.43,0.85,1,1
Tyler Kolek,2026-04-09,back_core,strain,Questionable,4.0,10.5,0.21,0.46,0.75,3,0
Will Richard,2026-04-09,back_core,strain,Doubtful,5.0,9.2,0.24,0.33,0.76,1,1
Aaron Gordon,2026-04-10,hamstring,management,Questionable,1.0,2.4,0.68,0.88,0.96,2,1
Julius Randle,2026-04-10,hand_wrist,soreness,Questionable,2.0,3.3,0.49,0.8,0.94,2,1
Nikola Jokić,2026-04-10,hand_wrist,management,Questionable,1.0,1.8,0.73,0.92,0.98,1,1
Devin Booker,2026-04-10,ankle,management,Out,1.0,3.2,0.65,0.81,0.94,2,1
Jamal Murray,2026-04-10,shoulder,tendinopathy,Questionable,1.0,2.2,0.6,0.89,0.98,2,1
Donovan Mitchell,2026-04-10,ankle,management,Out,1.0,2.2,0.7,0.88,0.97,2,1
Jarrett Allen,2026-04-10,knee,management,Out,1.0,5.4,0.6,0.77,0.88,2,1
Isaiah Hartenstein,2026-04-10,lower_leg,management,Out,1.0,3.3,0.64,0.82,0.93,2,1
Shai Gilgeous-Alexander,2026-04-10,back_core,management,Out,1.0,2.4,0.67,0.85,0.96,2,1
Gary Trent Jr.,2026-04-10,back_core,strain,Out,11.0,21.6,0.04,0.13,0.49,2,0
P.J. Washington,2026-04-10,elbow_arm,sprain,Doubtful,5.0,11.3,0.13,0.36,0.71,2,0
Zion Williamson,2026-04-10,knee,management,Out,8.0,20.9,0.18,0.32,0.56,2,0
Cameron Johnson,2026-04-10,ankle,management,Questionable,1.0,1.9,0.72,0.92,0.98,2,1
Isaiah Joe,2026-04-10,knee,soreness,Out,3.0,5.8,0.34,0.6,0.85,2,1
Jalen Green,2026-04-10,knee,soreness,Questionable,3.0,6.3,0.33,0.63,0.85,2,1
Naji Marshall,2026-04-10,hip_groin,contusion,Doubtful,4.0,8.3,0.11,0.39,0.79,2,0
Sam Merrill,2026-04-10,hamstring,management,Out,1.0,3.0,0.59,0.79,0.94,2,1
Bones Hyland,2026-04-10,hip_groin,soreness,Questionable,1.0,1.8,0.63,0.92,1.0,2,1
Jordan Goodwin,2026-04-10,ankle,sprain,Out,5.0,9.2,0.13,0.36,0.76,2,1
Chet Holmgren,2026-04-10,back_core,soreness,Out,2.0,4.3,0.39,0.66,0.9,2,1
Jalen Williams,2026-04-10,hamstring,management,Out,1.0,2.5,0.69,0.86,0.96,2,1
Jaylin Williams,2026-04-10,achilles,tendinopathy,Out,4.0,9.6,0.19,0.43,0.73,2,1
Christian Braun,2026-04-10,ankle,strain,Questionable,1.0,2.1,0.62,0.89,0.98,2,1
Taylor Hendricks,2026-04-10,hand_wrist,sprain,Out,18.0,31.6,0.03,0.1,0.36,2,0
Cason Wallace,2026-04-10,foot,soreness,Out,3.0,6.9,0.25,0.53,0.82,2,1
Kyle Filipowski,2026-04-10,back_core,management,Out,4.0,11.2,0.22,0.41,0.72,2,0
Yves Missi,2026-04-10,hand_wrist,sprain,Out,13.0,22.6,0.04,0.13,0.43,2,0
Ajay Mitchell,2026-04-10,ankle,management,Out,1.0,3.3,0.62,0.81,0.94,2,1
Walter Clayton Jr.,2026-04-10,hip_groin,soreness,Questionable,5.0,11.3,0.1,0.34,0.71,2,0
Cedric Coward,2026-04-10,back_core,soreness,Out,12.0,25.0,0.04,0.16,0.47,2,0
Kawhi Leonard,2026-04-12,ankle,sprain,Questionable,3.0,4.2,0.06,0.68,0.93,1,0
Nikola Vučević,2026-04-12,hand_wrist,fracture,Doubtful,2.0,6.1,0.41,0.65,0.82,1,1
Draymond Green,2026-04-12,back_core,management,Questionable,3.0,7.2,0.08,0.58,0.84,1,0
Tim Hardaway Jr.,2026-04-12,knee,soreness,Out,3.0,8.2,0.3,0.57,0.79,1,1
Gary Harris,2026-04-12,hip_groin,soreness,Questionable,7.0,15.4,0.03,0.3,0.62,1,0
Kyle Anderson,2026-04-12,knee,management,Out,1.0,5.3,0.6,0.77,0.88,1,1
Joel Embiid,2026-04-12,systemic,surgery,Out,2.0,3.7,0.42,0.76,0.92,4,1
Karl-Anthony Towns,2026-04-12,elbow_arm,management,Out,1.0,3.0,0.62,0.82,0.94,1,1
Myles Turner,2026-04-12,ankle,sprain,Out,5.0,11.3,0.02,0.32,0.71,1,0
Royce O'Neale,2026-04-12,knee,management,Out,1.0,4.3,0.62,0.8,0.91,1,1
Jaylen Brown,2026-04-12,achilles,tendinopathy,Out,2.0,4.6,0.41,0.71,0.89,1,1
Guerschon Yabusele,2026-04-12,shoulder,sprain,Out,13.0,26.4,0.01,0.16,0.44,1,0
Jayson Tatum,2026-04-12,achilles,surgery,Out,7.0,18.0,0.26,0.4,0.56,1,1
OG Anunoby,2026-04-12,ankle,sprain,Out,4.0,8.3,0.16,0.41,0.76,1,1
Kyle Kuzma,2026-04-12,achilles,tendinopathy,Out,8.0,17.6,0.02,0.28,0.58,1,0
Derrick White,2026-04-12,knee,contusion,Out,2.0,5.2,0.34,0.63,0.87,1,1
Josh Hart,2026-04-12,ankle,management,Out,1.0,2.1,0.71,0.89,0.97,1,1
Dillon Brooks,2026-04-12,hand_wrist,management,Out,1.0,2.8,0.69,0.86,0.95,1,1
Luke Kornet,2026-04-12,shoulder,soreness,Out,2.0,4.8,0.33,0.65,0.89,1,1
Grayson Allen,2026-04-12,hamstring,soreness,Out,7.0,12.8,0.14,0.32,0.64,3,1
Marvin Bagley III,2026-04-12,shoulder,tendinopathy,Doubtful,7.0,20.2,0.03,0.34,0.59,1,0
Jalen Brunson,2026-04-12,ankle,management,Out,1.0,2.2,0.69,0.88,0.97,1,1
Mitchell Robinson,2026-04-12,ankle,management,Out,1.0,4.1,0.61,0.8,0.92,1,1
Landry Shamet,2026-04-12,knee,management,Out,1.0,7.1,0.56,0.73,0.84,1,1
Nickeil Alexander-Walker,2026-04-12,foot,sprain,Questionable,1.0,2.3,0.53,0.86,0.98,1,1
Neemias Queta,2026-04-12,foot,sprain,Out,6.0,9.7,0.12,0.35,0.69,1,1
Naz Reid,2026-04-12,shoulder,management,Out,1.0,4.1,0.61,0.8,0.91,1,1
Dean Wade,2026-04-12,ankle,management,Out,1.0,2.6,0.71,0.88,0.96,1,1
Anthony Edwards,2026-04-12,knee,management,Out,1.0,5.1,0.59,0.75,0.87,1,1
Onyeka Okongwu,2026-04-12,hand_wrist,sprain,Questionable,2.0,2.9,0.48,0.82,0.95,1,1
Jaden McDaniels,2026-04-12,knee,management,Out,1.0,4.0,0.61,0.78,0.9,1,1
Payton Pritchard,2026-04-12,foot,tendinopathy,Doubtful,1.0,1.6,0.66,0.94,1.0,1,1
Jonathan Kuminga,2026-04-12,knee,management,Questionable,1.0,2.7,0.68,0.87,0.95,1,1
Ayo Dosunmu,2026-04-12,lower_leg,management,Out,1.0,3.6,0.59,0.78,0.92,1,1
Sam Hauser,2026-04-12,back_core,soreness,Doubtful,1.0,2.4,0.53,0.85,0.98,1,1
Evan Mobley,2026-04-12,lower_leg,management,Out,1.0,3.9,0.59,0.78,0.9,1,1
Dyson Daniels,2026-04-12,foot,sprain,Questionable,2.0,3.4,0.45,0.78,0.93,1,1
Jalen Duren,2026-04-12,knee,management,Out,1.0,3.4,0.64,0.83,0.93,1,1
Mark Williams,2026-04-12,foot,management,Questionable,1.0,1.9,0.73,0.92,0.98,5,0
Ryan Rollins,2026-04-12,hand_wrist,sprain,Out,11.0,19.1,0.01,0.19,0.49,1,0
Keon Ellis,2026-04-12,knee,contusion,Out,3.0,7.3,0.27,0.56,0.81,1,1
Collin Gillespie,2026-04-12,shoulder,contusion,Questionable,2.0,4.0,0.42,0.75,0.92,1,1
Pete Nance,2026-04-12,knee,sprain,Questionable,4.0,13.2,0.04,0.41,0.69,1,0
Simone Fontecchio,2026-04-12,ankle,soreness,Probable,3.0,4.1,0.05,0.68,0.94,1,0
Victor Wembanyama,2026-04-12,unknown,soreness,Questionable,2.0,3.6,0.48,0.8,0.94,1,1
Jarace Walker,2026-04-12,foot,sprain,Questionable,4.0,8.9,0.03,0.43,0.74,1,0
Bilal Coulibaly,2026-04-12,unknown,tendinopathy,Out,11.0,23.8,0.01,0.22,0.49,1,0
Matas Buzelis,2026-04-12,ankle,sprain,Out,7.0,13.7,0.01,0.25,0.63,1,0
Adama Bal,2026-04-12,ankle,sprain,Questionable,3.0,5.8,0.05,0.6,0.89,1,0
Nolan Traore,2026-04-12,systemic,illness,Doubtful,2.0,5.0,0.05,0.71,0.92,1,0
LJ Cryer,2026-04-12,ankle,sprain,Out,6.0,11.2,0.01,0.27,0.69,1,0
Hugo Gonzalez,2026-04-12,foot,soreness,Questionable,37.0,48.5,0.03,0.09,0.25,1,0
Kevin Durant,2026-04-18,knee,contusion,Questionable,1.0,2.2,0.53,0.86,0.98,1,1
Immanuel Quickley,2026-04-18,hamstring,strain,Out,7.0,9.3,0.09,0.24,0.7,7,0
Jordan McLaughlin,2026-04-19,ankle,sprain,Out,7.0,13.0,0.09,0.27,0.63,3,1
Jordan Goodwin,2026-04-22,lower_leg,soreness,Questionable,2.0,5.1,0.32,0.64,0.87,3,0
Aaron Gordon,2026-04-23,lower_leg,soreness,Probable,1.0,2.3,0.65,0.88,0.97,1,1
Terrence Shannon Jr.,2026-04-23,systemic,illness,Questionable,2.0,3.5,0.33,0.71,0.95,1,1
Jaylen Clark,2026-04-23,systemic,illness,Questionable,2.0,4.0,0.3,0.66,0.93,1,0
Kevin Durant,2026-04-24,ankle,sprain,Questionable,1.0,1.6,0.68,0.93,1.0,4,0
Victor Wembanyama,2026-04-24,head_face,concussion,Questionable,2.0,2.6,0.47,0.83,0.97,1,1
Jalen Williams,2026-04-25,hamstring,strain,Out,4.0,6.0,0.25,0.49,0.83,6,1
Aaron Gordon,2026-04-27,lower_leg,soreness,Questionable,2.0,4.0,0.44,0.75,0.91,2,0
Donte DiVincenzo,2026-04-27,achilles,surgery,Out,46.0,52.5,0.04,0.09,0.2,8,0
Anthony Edwards,2026-04-27,knee,contusion,Out,3.0,7.6,0.36,0.57,0.79,2,1
Kevin Huerter,2026-04-29,hip_groin,strain,Questionable,2.0,4.2,0.33,0.69,0.91,7,1
Franz Wagner,2026-04-29,lower_leg,strain,Questionable,2.0,4.3,0.41,0.71,0.9,3,0
Ayo Dosunmu,2026-04-30,lower_leg,soreness,Questionable,1.0,2.0,0.64,0.89,0.98,2,1
Brandon Ingram,2026-05-01,foot,tendinopathy,Doubtful,1.0,3.2,0.51,0.79,0.94,2,0
Jeremy Sochan,2026-05-04,hamstring,soreness,Probable,3.0,5.5,0.25,0.56,0.86,1,0
Carter Bryant,2026-05-04,foot,sprain,Questionable,2.0,3.2,0.42,0.8,0.95,1,1
Joel Embiid,2026-05-06,ankle,sprain,Probable,1.0,3.1,0.51,0.81,0.95,1,1
Jarred Vanderbilt,2026-05-07,hand_wrist,dislocation,Doubtful,3.0,7.7,0.28,0.57,0.8,2,1
Sam Merrill,2026-05-07,hamstring,strain,Questionable,2.0,3.4,0.38,0.73,0.94,1,1
OG Anunoby,2026-05-08,hamstring,strain,Questionable,1.0,2.3,0.53,0.85,0.98,2,1
Duncan Robinson,2026-05-13,back_core,soreness,Out,1.0,2.0,0.59,0.88,0.99,1,1
Larry Nance Jr.,2026-05-15,systemic,illness,Out,6.0,10.5,0.13,0.34,0.71,2,0
De'Aaron Fox,2026-05-18,ankle,soreness,Out,1.0,1.8,0.64,0.9,0.99,2,1
Jalen Williams,2026-05-22,hamstring,soreness,Out,2.0,4.4,0.37,0.65,0.9,3,1
Ajay Mitchell,2026-05-24,lower_leg,strain,Out,5.0,8.2,0.14,0.34,0.74,4,0
Dennis Schröder,2026-05-25,systemic,illness,Out,1.0,1.7,0.6,0.94,1.0,1,0
Jalen Williams,2026-05-30,hamstring,strain,Out,3.0,4.9,0.36,0.58,0.88,1,0
